캠페인,비즈채널명,시작일,디바이스,노출수,클릭수,비용
0-굿리치몰(보장분석) _C16,굿리치몰,2026-01-05,모바일,0,0,0
0-굿리치몰(보장분석) _C16,굿리치몰,2026-01-05,PC,1,0,0
0-굿리치몰_C01,굿리치몰,2026-01-05,모바일,82,1,"1,380"
0-굿리치몰_C01,굿리치몰,2026-01-05,PC,216,0,0
2-굿리치몰 실비보험_C02,굿리치몰 실비보험,2026-01-05,모바일,13,0,0
2-굿리치몰 실비보험_C02,굿리치몰 실비보험,2026-01-05,PC,17,0,0
3-굿리치몰 암보험_C03,굿리치몰,2026-01-05,모바일,52,2,"24,610"
3-굿리치몰 암보험_C03,굿리치몰,2026-01-05,PC,20,0,0
4-굿리치몰 치아보험_C04,굿리치몰 치아보험,2026-01-05,모바일,25,2,"4,240"
4-굿리치몰 치아보험_C04,굿리치몰 치아보험,2026-01-05,PC,10,0,0
5-굿리치몰 치매간병보험_C07,굿리치몰 치매보험,2026-01-05,모바일,17,0,0
5-굿리치몰 치매간병보험_C07,굿리치몰 치매보험,2026-01-05,PC,23,0,0
6-굿리치몰 어린이보험_C06,굿리치몰 어린이보험,2026-01-05,모바일,1,0,0
6-굿리치몰 어린이보험_C06,굿리치몰 어린이보험,2026-01-05,PC,1,0,0
0-굿리치몰(보장분석) _C16,굿리치몰,2026-01-06,모바일,1,0,0
0-굿리치몰(보장분석) _C16,굿리치몰,2026-01-06,PC,1,0,0
0-굿리치몰_C01,굿리치몰,2026-01-06,모바일,165,2,"11,020"
0-굿리치몰_C01,굿리치몰,2026-01-06,PC,638,2,"9,520"
2-굿리치몰 실비보험_C02,굿리치몰 실비보험,2026-01-06,모바일,41,0,0
2-굿리치몰 실비보험_C02,굿리치몰 실비보험,2026-01-06,PC,48,0,0
3-굿리치몰 암보험_C03,굿리치몰,2026-01-06,모바일,114,2,"24,550"
3-굿리치몰 암보험_C03,굿리치몰,2026-01-06,PC,92,0,0
4-굿리치몰 치아보험_C04,굿리치몰 치아보험,2026-01-06,모바일,47,2,"2,760"
4-굿리치몰 치아보험_C04,굿리치몰 치아보험,2026-01-06,PC,18,0,0
5-굿리치몰 치매간병보험_C07,굿리치몰 치매보험,2026-01-06,모바일,32,0,0
5-굿리치몰 치매간병보험_C07,굿리치몰 치매보험,2026-01-06,PC,59,0,0
6-굿리치몰 어린이보험_C06,굿리치몰 어린이보험,2026-01-06,모바일,7,0,0
6-굿리치몰 어린이보험_C06,굿리치몰 어린이보험,2026-01-06,PC,6,0,0
0-굿리치몰(보장분석) _C16,굿리치몰,2026-01-07,모바일,1,0,0
0-굿리치몰(보장분석) _C16,굿리치몰,2026-01-07,PC,4,0,0
0-굿리치몰_C01,굿리치몰,2026-01-07,모바일,179,3,"38,710"
0-굿리치몰_C01,굿리치몰,2026-01-07,PC,631,1,"15,940"
2-굿리치몰 실비보험_C02,굿리치몰 실비보험,2026-01-07,모바일,22,0,0
2-굿리치몰 실비보험_C02,굿리치몰 실비보험,2026-01-07,PC,38,0,0
3-굿리치몰 암보험_C03,굿리치몰,2026-01-07,모바일,105,5,"62,620"
3-굿리치몰 암보험_C03,굿리치몰,2026-01-07,PC,39,0,0
4-굿리치몰 치아보험_C04,굿리치몰 치아보험,2026-01-07,모바일,42,0,0
4-굿리치몰 치아보험_C04,굿리치몰 치아보험,2026-01-07,PC,38,0,0
5-굿리치몰 치매간병보험_C07,굿리치몰 치매보험,2026-01-07,모바일,39,1,"2,830"
5-굿리치몰 치매간병보험_C07,굿리치몰 치매보험,2026-01-07,PC,87,0,0
6-굿리치몰 어린이보험_C06,굿리치몰 어린이보험,2026-01-07,모바일,2,0,0
6-굿리치몰 어린이보험_C06,굿리치몰 어린이보험,2026-01-07,PC,2,0,0
0-굿리치몰(보장분석) _C16,굿리치몰,2026-01-08,모바일,2,0,0
0-굿리치몰(보장분석) _C16,굿리치몰,2026-01-08,PC,1,0,0
0-굿리치몰_C01,굿리치몰,2026-01-08,모바일,176,3,"20,770"
0-굿리치몰_C01,굿리치몰,2026-01-08,PC,617,2,"14,120"
2-굿리치몰 실비보험_C02,굿리치몰 실비보험,2026-01-08,모바일,35,2,"14,280"
2-굿리치몰 실비보험_C02,굿리치몰 실비보험,2026-01-08,PC,40,1,"2,290"
3-굿리치몰 암보험_C03,굿리치몰,2026-01-08,모바일,127,12,"144,710"
3-굿리치몰 암보험_C03,굿리치몰,2026-01-08,PC,30,1,"12,010"
4-굿리치몰 치아보험_C04,굿리치몰 치아보험,2026-01-08,모바일,55,0,0
4-굿리치몰 치아보험_C04,굿리치몰 치아보험,2026-01-08,PC,26,0,0
5-굿리치몰 치매간병보험_C07,굿리치몰 치매보험,2026-01-08,모바일,30,4,"8,880"
5-굿리치몰 치매간병보험_C07,굿리치몰 치매보험,2026-01-08,PC,81,0,0
6-굿리치몰 어린이보험_C06,굿리치몰 어린이보험,2026-01-08,모바일,3,0,0
6-굿리치몰 어린이보험_C06,굿리치몰 어린이보험,2026-01-08,PC,5,0,0
0-굿리치몰(보장분석) _C16,굿리치몰,2026-01-09,모바일,1,0,0
0-굿리치몰(보장분석) _C16,굿리치몰,2026-01-09,PC,1,0,0
0-굿리치몰_C01,굿리치몰,2026-01-09,모바일,169,0,0
0-굿리치몰_C01,굿리치몰,2026-01-09,PC,639,1,"2,010"
2-굿리치몰 실비보험_C02,굿리치몰 실비보험,2026-01-09,모바일,29,0,0
2-굿리치몰 실비보험_C02,굿리치몰 실비보험,2026-01-09,PC,39,1,"3,510"
3-굿리치몰 암보험_C03,굿리치몰,2026-01-09,모바일,110,2,"24,020"
3-굿리치몰 암보험_C03,굿리치몰,2026-01-09,PC,58,0,0
4-굿리치몰 치아보험_C04,굿리치몰 치아보험,2026-01-09,모바일,36,1,"1,380"
4-굿리치몰 치아보험_C04,굿리치몰 치아보험,2026-01-09,PC,29,1,"2,010"
5-굿리치몰 치매간병보험_C07,굿리치몰 치매보험,2026-01-09,모바일,24,2,"5,880"
5-굿리치몰 치매간병보험_C07,굿리치몰 치매보험,2026-01-09,PC,59,0,0
6-굿리치몰 어린이보험_C06,굿리치몰 어린이보험,2026-01-09,모바일,4,0,0
6-굿리치몰 어린이보험_C06,굿리치몰 어린이보험,2026-01-09,PC,19,0,0
0-굿리치몰(보장분석) _C16,굿리치몰,2026-01-10,모바일,0,0,0
0-굿리치몰_C01,굿리치몰,2026-01-10,모바일,94,1,"1,380"
0-굿리치몰_C01,굿리치몰,2026-01-10,PC,114,1,"5,310"
2-굿리치몰 실비보험_C02,굿리치몰 실비보험,2026-01-10,모바일,25,2,"8,020"
2-굿리치몰 실비보험_C02,굿리치몰 실비보험,2026-01-10,PC,10,0,0
3-굿리치몰 암보험_C03,굿리치몰,2026-01-10,모바일,104,7,"61,060"
3-굿리치몰 암보험_C03,굿리치몰,2026-01-10,PC,49,1,"4,440"
4-굿리치몰 치아보험_C04,굿리치몰 치아보험,2026-01-10,모바일,44,1,"4,510"
4-굿리치몰 치아보험_C04,굿리치몰 치아보험,2026-01-10,PC,4,0,0
5-굿리치몰 치매간병보험_C07,굿리치몰 치매보험,2026-01-10,모바일,61,1,"2,000"
5-굿리치몰 치매간병보험_C07,굿리치몰 치매보험,2026-01-10,PC,4,1,"1,010"
6-굿리치몰 어린이보험_C06,굿리치몰 어린이보험,2026-01-10,모바일,0,0,0
6-굿리치몰 어린이보험_C06,굿리치몰 어린이보험,2026-01-10,PC,14,0,0
0-굿리치몰(보장분석) _C16,굿리치몰,2026-01-11,모바일,0,0,0
0-굿리치몰(보장분석) _C16,굿리치몰,2026-01-11,PC,0,0,0
0-굿리치몰_C01,굿리치몰,2026-01-11,모바일,85,1,"12,010"
0-굿리치몰_C01,굿리치몰,2026-01-11,PC,114,1,"2,720"
2-굿리치몰 실비보험_C02,굿리치몰 실비보험,2026-01-11,모바일,28,2,"9,150"
2-굿리치몰 실비보험_C02,굿리치몰 실비보험,2026-01-11,PC,17,0,0
3-굿리치몰 암보험_C03,굿리치몰,2026-01-11,모바일,118,8,"80,030"
3-굿리치몰 암보험_C03,굿리치몰,2026-01-11,PC,22,0,0
4-굿리치몰 치아보험_C04,굿리치몰 치아보험,2026-01-11,모바일,47,1,"1,380"
4-굿리치몰 치아보험_C04,굿리치몰 치아보험,2026-01-11,PC,30,0,0
5-굿리치몰 치매간병보험_C07,굿리치몰 치매보험,2026-01-11,모바일,35,1,"2,000"
5-굿리치몰 치매간병보험_C07,굿리치몰 치매보험,2026-01-11,PC,6,0,0
6-굿리치몰 어린이보험_C06,굿리치몰 어린이보험,2026-01-11,모바일,0,0,0
6-굿리치몰 어린이보험_C06,굿리치몰 어린이보험,2026-01-11,PC,18,0,0
0-굿리치몰(보장분석) _C16,굿리치몰,2026-01-12,모바일,4,0,0
0-굿리치몰(보장분석) _C16,굿리치몰,2026-01-12,PC,0,0,0
0-굿리치몰_C01,굿리치몰,2026-01-12,모바일,217,0,0
0-굿리치몰_C01,굿리치몰,2026-01-12,PC,766,0,0
2-굿리치몰 실비보험_C02,굿리치몰 실비보험,2026-01-12,모바일,58,3,"17,820"
2-굿리치몰 실비보험_C02,굿리치몰 실비보험,2026-01-12,PC,47,0,0
3-굿리치몰 암보험_C03,굿리치몰,2026-01-12,모바일,102,1,"12,010"
3-굿리치몰 암보험_C03,굿리치몰,2026-01-12,PC,89,1,"10,010"
4-굿리치몰 치아보험_C04,굿리치몰 치아보험,2026-01-12,모바일,39,1,"4,510"
4-굿리치몰 치아보험_C04,굿리치몰 치아보험,2026-01-12,PC,27,0,0
5-굿리치몰 치매간병보험_C07,굿리치몰 치매보험,2026-01-12,모바일,28,1,"2,830"
5-굿리치몰 치매간병보험_C07,굿리치몰 치매보험,2026-01-12,PC,16,0,0
6-굿리치몰 어린이보험_C06,굿리치몰 어린이보험,2026-01-12,모바일,2,0,0
6-굿리치몰 어린이보험_C06,굿리치몰 어린이보험,2026-01-12,PC,59,0,0
0-굿리치몰(보장분석) _C16,굿리치몰,2026-01-13,모바일,1,1,"18,600"
0-굿리치몰(보장분석) _C16,굿리치몰,2026-01-13,PC,4,0,0
0-굿리치몰_C01,굿리치몰,2026-01-13,모바일,181,7,"63,850"
0-굿리치몰_C01,굿리치몰,2026-01-13,PC,741,2,"16,320"
2-굿리치몰 실비보험_C02,굿리치몰 실비보험,2026-01-13,모바일,34,0,0
2-굿리치몰 실비보험_C02,굿리치몰 실비보험,2026-01-13,PC,36,0,0
3-굿리치몰 암보험_C03,굿리치몰,2026-01-13,모바일,133,10,"125,660"
3-굿리치몰 암보험_C03,굿리치몰,2026-01-13,PC,86,1,"23,810"
4-굿리치몰 치아보험_C04,굿리치몰 치아보험,2026-01-13,모바일,59,0,0
4-굿리치몰 치아보험_C04,굿리치몰 치아보험,2026-01-13,PC,29,0,0
5-굿리치몰 치매간병보험_C07,굿리치몰 치매보험,2026-01-13,모바일,20,0,0
5-굿리치몰 치매간병보험_C07,굿리치몰 치매보험,2026-01-13,PC,18,0,0
6-굿리치몰 어린이보험_C06,굿리치몰 어린이보험,2026-01-13,모바일,5,0,0
6-굿리치몰 어린이보험_C06,굿리치몰 어린이보험,2026-01-13,PC,94,0,0
0-굿리치몰(보장분석) _C16,굿리치몰,2026-01-14,모바일,2,1,"20,950"
0-굿리치몰(보장분석) _C16,굿리치몰,2026-01-14,PC,1,0,0
0-굿리치몰_C01,굿리치몰,2026-01-14,모바일,209,0,0
0-굿리치몰_C01,굿리치몰,2026-01-14,PC,741,2,"11,520"
2-굿리치몰 실비보험_C02,굿리치몰 실비보험,2026-01-14,모바일,35,0,0
2-굿리치몰 실비보험_C02,굿리치몰 실비보험,2026-01-14,PC,55,0,0
3-굿리치몰 암보험_C03,굿리치몰,2026-01-14,모바일,132,2,"16,170"
3-굿리치몰 암보험_C03,굿리치몰,2026-01-14,PC,130,0,0
4-굿리치몰 치아보험_C04,굿리치몰 치아보험,2026-01-14,모바일,48,0,0
4-굿리치몰 치아보험_C04,굿리치몰 치아보험,2026-01-14,PC,16,0,0
5-굿리치몰 치매간병보험_C07,굿리치몰 치매보험,2026-01-14,모바일,28,1,"5,010"
5-굿리치몰 치매간병보험_C07,굿리치몰 치매보험,2026-01-14,PC,25,0,0
6-굿리치몰 어린이보험_C06,굿리치몰 어린이보험,2026-01-14,모바일,3,0,0
6-굿리치몰 어린이보험_C06,굿리치몰 어린이보험,2026-01-14,PC,38,0,0
0-굿리치몰(보장분석) _C16,굿리치몰,2026-01-15,모바일,3,0,0
0-굿리치몰(보장분석) _C16,굿리치몰,2026-01-15,PC,5,0,0
0-굿리치몰_C01,굿리치몰,2026-01-15,모바일,183,2,"8,520"
0-굿리치몰_C01,굿리치몰,2026-01-15,PC,742,0,0
2-굿리치몰 실비보험_C02,굿리치몰 실비보험,2026-01-15,모바일,35,0,0
2-굿리치몰 실비보험_C02,굿리치몰 실비보험,2026-01-15,PC,44,0,0
3-굿리치몰 암보험_C03,굿리치몰,2026-01-15,모바일,102,1,"3,410"
3-굿리치몰 암보험_C03,굿리치몰,2026-01-15,PC,110,1,"27,010"
4-굿리치몰 치아보험_C04,굿리치몰 치아보험,2026-01-15,모바일,31,0,0
4-굿리치몰 치아보험_C04,굿리치몰 치아보험,2026-01-15,PC,20,0,0
5-굿리치몰 치매간병보험_C07,굿리치몰 치매보험,2026-01-15,모바일,22,1,980
5-굿리치몰 치매간병보험_C07,굿리치몰 치매보험,2026-01-15,PC,35,1,"1,530"
6-굿리치몰 어린이보험_C06,굿리치몰 어린이보험,2026-01-15,모바일,1,0,0
6-굿리치몰 어린이보험_C06,굿리치몰 어린이보험,2026-01-15,PC,54,0,0
0-굿리치몰(보장분석) _C16,굿리치몰,2026-01-16,모바일,5,0,0
0-굿리치몰(보장분석) _C16,굿리치몰,2026-01-16,PC,2,1,"3,010"
0-굿리치몰_C01,굿리치몰,2026-01-16,모바일,169,1,"12,010"
0-굿리치몰_C01,굿리치몰,2026-01-16,PC,707,1,"15,940"
2-굿리치몰 실비보험_C02,굿리치몰 실비보험,2026-01-16,모바일,34,2,"17,060"
2-굿리치몰 실비보험_C02,굿리치몰 실비보험,2026-01-16,PC,46,1,"9,010"
3-굿리치몰 암보험_C03,굿리치몰,2026-01-16,모바일,105,3,"31,030"
3-굿리치몰 암보험_C03,굿리치몰,2026-01-16,PC,84,0,0
4-굿리치몰 치아보험_C04,굿리치몰 치아보험,2026-01-16,모바일,45,0,0
4-굿리치몰 치아보험_C04,굿리치몰 치아보험,2026-01-16,PC,23,0,0
5-굿리치몰 치매간병보험_C07,굿리치몰 치매보험,2026-01-16,모바일,23,0,0
5-굿리치몰 치매간병보험_C07,굿리치몰 치매보험,2026-01-16,PC,17,0,0
6-굿리치몰 어린이보험_C06,굿리치몰 어린이보험,2026-01-16,모바일,4,0,0
6-굿리치몰 어린이보험_C06,굿리치몰 어린이보험,2026-01-16,PC,52,0,0
0-굿리치몰(보장분석) _C16,굿리치몰,2026-01-17,모바일,4,2,"31,240"
0-굿리치몰_C01,굿리치몰,2026-01-17,모바일,106,0,0
0-굿리치몰_C01,굿리치몰,2026-01-17,PC,165,1,"13,510"
2-굿리치몰 실비보험_C02,굿리치몰 실비보험,2026-01-17,모바일,30,1,"4,910"
2-굿리치몰 실비보험_C02,굿리치몰 실비보험,2026-01-17,PC,17,0,0
3-굿리치몰 암보험_C03,굿리치몰,2026-01-17,모바일,110,6,"14,060"
3-굿리치몰 암보험_C03,굿리치몰,2026-01-17,PC,49,1,"19,010"
4-굿리치몰 치아보험_C04,굿리치몰 치아보험,2026-01-17,모바일,36,1,"2,010"
4-굿리치몰 치아보험_C04,굿리치몰 치아보험,2026-01-17,PC,2,0,0
5-굿리치몰 치매간병보험_C07,굿리치몰 치매보험,2026-01-17,모바일,83,2,"1,720"
5-굿리치몰 치매간병보험_C07,굿리치몰 치매보험,2026-01-17,PC,20,0,0
6-굿리치몰 어린이보험_C06,굿리치몰 어린이보험,2026-01-17,모바일,1,0,0
6-굿리치몰 어린이보험_C06,굿리치몰 어린이보험,2026-01-17,PC,16,0,0
0-굿리치몰(보장분석) _C16,굿리치몰,2026-01-18,모바일,3,0,0
0-굿리치몰_C01,굿리치몰,2026-01-18,모바일,87,3,"40,530"
0-굿리치몰_C01,굿리치몰,2026-01-18,PC,90,0,0
2-굿리치몰 실비보험_C02,굿리치몰 실비보험,2026-01-18,모바일,37,2,"5,540"
2-굿리치몰 실비보험_C02,굿리치몰 실비보험,2026-01-18,PC,15,0,0
3-굿리치몰 암보험_C03,굿리치몰,2026-01-18,모바일,85,2,"24,020"
3-굿리치몰 암보험_C03,굿리치몰,2026-01-18,PC,31,1,"19,010"
4-굿리치몰 치아보험_C04,굿리치몰 치아보험,2026-01-18,모바일,44,1,"1,380"
4-굿리치몰 치아보험_C04,굿리치몰 치아보험,2026-01-18,PC,5,0,0
5-굿리치몰 치매간병보험_C07,굿리치몰 치매보험,2026-01-18,모바일,74,1,"2,000"
5-굿리치몰 치매간병보험_C07,굿리치몰 치매보험,2026-01-18,PC,13,0,0
6-굿리치몰 어린이보험_C06,굿리치몰 어린이보험,2026-01-18,모바일,1,0,0
6-굿리치몰 어린이보험_C06,굿리치몰 어린이보험,2026-01-18,PC,16,0,0
0-굿리치몰(보장분석) _C16,굿리치몰,2026-01-19,모바일,3,1,"18,600"
0-굿리치몰(보장분석) _C16,굿리치몰,2026-01-19,PC,6,0,0
0-굿리치몰_C01,굿리치몰,2026-01-19,모바일,199,0,0
0-굿리치몰_C01,굿리치몰,2026-01-19,PC,640,1,"15,970"
2-굿리치몰 실비보험_C02,굿리치몰 실비보험,2026-01-19,모바일,27,1,"8,120"
2-굿리치몰 실비보험_C02,굿리치몰 실비보험,2026-01-19,PC,31,1,"3,510"
3-굿리치몰 암보험_C03,굿리치몰,2026-01-19,모바일,132,7,"62,070"
3-굿리치몰 암보험_C03,굿리치몰,2026-01-19,PC,92,0,0
4-굿리치몰 치아보험_C04,굿리치몰 치아보험,2026-01-19,모바일,49,0,0
4-굿리치몰 치아보험_C04,굿리치몰 치아보험,2026-01-19,PC,23,0,0
5-굿리치몰 치매간병보험_C07,굿리치몰 치매보험,2026-01-19,모바일,27,0,0
5-굿리치몰 치매간병보험_C07,굿리치몰 치매보험,2026-01-19,PC,26,0,0
6-굿리치몰 어린이보험_C06,굿리치몰 어린이보험,2026-01-19,모바일,2,0,0
6-굿리치몰 어린이보험_C06,굿리치몰 어린이보험,2026-01-19,PC,63,0,0
0-굿리치몰(보장분석) _C16,굿리치몰,2026-01-20,모바일,6,0,0
0-굿리치몰(보장분석) _C16,굿리치몰,2026-01-20,PC,1,0,0
0-굿리치몰_C01,굿리치몰,2026-01-20,모바일,188,1,110
0-굿리치몰_C01,굿리치몰,2026-01-20,PC,593,2,"17,310"
2-굿리치몰 실비보험_C02,굿리치몰 실비보험,2026-01-20,모바일,34,0,0
2-굿리치몰 실비보험_C02,굿리치몰 실비보험,2026-01-20,PC,53,0,0
3-굿리치몰 암보험_C03,굿리치몰,2026-01-20,모바일,122,2,"24,020"
3-굿리치몰 암보험_C03,굿리치몰,2026-01-20,PC,115,1,"19,020"
4-굿리치몰 치아보험_C04,굿리치몰 치아보험,2026-01-20,모바일,41,0,0
4-굿리치몰 치아보험_C04,굿리치몰 치아보험,2026-01-20,PC,32,2,"2,760"
5-굿리치몰 치매간병보험_C07,굿리치몰 치매보험,2026-01-20,모바일,40,0,0
5-굿리치몰 치매간병보험_C07,굿리치몰 치매보험,2026-01-20,PC,24,0,0
6-굿리치몰 어린이보험_C06,굿리치몰 어린이보험,2026-01-20,모바일,4,1,"2,400"
6-굿리치몰 어린이보험_C06,굿리치몰 어린이보험,2026-01-20,PC,57,0,0
0-굿리치몰(보장분석) _C16,굿리치몰,2026-01-21,모바일,0,0,0
0-굿리치몰(보장분석) _C16,굿리치몰,2026-01-21,PC,3,1,"18,600"
0-굿리치몰_C01,굿리치몰,2026-01-21,모바일,154,4,"35,880"
0-굿리치몰_C01,굿리치몰,2026-01-21,PC,530,1,110
2-굿리치몰 실비보험_C02,굿리치몰 실비보험,2026-01-21,모바일,23,1,"2,010"
2-굿리치몰 실비보험_C02,굿리치몰 실비보험,2026-01-21,PC,39,0,0
3-굿리치몰 암보험_C03,굿리치몰,2026-01-21,모바일,61,3,"33,720"
3-굿리치몰 암보험_C03,굿리치몰,2026-01-21,PC,65,0,0
4-굿리치몰 치아보험_C04,굿리치몰 치아보험,2026-01-21,모바일,16,1,"1,380"
4-굿리치몰 치아보험_C04,굿리치몰 치아보험,2026-01-21,PC,19,0,0
5-굿리치몰 치매간병보험_C07,굿리치몰 치매보험,2026-01-21,모바일,19,0,0
5-굿리치몰 치매간병보험_C07,굿리치몰 치매보험,2026-01-21,PC,16,0,0
6-굿리치몰 어린이보험_C06,굿리치몰 어린이보험,2026-01-21,모바일,2,0,0
6-굿리치몰 어린이보험_C06,굿리치몰 어린이보험,2026-01-21,PC,31,0,0
0-굿리치몰(보장분석) _C16,굿리치몰,2026-01-22,모바일,0,0,0
0-굿리치몰(보장분석) _C16,굿리치몰,2026-01-22,PC,2,0,0
0-굿리치몰_C01,굿리치몰,2026-01-22,모바일,97,2,"26,700"
0-굿리치몰_C01,굿리치몰,2026-01-22,PC,295,1,110
2-굿리치몰 실비보험_C02,굿리치몰 실비보험,2026-01-22,모바일,25,0,0
2-굿리치몰 실비보험_C02,굿리치몰 실비보험,2026-01-22,PC,28,0,0
3-굿리치몰 암보험_C03,굿리치몰,2026-01-22,모바일,28,2,"14,020"
3-굿리치몰 암보험_C03,굿리치몰,2026-01-22,PC,44,1,"9,110"
4-굿리치몰 치아보험_C04,굿리치몰 치아보험,2026-01-22,모바일,7,0,0
4-굿리치몰 치아보험_C04,굿리치몰 치아보험,2026-01-22,PC,19,0,0
5-굿리치몰 치매간병보험_C07,굿리치몰 치매보험,2026-01-22,모바일,10,0,0
5-굿리치몰 치매간병보험_C07,굿리치몰 치매보험,2026-01-22,PC,14,0,0
6-굿리치몰 어린이보험_C06,굿리치몰 어린이보험,2026-01-22,모바일,1,0,0
6-굿리치몰 어린이보험_C06,굿리치몰 어린이보험,2026-01-22,PC,5,0,0
0-굿리치몰(보장분석) _C16,굿리치몰,2026-01-23,모바일,0,0,0
0-굿리치몰(보장분석) _C16,굿리치몰,2026-01-23,PC,1,0,0
0-굿리치몰_C01,굿리치몰,2026-01-23,모바일,115,1,"14,690"
0-굿리치몰_C01,굿리치몰,2026-01-23,PC,328,2,"22,770"
2-굿리치몰 실비보험_C02,굿리치몰 실비보험,2026-01-23,모바일,21,0,0
2-굿리치몰 실비보험_C02,굿리치몰 실비보험,2026-01-23,PC,31,0,0
3-굿리치몰 암보험_C03,굿리치몰,2026-01-23,모바일,35,0,0
3-굿리치몰 암보험_C03,굿리치몰,2026-01-23,PC,29,0,0
4-굿리치몰 치아보험_C04,굿리치몰 치아보험,2026-01-23,모바일,14,0,0
4-굿리치몰 치아보험_C04,굿리치몰 치아보험,2026-01-23,PC,7,0,0
5-굿리치몰 치매간병보험_C07,굿리치몰 치매보험,2026-01-23,모바일,8,0,0
5-굿리치몰 치매간병보험_C07,굿리치몰 치매보험,2026-01-23,PC,20,0,0
6-굿리치몰 어린이보험_C06,굿리치몰 어린이보험,2026-01-23,모바일,0,0,0
6-굿리치몰 어린이보험_C06,굿리치몰 어린이보험,2026-01-23,PC,4,1,"5,410"
0-굿리치몰(보장분석) _C16,굿리치몰,2026-01-24,모바일,1,0,0
0-굿리치몰(보장분석) _C16,굿리치몰,2026-01-24,PC,0,0,0
0-굿리치몰_C01,굿리치몰,2026-01-24,모바일,66,0,0
0-굿리치몰_C01,굿리치몰,2026-01-24,PC,83,0,0
2-굿리치몰 실비보험_C02,굿리치몰 실비보험,2026-01-24,모바일,28,0,0
2-굿리치몰 실비보험_C02,굿리치몰 실비보험,2026-01-24,PC,16,0,0
3-굿리치몰 암보험_C03,굿리치몰,2026-01-24,모바일,21,0,0
3-굿리치몰 암보험_C03,굿리치몰,2026-01-24,PC,12,0,0
4-굿리치몰 치아보험_C04,굿리치몰 치아보험,2026-01-24,모바일,5,0,0
4-굿리치몰 치아보험_C04,굿리치몰 치아보험,2026-01-24,PC,3,0,0
5-굿리치몰 치매간병보험_C07,굿리치몰 치매보험,2026-01-24,모바일,10,0,0
5-굿리치몰 치매간병보험_C07,굿리치몰 치매보험,2026-01-24,PC,3,0,0
6-굿리치몰 어린이보험_C06,굿리치몰 어린이보험,2026-01-24,모바일,2,0,0
0-굿리치몰(보장분석) _C16,굿리치몰,2026-01-25,모바일,1,0,0
0-굿리치몰_C01,굿리치몰,2026-01-25,모바일,79,5,"66,050"
0-굿리치몰_C01,굿리치몰,2026-01-25,PC,81,1,"1,380"
2-굿리치몰 실비보험_C02,굿리치몰 실비보험,2026-01-25,모바일,27,0,0
2-굿리치몰 실비보험_C02,굿리치몰 실비보험,2026-01-25,PC,10,0,0
3-굿리치몰 암보험_C03,굿리치몰,2026-01-25,모바일,28,1,"13,000"
3-굿리치몰 암보험_C03,굿리치몰,2026-01-25,PC,16,0,0
4-굿리치몰 치아보험_C04,굿리치몰 치아보험,2026-01-25,모바일,7,0,0
4-굿리치몰 치아보험_C04,굿리치몰 치아보험,2026-01-25,PC,3,0,0
5-굿리치몰 치매간병보험_C07,굿리치몰 치매보험,2026-01-25,모바일,7,0,0
5-굿리치몰 치매간병보험_C07,굿리치몰 치매보험,2026-01-25,PC,7,0,0
6-굿리치몰 어린이보험_C06,굿리치몰 어린이보험,2026-01-25,모바일,0,0,0
6-굿리치몰 어린이보험_C06,굿리치몰 어린이보험,2026-01-25,PC,2,0,0
0-굿리치몰(보장분석) _C16,굿리치몰,2026-01-26,모바일,1,0,0
0-굿리치몰(보장분석) _C16,굿리치몰,2026-01-26,PC,7,1,"17,870"
0-굿리치몰_C01,굿리치몰,2026-01-26,모바일,128,4,"24,510"
0-굿리치몰_C01,굿리치몰,2026-01-26,PC,473,0,0
2-굿리치몰 실비보험_C02,굿리치몰 실비보험,2026-01-26,모바일,30,0,0
2-굿리치몰 실비보험_C02,굿리치몰 실비보험,2026-01-26,PC,69,0,0
3-굿리치몰 암보험_C03,굿리치몰,2026-01-26,모바일,31,0,0
3-굿리치몰 암보험_C03,굿리치몰,2026-01-26,PC,30,0,0
4-굿리치몰 치아보험_C04,굿리치몰 치아보험,2026-01-26,모바일,16,0,0
4-굿리치몰 치아보험_C04,굿리치몰 치아보험,2026-01-26,PC,14,0,0
5-굿리치몰 치매간병보험_C07,굿리치몰 치매보험,2026-01-26,모바일,4,0,0
5-굿리치몰 치매간병보험_C07,굿리치몰 치매보험,2026-01-26,PC,26,0,0
6-굿리치몰 어린이보험_C06,굿리치몰 어린이보험,2026-01-26,모바일,1,0,0
6-굿리치몰 어린이보험_C06,굿리치몰 어린이보험,2026-01-26,PC,6,0,0
0-굿리치몰(보장분석) _C16,굿리치몰,2026-01-27,모바일,2,0,0
0-굿리치몰(보장분석) _C16,굿리치몰,2026-01-27,PC,3,0,0
0-굿리치몰_C01,굿리치몰,2026-01-27,모바일,119,5,"28,040"
0-굿리치몰_C01,굿리치몰,2026-01-27,PC,386,0,0
2-굿리치몰 실비보험_C02,굿리치몰 실비보험,2026-01-27,모바일,26,0,0
2-굿리치몰 실비보험_C02,굿리치몰 실비보험,2026-01-27,PC,65,0,0
3-굿리치몰 암보험_C03,굿리치몰,2026-01-27,모바일,28,0,0
3-굿리치몰 암보험_C03,굿리치몰,2026-01-27,PC,33,0,0
4-굿리치몰 치아보험_C04,굿리치몰 치아보험,2026-01-27,모바일,9,0,0
4-굿리치몰 치아보험_C04,굿리치몰 치아보험,2026-01-27,PC,9,0,0
5-굿리치몰 치매간병보험_C07,굿리치몰 치매보험,2026-01-27,모바일,9,0,0
5-굿리치몰 치매간병보험_C07,굿리치몰 치매보험,2026-01-27,PC,21,0,0
6-굿리치몰 어린이보험_C06,굿리치몰 어린이보험,2026-01-27,모바일,7,0,0
6-굿리치몰 어린이보험_C06,굿리치몰 어린이보험,2026-01-27,PC,6,0,0
0-굿리치몰(보장분석) _C16,굿리치몰,2026-01-28,모바일,1,0,0
0-굿리치몰(보장분석) _C16,굿리치몰,2026-01-28,PC,6,0,0
0-굿리치몰_C01,굿리치몰,2026-01-28,모바일,126,3,"10,690"
0-굿리치몰_C01,굿리치몰,2026-01-28,PC,433,2,"16,450"
2-굿리치몰 실비보험_C02,굿리치몰 실비보험,2026-01-28,모바일,29,0,0
2-굿리치몰 실비보험_C02,굿리치몰 실비보험,2026-01-28,PC,72,0,0
3-굿리치몰 암보험_C03,굿리치몰,2026-01-28,모바일,21,1,"9,110"
3-굿리치몰 암보험_C03,굿리치몰,2026-01-28,PC,56,0,0
4-굿리치몰 치아보험_C04,굿리치몰 치아보험,2026-01-28,모바일,7,1,"2,860"
4-굿리치몰 치아보험_C04,굿리치몰 치아보험,2026-01-28,PC,11,0,0
5-굿리치몰 치매간병보험_C07,굿리치몰 치매보험,2026-01-28,모바일,5,0,0
5-굿리치몰 치매간병보험_C07,굿리치몰 치매보험,2026-01-28,PC,17,0,0
6-굿리치몰 어린이보험_C06,굿리치몰 어린이보험,2026-01-28,모바일,3,0,0
6-굿리치몰 어린이보험_C06,굿리치몰 어린이보험,2026-01-28,PC,2,0,0
0-굿리치몰(보장분석) _C16,굿리치몰,2026-01-29,모바일,5,1,"5,480"
0-굿리치몰(보장분석) _C16,굿리치몰,2026-01-29,PC,3,0,0
0-굿리치몰_C01,굿리치몰,2026-01-29,모바일,120,4,"40,050"
0-굿리치몰_C01,굿리치몰,2026-01-29,PC,366,0,0
2-굿리치몰 실비보험_C02,굿리치몰 실비보험,2026-01-29,모바일,24,0,0
2-굿리치몰 실비보험_C02,굿리치몰 실비보험,2026-01-29,PC,52,0,0
3-굿리치몰 암보험_C03,굿리치몰,2026-01-29,모바일,17,0,0
3-굿리치몰 암보험_C03,굿리치몰,2026-01-29,PC,33,0,0
4-굿리치몰 치아보험_C04,굿리치몰 치아보험,2026-01-29,모바일,9,0,0
4-굿리치몰 치아보험_C04,굿리치몰 치아보험,2026-01-29,PC,21,0,0
5-굿리치몰 치매간병보험_C07,굿리치몰 치매보험,2026-01-29,모바일,4,0,0
5-굿리치몰 치매간병보험_C07,굿리치몰 치매보험,2026-01-29,PC,20,0,0
6-굿리치몰 어린이보험_C06,굿리치몰 어린이보험,2026-01-29,모바일,0,0,0
6-굿리치몰 어린이보험_C06,굿리치몰 어린이보험,2026-01-29,PC,2,0,0
0-굿리치몰(보장분석) _C16,굿리치몰,2026-01-30,모바일,1,0,0
0-굿리치몰_C01,굿리치몰,2026-01-30,모바일,127,4,"33,020"
0-굿리치몰_C01,굿리치몰,2026-01-30,PC,385,0,0
2-굿리치몰 실비보험_C02,굿리치몰 실비보험,2026-01-30,모바일,25,1,"1,380"
2-굿리치몰 실비보험_C02,굿리치몰 실비보험,2026-01-30,PC,45,0,0
3-굿리치몰 암보험_C03,굿리치몰,2026-01-30,모바일,31,0,0
3-굿리치몰 암보험_C03,굿리치몰,2026-01-30,PC,29,0,0
4-굿리치몰 치아보험_C04,굿리치몰 치아보험,2026-01-30,모바일,12,0,0
4-굿리치몰 치아보험_C04,굿리치몰 치아보험,2026-01-30,PC,15,0,0
5-굿리치몰 치매간병보험_C07,굿리치몰 치매보험,2026-01-30,모바일,10,0,0
5-굿리치몰 치매간병보험_C07,굿리치몰 치매보험,2026-01-30,PC,14,0,0
6-굿리치몰 어린이보험_C06,굿리치몰 어린이보험,2026-01-30,모바일,2,0,0
6-굿리치몰 어린이보험_C06,굿리치몰 어린이보험,2026-01-30,PC,2,0,0
0-굿리치몰(보장분석) _C16,굿리치몰,2026-01-31,모바일,1,0,0
0-굿리치몰(보장분석) _C16,굿리치몰,2026-01-31,PC,1,0,0
0-굿리치몰_C01,굿리치몰,2026-01-31,모바일,68,1,"10,510"
0-굿리치몰_C01,굿리치몰,2026-01-31,PC,85,0,0
2-굿리치몰 실비보험_C02,굿리치몰 실비보험,2026-01-31,모바일,25,0,0
2-굿리치몰 실비보험_C02,굿리치몰 실비보험,2026-01-31,PC,10,0,0
3-굿리치몰 암보험_C03,굿리치몰,2026-01-31,모바일,17,1,"9,110"
3-굿리치몰 암보험_C03,굿리치몰,2026-01-31,PC,10,0,0
4-굿리치몰 치아보험_C04,굿리치몰 치아보험,2026-01-31,모바일,5,0,0
4-굿리치몰 치아보험_C04,굿리치몰 치아보험,2026-01-31,PC,2,0,0
5-굿리치몰 치매간병보험_C07,굿리치몰 치매보험,2026-01-31,모바일,21,0,0
5-굿리치몰 치매간병보험_C07,굿리치몰 치매보험,2026-01-31,PC,4,0,0
6-굿리치몰 어린이보험_C06,굿리치몰 어린이보험,2026-01-31,모바일,1,0,0
0-굿리치몰(보장분석) _C16,굿리치몰,2026-02-01,모바일,2,1,"3,010"
0-굿리치몰_C01,굿리치몰,2026-02-01,모바일,59,3,"35,480"
0-굿리치몰_C01,굿리치몰,2026-02-01,PC,92,0,0
2-굿리치몰 실비보험_C02,굿리치몰 실비보험,2026-02-01,모바일,21,0,0
2-굿리치몰 실비보험_C02,굿리치몰 실비보험,2026-02-01,PC,23,0,0
3-굿리치몰 암보험_C03,굿리치몰,2026-02-01,모바일,16,0,0
3-굿리치몰 암보험_C03,굿리치몰,2026-02-01,PC,8,0,0
4-굿리치몰 치아보험_C04,굿리치몰 치아보험,2026-02-01,모바일,13,0,0
4-굿리치몰 치아보험_C04,굿리치몰 치아보험,2026-02-01,PC,2,0,0
5-굿리치몰 치매간병보험_C07,굿리치몰 치매보험,2026-02-01,모바일,2,0,0
5-굿리치몰 치매간병보험_C07,굿리치몰 치매보험,2026-02-01,PC,6,0,0
6-굿리치몰 어린이보험_C06,굿리치몰 어린이보험,2026-02-01,모바일,1,0,0
6-굿리치몰 어린이보험_C06,굿리치몰 어린이보험,2026-02-01,PC,0,0,0
0-굿리치몰(보장분석) _C16,굿리치몰,2026-02-02,모바일,1,0,0
0-굿리치몰(보장분석) _C16,굿리치몰,2026-02-02,PC,3,0,0
0-굿리치몰_C01,굿리치몰,2026-02-02,모바일,135,4,"47,450"
0-굿리치몰_C01,굿리치몰,2026-02-02,PC,397,0,0
2-굿리치몰 실비보험_C02,굿리치몰 실비보험,2026-02-02,모바일,30,1,"7,140"
2-굿리치몰 실비보험_C02,굿리치몰 실비보험,2026-02-02,PC,57,1,"1,380"
3-굿리치몰 암보험_C03,굿리치몰,2026-02-02,모바일,32,1,"9,110"
3-굿리치몰 암보험_C03,굿리치몰,2026-02-02,PC,30,2,"47,620"
4-굿리치몰 치아보험_C04,굿리치몰 치아보험,2026-02-02,모바일,21,0,0
4-굿리치몰 치아보험_C04,굿리치몰 치아보험,2026-02-02,PC,17,0,0
5-굿리치몰 치매간병보험_C07,굿리치몰 치매보험,2026-02-02,모바일,7,0,0
5-굿리치몰 치매간병보험_C07,굿리치몰 치매보험,2026-02-02,PC,14,0,0
6-굿리치몰 어린이보험_C06,굿리치몰 어린이보험,2026-02-02,모바일,1,0,0
6-굿리치몰 어린이보험_C06,굿리치몰 어린이보험,2026-02-02,PC,1,0,0
0-굿리치몰(보장분석) _C16,굿리치몰,2026-02-03,모바일,1,0,0
0-굿리치몰(보장분석) _C16,굿리치몰,2026-02-03,PC,3,0,0
0-굿리치몰_C01,굿리치몰,2026-02-03,모바일,101,3,"21,090"
0-굿리치몰_C01,굿리치몰,2026-02-03,PC,342,0,0
2-굿리치몰 실비보험_C02,굿리치몰 실비보험,2026-02-03,모바일,26,0,0
2-굿리치몰 실비보험_C02,굿리치몰 실비보험,2026-02-03,PC,52,0,0
3-굿리치몰 암보험_C03,굿리치몰,2026-02-03,모바일,20,3,"49,160"
3-굿리치몰 암보험_C03,굿리치몰,2026-02-03,PC,33,0,0
4-굿리치몰 치아보험_C04,굿리치몰 치아보험,2026-02-03,모바일,9,0,0
4-굿리치몰 치아보험_C04,굿리치몰 치아보험,2026-02-03,PC,11,0,0
5-굿리치몰 치매간병보험_C07,굿리치몰 치매보험,2026-02-03,모바일,5,0,0
5-굿리치몰 치매간병보험_C07,굿리치몰 치매보험,2026-02-03,PC,15,0,0
6-굿리치몰 어린이보험_C06,굿리치몰 어린이보험,2026-02-03,모바일,2,0,0
6-굿리치몰 어린이보험_C06,굿리치몰 어린이보험,2026-02-03,PC,3,0,0
0-굿리치몰(보장분석) _C16,굿리치몰,2026-02-04,모바일,2,0,0
0-굿리치몰(보장분석) _C16,굿리치몰,2026-02-04,PC,1,0,0
0-굿리치몰_C01,굿리치몰,2026-02-04,모바일,108,1,"14,690"
0-굿리치몰_C01,굿리치몰,2026-02-04,PC,348,1,"5,010"
2-굿리치몰 실비보험_C02,굿리치몰 실비보험,2026-02-04,모바일,30,0,0
2-굿리치몰 실비보험_C02,굿리치몰 실비보험,2026-02-04,PC,48,0,0
3-굿리치몰 암보험_C03,굿리치몰,2026-02-04,모바일,21,1,"15,040"
3-굿리치몰 암보험_C03,굿리치몰,2026-02-04,PC,34,1,"29,810"
4-굿리치몰 치아보험_C04,굿리치몰 치아보험,2026-02-04,모바일,11,0,0
4-굿리치몰 치아보험_C04,굿리치몰 치아보험,2026-02-04,PC,7,0,0
5-굿리치몰 치매간병보험_C07,굿리치몰 치매보험,2026-02-04,모바일,7,0,0
5-굿리치몰 치매간병보험_C07,굿리치몰 치매보험,2026-02-04,PC,15,0,0
6-굿리치몰 어린이보험_C06,굿리치몰 어린이보험,2026-02-04,모바일,1,0,0
6-굿리치몰 어린이보험_C06,굿리치몰 어린이보험,2026-02-04,PC,1,0,0
0-굿리치몰(보장분석) _C16,굿리치몰,2026-02-05,모바일,1,0,0
0-굿리치몰(보장분석) _C16,굿리치몰,2026-02-05,PC,1,0,0
0-굿리치몰_C01,굿리치몰,2026-02-05,모바일,80,1,"14,690"
0-굿리치몰_C01,굿리치몰,2026-02-05,PC,373,2,"18,200"
2-굿리치몰 실비보험_C02,굿리치몰 실비보험,2026-02-05,모바일,20,1,"7,140"
2-굿리치몰 실비보험_C02,굿리치몰 실비보험,2026-02-05,PC,41,0,0
3-굿리치몰 암보험_C03,굿리치몰,2026-02-05,모바일,25,0,0
3-굿리치몰 암보험_C03,굿리치몰,2026-02-05,PC,26,0,0
4-굿리치몰 치아보험_C04,굿리치몰 치아보험,2026-02-05,모바일,5,0,0
4-굿리치몰 치아보험_C04,굿리치몰 치아보험,2026-02-05,PC,4,1,"2,010"
5-굿리치몰 치매간병보험_C07,굿리치몰 치매보험,2026-02-05,모바일,2,0,0
5-굿리치몰 치매간병보험_C07,굿리치몰 치매보험,2026-02-05,PC,14,0,0
6-굿리치몰 어린이보험_C06,굿리치몰 어린이보험,2026-02-05,모바일,2,0,0
6-굿리치몰 어린이보험_C06,굿리치몰 어린이보험,2026-02-05,PC,6,1,"4,320"
0-굿리치몰(보장분석) _C16,굿리치몰,2026-02-06,모바일,3,0,0
0-굿리치몰(보장분석) _C16,굿리치몰,2026-02-06,PC,3,0,0
0-굿리치몰_C01,굿리치몰,2026-02-06,모바일,105,1,"3,010"
0-굿리치몰_C01,굿리치몰,2026-02-06,PC,324,0,0
2-굿리치몰 실비보험_C02,굿리치몰 실비보험,2026-02-06,모바일,24,0,0
2-굿리치몰 실비보험_C02,굿리치몰 실비보험,2026-02-06,PC,32,1,"3,870"
3-굿리치몰 암보험_C03,굿리치몰,2026-02-06,모바일,24,1,"15,040"
3-굿리치몰 암보험_C03,굿리치몰,2026-02-06,PC,40,0,0
4-굿리치몰 치아보험_C04,굿리치몰 치아보험,2026-02-06,모바일,7,0,0
4-굿리치몰 치아보험_C04,굿리치몰 치아보험,2026-02-06,PC,7,0,0
5-굿리치몰 치매간병보험_C07,굿리치몰 치매보험,2026-02-06,모바일,6,0,0
5-굿리치몰 치매간병보험_C07,굿리치몰 치매보험,2026-02-06,PC,12,0,0
6-굿리치몰 어린이보험_C06,굿리치몰 어린이보험,2026-02-06,모바일,3,1,"4,320"
6-굿리치몰 어린이보험_C06,굿리치몰 어린이보험,2026-02-06,PC,7,0,0
0-굿리치몰(보장분석) _C16,굿리치몰,2026-02-07,모바일,1,0,0
0-굿리치몰(보장분석) _C16,굿리치몰,2026-02-07,PC,1,0,0
0-굿리치몰_C01,굿리치몰,2026-02-07,모바일,81,0,0
0-굿리치몰_C01,굿리치몰,2026-02-07,PC,95,2,"9,220"
2-굿리치몰 실비보험_C02,굿리치몰 실비보험,2026-02-07,모바일,24,2,"4,020"
2-굿리치몰 실비보험_C02,굿리치몰 실비보험,2026-02-07,PC,15,0,0
3-굿리치몰 암보험_C03,굿리치몰,2026-02-07,모바일,28,1,"10,010"
3-굿리치몰 암보험_C03,굿리치몰,2026-02-07,PC,5,0,0
4-굿리치몰 치아보험_C04,굿리치몰 치아보험,2026-02-07,모바일,4,0,0
4-굿리치몰 치아보험_C04,굿리치몰 치아보험,2026-02-07,PC,5,0,0
5-굿리치몰 치매간병보험_C07,굿리치몰 치매보험,2026-02-07,모바일,17,0,0
5-굿리치몰 치매간병보험_C07,굿리치몰 치매보험,2026-02-07,PC,8,0,0
6-굿리치몰 어린이보험_C06,굿리치몰 어린이보험,2026-02-07,모바일,1,0,0
6-굿리치몰 어린이보험_C06,굿리치몰 어린이보험,2026-02-07,PC,1,0,0
0-굿리치몰(보장분석) _C16,굿리치몰,2026-02-08,모바일,1,0,0
0-굿리치몰_C01,굿리치몰,2026-02-08,모바일,69,1,"11,010"
0-굿리치몰_C01,굿리치몰,2026-02-08,PC,86,0,0
2-굿리치몰 실비보험_C02,굿리치몰 실비보험,2026-02-08,모바일,22,2,"23,840"
2-굿리치몰 실비보험_C02,굿리치몰 실비보험,2026-02-08,PC,16,0,0
3-굿리치몰 암보험_C03,굿리치몰,2026-02-08,모바일,22,2,"22,050"
3-굿리치몰 암보험_C03,굿리치몰,2026-02-08,PC,8,0,0
4-굿리치몰 치아보험_C04,굿리치몰 치아보험,2026-02-08,모바일,6,0,0
4-굿리치몰 치아보험_C04,굿리치몰 치아보험,2026-02-08,PC,5,0,0
5-굿리치몰 치매간병보험_C07,굿리치몰 치매보험,2026-02-08,모바일,9,0,0
5-굿리치몰 치매간병보험_C07,굿리치몰 치매보험,2026-02-08,PC,4,0,0
6-굿리치몰 어린이보험_C06,굿리치몰 어린이보험,2026-02-08,모바일,1,0,0
6-굿리치몰 어린이보험_C06,굿리치몰 어린이보험,2026-02-08,PC,0,0,0
0-굿리치몰(보장분석) _C16,굿리치몰,2026-02-09,모바일,2,0,0
0-굿리치몰(보장분석) _C16,굿리치몰,2026-02-09,PC,1,0,0
0-굿리치몰_C01,굿리치몰,2026-02-09,모바일,113,3,"34,060"
0-굿리치몰_C01,굿리치몰,2026-02-09,PC,375,0,0
2-굿리치몰 실비보험_C02,굿리치몰 실비보험,2026-02-09,모바일,30,0,0
2-굿리치몰 실비보험_C02,굿리치몰 실비보험,2026-02-09,PC,47,0,0
3-굿리치몰 암보험_C03,굿리치몰,2026-02-09,모바일,20,0,0
3-굿리치몰 암보험_C03,굿리치몰,2026-02-09,PC,24,1,"20,010"
4-굿리치몰 치아보험_C04,굿리치몰 치아보험,2026-02-09,모바일,10,0,0
4-굿리치몰 치아보험_C04,굿리치몰 치아보험,2026-02-09,PC,18,0,0
5-굿리치몰 치매간병보험_C07,굿리치몰 치매보험,2026-02-09,모바일,3,0,0
5-굿리치몰 치매간병보험_C07,굿리치몰 치매보험,2026-02-09,PC,10,0,0
6-굿리치몰 어린이보험_C06,굿리치몰 어린이보험,2026-02-09,모바일,3,1,"20,010"
6-굿리치몰 어린이보험_C06,굿리치몰 어린이보험,2026-02-09,PC,6,0,0
0-굿리치몰(보장분석) _C16,굿리치몰,2026-02-10,모바일,1,0,0
0-굿리치몰(보장분석) _C16,굿리치몰,2026-02-10,PC,3,0,0
0-굿리치몰_C01,굿리치몰,2026-02-10,모바일,117,4,"20,460"
0-굿리치몰_C01,굿리치몰,2026-02-10,PC,231,4,"23,720"
2-굿리치몰 실비보험_C02,굿리치몰 실비보험,2026-02-10,모바일,28,2,"14,280"
2-굿리치몰 실비보험_C02,굿리치몰 실비보험,2026-02-10,PC,49,0,0
3-굿리치몰 암보험_C03,굿리치몰,2026-02-10,모바일,27,1,"7,010"
3-굿리치몰 암보험_C03,굿리치몰,2026-02-10,PC,26,1,"10,010"
4-굿리치몰 치아보험_C04,굿리치몰 치아보험,2026-02-10,모바일,16,0,0
4-굿리치몰 치아보험_C04,굿리치몰 치아보험,2026-02-10,PC,8,0,0
5-굿리치몰 치매간병보험_C07,굿리치몰 치매보험,2026-02-10,모바일,5,0,0
5-굿리치몰 치매간병보험_C07,굿리치몰 치매보험,2026-02-10,PC,9,0,0
6-굿리치몰 어린이보험_C06,굿리치몰 어린이보험,2026-02-10,모바일,6,0,0
6-굿리치몰 어린이보험_C06,굿리치몰 어린이보험,2026-02-10,PC,2,0,0
0-굿리치몰(보장분석) _C16,굿리치몰,2026-02-11,모바일,1,0,0
0-굿리치몰(보장분석) _C16,굿리치몰,2026-02-11,PC,1,0,0
0-굿리치몰_C01,굿리치몰,2026-02-11,모바일,104,1,110
0-굿리치몰_C01,굿리치몰,2026-02-11,PC,216,0,0
2-굿리치몰 실비보험_C02,굿리치몰 실비보험,2026-02-11,모바일,19,0,0
2-굿리치몰 실비보험_C02,굿리치몰 실비보험,2026-02-11,PC,23,0,0
3-굿리치몰 암보험_C03,굿리치몰,2026-02-11,모바일,18,0,0
3-굿리치몰 암보험_C03,굿리치몰,2026-02-11,PC,20,0,0
4-굿리치몰 치아보험_C04,굿리치몰 치아보험,2026-02-11,모바일,9,0,0
4-굿리치몰 치아보험_C04,굿리치몰 치아보험,2026-02-11,PC,16,0,0
5-굿리치몰 치매간병보험_C07,굿리치몰 치매보험,2026-02-11,모바일,7,0,0
5-굿리치몰 치매간병보험_C07,굿리치몰 치매보험,2026-02-11,PC,15,0,0
6-굿리치몰 어린이보험_C06,굿리치몰 어린이보험,2026-02-11,모바일,3,0,0
6-굿리치몰 어린이보험_C06,굿리치몰 어린이보험,2026-02-11,PC,2,0,0
0-굿리치몰(보장분석) _C16,굿리치몰,2026-02-12,모바일,1,0,0
0-굿리치몰(보장분석) _C16,굿리치몰,2026-02-12,PC,3,0,0
0-굿리치몰_C01,굿리치몰,2026-02-12,모바일,83,4,"61,090"
0-굿리치몰_C01,굿리치몰,2026-02-12,PC,211,0,0
2-굿리치몰 실비보험_C02,굿리치몰 실비보험,2026-02-12,모바일,26,1,"7,140"
2-굿리치몰 실비보험_C02,굿리치몰 실비보험,2026-02-12,PC,48,0,0
3-굿리치몰 암보험_C03,굿리치몰,2026-02-12,모바일,24,0,0
3-굿리치몰 암보험_C03,굿리치몰,2026-02-12,PC,31,0,0
4-굿리치몰 치아보험_C04,굿리치몰 치아보험,2026-02-12,모바일,5,0,0
4-굿리치몰 치아보험_C04,굿리치몰 치아보험,2026-02-12,PC,12,0,0
5-굿리치몰 치매간병보험_C07,굿리치몰 치매보험,2026-02-12,모바일,6,0,0
5-굿리치몰 치매간병보험_C07,굿리치몰 치매보험,2026-02-12,PC,16,0,0
6-굿리치몰 어린이보험_C06,굿리치몰 어린이보험,2026-02-12,모바일,1,0,0
6-굿리치몰 어린이보험_C06,굿리치몰 어린이보험,2026-02-12,PC,1,0,0
0-굿리치몰(보장분석) _C16,굿리치몰,2026-02-13,모바일,0,0,0
0-굿리치몰(보장분석) _C16,굿리치몰,2026-02-13,PC,2,0,0
0-굿리치몰_C01,굿리치몰,2026-02-13,모바일,93,0,0
0-굿리치몰_C01,굿리치몰,2026-02-13,PC,158,0,0
2-굿리치몰 실비보험_C02,굿리치몰 실비보험,2026-02-13,모바일,19,2,"12,160"
2-굿리치몰 실비보험_C02,굿리치몰 실비보험,2026-02-13,PC,31,0,0
3-굿리치몰 암보험_C03,굿리치몰,2026-02-13,모바일,26,1,"15,040"
3-굿리치몰 암보험_C03,굿리치몰,2026-02-13,PC,11,2,"47,620"
4-굿리치몰 치아보험_C04,굿리치몰 치아보험,2026-02-13,모바일,11,0,0
4-굿리치몰 치아보험_C04,굿리치몰 치아보험,2026-02-13,PC,8,1,"2,010"
5-굿리치몰 치매간병보험_C07,굿리치몰 치매보험,2026-02-13,모바일,7,1,"1,020"
5-굿리치몰 치매간병보험_C07,굿리치몰 치매보험,2026-02-13,PC,12,0,0
6-굿리치몰 어린이보험_C06,굿리치몰 어린이보험,2026-02-13,모바일,3,0,0
6-굿리치몰 어린이보험_C06,굿리치몰 어린이보험,2026-02-13,PC,5,0,0
0-굿리치몰(보장분석) _C16,굿리치몰,2026-02-14,모바일,0,0,0
0-굿리치몰_C01,굿리치몰,2026-02-14,모바일,48,0,0
0-굿리치몰_C01,굿리치몰,2026-02-14,PC,53,1,"3,010"
2-굿리치몰 실비보험_C02,굿리치몰 실비보험,2026-02-14,모바일,13,0,0
2-굿리치몰 실비보험_C02,굿리치몰 실비보험,2026-02-14,PC,6,0,0
3-굿리치몰 암보험_C03,굿리치몰,2026-02-14,모바일,17,0,0
3-굿리치몰 암보험_C03,굿리치몰,2026-02-14,PC,6,0,0
4-굿리치몰 치아보험_C04,굿리치몰 치아보험,2026-02-14,모바일,7,0,0
4-굿리치몰 치아보험_C04,굿리치몰 치아보험,2026-02-14,PC,4,0,0
5-굿리치몰 치매간병보험_C07,굿리치몰 치매보험,2026-02-14,모바일,12,0,0
5-굿리치몰 치매간병보험_C07,굿리치몰 치매보험,2026-02-14,PC,3,0,0
6-굿리치몰 어린이보험_C06,굿리치몰 어린이보험,2026-02-14,모바일,1,0,0
0-굿리치몰(보장분석) _C16,굿리치몰,2026-02-15,모바일,0,0,0
0-굿리치몰_C01,굿리치몰,2026-02-15,모바일,50,0,0
0-굿리치몰_C01,굿리치몰,2026-02-15,PC,37,2,"27,020"
2-굿리치몰 실비보험_C02,굿리치몰 실비보험,2026-02-15,모바일,18,0,0
2-굿리치몰 실비보험_C02,굿리치몰 실비보험,2026-02-15,PC,9,0,0
3-굿리치몰 암보험_C03,굿리치몰,2026-02-15,모바일,15,1,"9,110"
3-굿리치몰 암보험_C03,굿리치몰,2026-02-15,PC,13,3,"57,030"
4-굿리치몰 치아보험_C04,굿리치몰 치아보험,2026-02-15,모바일,6,0,0
4-굿리치몰 치아보험_C04,굿리치몰 치아보험,2026-02-15,PC,1,0,0
5-굿리치몰 치매간병보험_C07,굿리치몰 치매보험,2026-02-15,모바일,11,1,"2,990"
5-굿리치몰 치매간병보험_C07,굿리치몰 치매보험,2026-02-15,PC,5,0,0
6-굿리치몰 어린이보험_C06,굿리치몰 어린이보험,2026-02-15,모바일,0,0,0
0-굿리치몰(보장분석) _C16,굿리치몰,2026-02-16,모바일,0,0,0
0-굿리치몰_C01,굿리치몰,2026-02-16,모바일,41,0,0
0-굿리치몰_C01,굿리치몰,2026-02-16,PC,39,0,0
2-굿리치몰 실비보험_C02,굿리치몰 실비보험,2026-02-16,모바일,11,0,0
2-굿리치몰 실비보험_C02,굿리치몰 실비보험,2026-02-16,PC,3,0,0
3-굿리치몰 암보험_C03,굿리치몰,2026-02-16,모바일,15,0,0
3-굿리치몰 암보험_C03,굿리치몰,2026-02-16,PC,5,1,"23,810"
4-굿리치몰 치아보험_C04,굿리치몰 치아보험,2026-02-16,모바일,8,2,"4,020"
4-굿리치몰 치아보험_C04,굿리치몰 치아보험,2026-02-16,PC,0,0,0
5-굿리치몰 치매간병보험_C07,굿리치몰 치매보험,2026-02-16,모바일,10,0,0
5-굿리치몰 치매간병보험_C07,굿리치몰 치매보험,2026-02-16,PC,5,0,0
6-굿리치몰 어린이보험_C06,굿리치몰 어린이보험,2026-02-16,모바일,1,0,0
0-굿리치몰(보장분석) _C16,굿리치몰,2026-02-17,모바일,1,0,0
0-굿리치몰_C01,굿리치몰,2026-02-17,모바일,50,4,"40,740"
0-굿리치몰_C01,굿리치몰,2026-02-17,PC,33,0,0
2-굿리치몰 실비보험_C02,굿리치몰 실비보험,2026-02-17,모바일,11,1,"2,550"
2-굿리치몰 실비보험_C02,굿리치몰 실비보험,2026-02-17,PC,3,0,0
3-굿리치몰 암보험_C03,굿리치몰,2026-02-17,모바일,8,0,0
3-굿리치몰 암보험_C03,굿리치몰,2026-02-17,PC,3,3,"71,430"
4-굿리치몰 치아보험_C04,굿리치몰 치아보험,2026-02-17,모바일,7,0,0
4-굿리치몰 치아보험_C04,굿리치몰 치아보험,2026-02-17,PC,1,0,0
5-굿리치몰 치매간병보험_C07,굿리치몰 치매보험,2026-02-17,모바일,18,0,0
5-굿리치몰 치매간병보험_C07,굿리치몰 치매보험,2026-02-17,PC,6,0,0
6-굿리치몰 어린이보험_C06,굿리치몰 어린이보험,2026-02-17,모바일,3,0,0
6-굿리치몰 어린이보험_C06,굿리치몰 어린이보험,2026-02-17,PC,1,0,0
0-굿리치몰(보장분석) _C16,굿리치몰,2026-02-18,모바일,0,0,0
0-굿리치몰(보장분석) _C16,굿리치몰,2026-02-18,PC,0,0,0
0-굿리치몰_C01,굿리치몰,2026-02-18,모바일,56,3,"38,100"
0-굿리치몰_C01,굿리치몰,2026-02-18,PC,46,1,"5,010"
2-굿리치몰 실비보험_C02,굿리치몰 실비보험,2026-02-18,모바일,14,0,0
2-굿리치몰 실비보험_C02,굿리치몰 실비보험,2026-02-18,PC,19,0,0
3-굿리치몰 암보험_C03,굿리치몰,2026-02-18,모바일,10,0,0
3-굿리치몰 암보험_C03,굿리치몰,2026-02-18,PC,5,4,"85,650"
4-굿리치몰 치아보험_C04,굿리치몰 치아보험,2026-02-18,모바일,9,0,0
4-굿리치몰 치아보험_C04,굿리치몰 치아보험,2026-02-18,PC,2,0,0
5-굿리치몰 치매간병보험_C07,굿리치몰 치매보험,2026-02-18,모바일,9,0,0
5-굿리치몰 치매간병보험_C07,굿리치몰 치매보험,2026-02-18,PC,4,0,0
6-굿리치몰 어린이보험_C06,굿리치몰 어린이보험,2026-02-18,모바일,1,0,0
6-굿리치몰 어린이보험_C06,굿리치몰 어린이보험,2026-02-18,PC,3,0,0
0-굿리치몰(보장분석) _C16,굿리치몰,2026-02-19,모바일,1,0,0
0-굿리치몰(보장분석) _C16,굿리치몰,2026-02-19,PC,3,1,"14,820"
0-굿리치몰_C01,굿리치몰,2026-02-19,모바일,114,3,"40,550"
0-굿리치몰_C01,굿리치몰,2026-02-19,PC,230,2,"20,020"
2-굿리치몰 실비보험_C02,굿리치몰 실비보험,2026-02-19,모바일,30,1,"7,140"
2-굿리치몰 실비보험_C02,굿리치몰 실비보험,2026-02-19,PC,55,0,0
3-굿리치몰 암보험_C03,굿리치몰,2026-02-19,모바일,25,0,0
3-굿리치몰 암보험_C03,굿리치몰,2026-02-19,PC,33,2,"34,890"
4-굿리치몰 치아보험_C04,굿리치몰 치아보험,2026-02-19,모바일,23,1,"2,860"
4-굿리치몰 치아보험_C04,굿리치몰 치아보험,2026-02-19,PC,12,0,0
5-굿리치몰 치매간병보험_C07,굿리치몰 치매보험,2026-02-19,모바일,8,0,0
5-굿리치몰 치매간병보험_C07,굿리치몰 치매보험,2026-02-19,PC,17,0,0
6-굿리치몰 어린이보험_C06,굿리치몰 어린이보험,2026-02-19,모바일,4,1,"5,410"
6-굿리치몰 어린이보험_C06,굿리치몰 어린이보험,2026-02-19,PC,2,0,0
0-굿리치몰(보장분석) _C16,굿리치몰,2026-02-20,모바일,1,0,0
0-굿리치몰(보장분석) _C16,굿리치몰,2026-02-20,PC,3,0,0
0-굿리치몰_C01,굿리치몰,2026-02-20,모바일,174,0,0
0-굿리치몰_C01,굿리치몰,2026-02-20,PC,301,5,"45,530"
2-굿리치몰 실비보험_C02,굿리치몰 실비보험,2026-02-20,모바일,22,1,"13,140"
2-굿리치몰 실비보험_C02,굿리치몰 실비보험,2026-02-20,PC,59,0,0
3-굿리치몰 암보험_C03,굿리치몰,2026-02-20,모바일,24,1,"11,070"
3-굿리치몰 암보험_C03,굿리치몰,2026-02-20,PC,32,1,"23,810"
4-굿리치몰 치아보험_C04,굿리치몰 치아보험,2026-02-20,모바일,10,0,0
4-굿리치몰 치아보험_C04,굿리치몰 치아보험,2026-02-20,PC,11,0,0
5-굿리치몰 치매간병보험_C07,굿리치몰 치매보험,2026-02-20,모바일,14,0,0
5-굿리치몰 치매간병보험_C07,굿리치몰 치매보험,2026-02-20,PC,19,0,0
6-굿리치몰 어린이보험_C06,굿리치몰 어린이보험,2026-02-20,모바일,0,0,0
6-굿리치몰 어린이보험_C06,굿리치몰 어린이보험,2026-02-20,PC,2,0,0
0-굿리치몰(보장분석) _C16,굿리치몰,2026-02-21,모바일,2,1,"18,600"
0-굿리치몰(보장분석) _C16,굿리치몰,2026-02-21,PC,1,0,0
0-굿리치몰_C01,굿리치몰,2026-02-21,모바일,82,1,110
0-굿리치몰_C01,굿리치몰,2026-02-21,PC,77,0,0
2-굿리치몰 실비보험_C02,굿리치몰 실비보험,2026-02-21,모바일,22,0,0
2-굿리치몰 실비보험_C02,굿리치몰 실비보험,2026-02-21,PC,12,0,0
3-굿리치몰 암보험_C03,굿리치몰,2026-02-21,모바일,22,0,0
3-굿리치몰 암보험_C03,굿리치몰,2026-02-21,PC,8,0,0
4-굿리치몰 치아보험_C04,굿리치몰 치아보험,2026-02-21,모바일,18,1,"3,310"
4-굿리치몰 치아보험_C04,굿리치몰 치아보험,2026-02-21,PC,10,0,0
5-굿리치몰 치매간병보험_C07,굿리치몰 치매보험,2026-02-21,모바일,11,0,0
5-굿리치몰 치매간병보험_C07,굿리치몰 치매보험,2026-02-21,PC,5,0,0
6-굿리치몰 어린이보험_C06,굿리치몰 어린이보험,2026-02-21,모바일,0,0,0
6-굿리치몰 어린이보험_C06,굿리치몰 어린이보험,2026-02-21,PC,1,0,0
0-굿리치몰(보장분석) _C16,굿리치몰,2026-02-22,모바일,2,0,0
0-굿리치몰(보장분석) _C16,굿리치몰,2026-02-22,PC,0,0,0
0-굿리치몰_C01,굿리치몰,2026-02-22,모바일,62,1,"4,250"
0-굿리치몰_C01,굿리치몰,2026-02-22,PC,69,0,0
2-굿리치몰 실비보험_C02,굿리치몰 실비보험,2026-02-22,모바일,21,0,0
2-굿리치몰 실비보험_C02,굿리치몰 실비보험,2026-02-22,PC,11,0,0
3-굿리치몰 암보험_C03,굿리치몰,2026-02-22,모바일,21,0,0
3-굿리치몰 암보험_C03,굿리치몰,2026-02-22,PC,14,0,0
4-굿리치몰 치아보험_C04,굿리치몰 치아보험,2026-02-22,모바일,9,0,0
4-굿리치몰 치아보험_C04,굿리치몰 치아보험,2026-02-22,PC,0,0,0
5-굿리치몰 치매간병보험_C07,굿리치몰 치매보험,2026-02-22,모바일,6,0,0
5-굿리치몰 치매간병보험_C07,굿리치몰 치매보험,2026-02-22,PC,7,0,0
6-굿리치몰 어린이보험_C06,굿리치몰 어린이보험,2026-02-22,모바일,1,0,0
6-굿리치몰 어린이보험_C06,굿리치몰 어린이보험,2026-02-22,PC,0,0,0
0-굿리치몰(보장분석) _C16,굿리치몰,2026-02-23,모바일,0,0,0
0-굿리치몰(보장분석) _C16,굿리치몰,2026-02-23,PC,4,0,0
0-굿리치몰_C01,굿리치몰,2026-02-23,모바일,137,1,430
0-굿리치몰_C01,굿리치몰,2026-02-23,PC,307,0,0
2-굿리치몰 실비보험_C02,굿리치몰 실비보험,2026-02-23,모바일,35,1,"13,140"
2-굿리치몰 실비보험_C02,굿리치몰 실비보험,2026-02-23,PC,60,0,0
3-굿리치몰 암보험_C03,굿리치몰,2026-02-23,모바일,23,0,0
3-굿리치몰 암보험_C03,굿리치몰,2026-02-23,PC,29,1,"10,010"
4-굿리치몰 치아보험_C04,굿리치몰 치아보험,2026-02-23,모바일,11,0,0
4-굿리치몰 치아보험_C04,굿리치몰 치아보험,2026-02-23,PC,6,0,0
5-굿리치몰 치매간병보험_C07,굿리치몰 치매보험,2026-02-23,모바일,5,0,0
5-굿리치몰 치매간병보험_C07,굿리치몰 치매보험,2026-02-23,PC,20,1,"2,010"
6-굿리치몰 어린이보험_C06,굿리치몰 어린이보험,2026-02-23,모바일,2,0,0
6-굿리치몰 어린이보험_C06,굿리치몰 어린이보험,2026-02-23,PC,4,0,0
0-굿리치몰(보장분석) _C16,굿리치몰,2026-02-24,모바일,0,0,0
0-굿리치몰(보장분석) _C16,굿리치몰,2026-02-24,PC,5,0,0
0-굿리치몰_C01,굿리치몰,2026-02-24,모바일,101,2,"19,740"
0-굿리치몰_C01,굿리치몰,2026-02-24,PC,276,2,"20,950"
2-굿리치몰 실비보험_C02,굿리치몰 실비보험,2026-02-24,모바일,16,1,"1,380"
2-굿리치몰 실비보험_C02,굿리치몰 실비보험,2026-02-24,PC,45,0,0
3-굿리치몰 암보험_C03,굿리치몰,2026-02-24,모바일,28,0,0
3-굿리치몰 암보험_C03,굿리치몰,2026-02-24,PC,22,1,"23,810"
4-굿리치몰 치아보험_C04,굿리치몰 치아보험,2026-02-24,모바일,19,0,0
4-굿리치몰 치아보험_C04,굿리치몰 치아보험,2026-02-24,PC,8,0,0
5-굿리치몰 치매간병보험_C07,굿리치몰 치매보험,2026-02-24,모바일,3,0,0
5-굿리치몰 치매간병보험_C07,굿리치몰 치매보험,2026-02-24,PC,12,0,0
6-굿리치몰 어린이보험_C06,굿리치몰 어린이보험,2026-02-24,모바일,3,0,0
6-굿리치몰 어린이보험_C06,굿리치몰 어린이보험,2026-02-24,PC,2,0,0
0-굿리치몰(보장분석) _C16,굿리치몰,2026-02-25,모바일,0,0,0
0-굿리치몰(보장분석) _C16,굿리치몰,2026-02-25,PC,1,0,0
0-굿리치몰_C01,굿리치몰,2026-02-25,모바일,106,1,"5,010"
0-굿리치몰_C01,굿리치몰,2026-02-25,PC,247,2,"12,090"
2-굿리치몰 실비보험_C02,굿리치몰 실비보험,2026-02-25,모바일,21,0,0
2-굿리치몰 실비보험_C02,굿리치몰 실비보험,2026-02-25,PC,35,1,"3,510"
3-굿리치몰 암보험_C03,굿리치몰,2026-02-25,모바일,25,1,"12,600"
3-굿리치몰 암보험_C03,굿리치몰,2026-02-25,PC,31,0,0
4-굿리치몰 치아보험_C04,굿리치몰 치아보험,2026-02-25,모바일,8,0,0
4-굿리치몰 치아보험_C04,굿리치몰 치아보험,2026-02-25,PC,10,0,0
5-굿리치몰 치매간병보험_C07,굿리치몰 치매보험,2026-02-25,모바일,2,0,0
5-굿리치몰 치매간병보험_C07,굿리치몰 치매보험,2026-02-25,PC,20,0,0
6-굿리치몰 어린이보험_C06,굿리치몰 어린이보험,2026-02-25,모바일,0,0,0
6-굿리치몰 어린이보험_C06,굿리치몰 어린이보험,2026-02-25,PC,5,1,"4,210"
0-굿리치몰(보장분석) _C16,굿리치몰,2026-02-26,모바일,5,0,0
0-굿리치몰(보장분석) _C16,굿리치몰,2026-02-26,PC,3,0,0
0-굿리치몰_C01,굿리치몰,2026-02-26,모바일,91,0,0
0-굿리치몰_C01,굿리치몰,2026-02-26,PC,274,0,0
2-굿리치몰 실비보험_C02,굿리치몰 실비보험,2026-02-26,모바일,17,0,0
2-굿리치몰 실비보험_C02,굿리치몰 실비보험,2026-02-26,PC,60,1,"10,010"
3-굿리치몰 암보험_C03,굿리치몰,2026-02-26,모바일,35,4,"42,320"
3-굿리치몰 암보험_C03,굿리치몰,2026-02-26,PC,28,0,0
4-굿리치몰 치아보험_C04,굿리치몰 치아보험,2026-02-26,모바일,14,0,0
4-굿리치몰 치아보험_C04,굿리치몰 치아보험,2026-02-26,PC,3,0,0
5-굿리치몰 치매간병보험_C07,굿리치몰 치매보험,2026-02-26,모바일,6,0,0
5-굿리치몰 치매간병보험_C07,굿리치몰 치매보험,2026-02-26,PC,13,0,0
6-굿리치몰 어린이보험_C06,굿리치몰 어린이보험,2026-02-26,모바일,4,0,0
6-굿리치몰 어린이보험_C06,굿리치몰 어린이보험,2026-02-26,PC,3,0,0
0-굿리치몰(보장분석) _C16,굿리치몰,2026-02-27,모바일,3,0,0
0-굿리치몰(보장분석) _C16,굿리치몰,2026-02-27,PC,0,0,0
0-굿리치몰_C01,굿리치몰,2026-02-27,모바일,77,0,0
0-굿리치몰_C01,굿리치몰,2026-02-27,PC,234,2,"31,880"
2-굿리치몰 실비보험_C02,굿리치몰 실비보험,2026-02-27,모바일,20,1,"5,220"
2-굿리치몰 실비보험_C02,굿리치몰 실비보험,2026-02-27,PC,34,0,0
3-굿리치몰 암보험_C03,굿리치몰,2026-02-27,모바일,21,0,0
3-굿리치몰 암보험_C03,굿리치몰,2026-02-27,PC,24,0,0
4-굿리치몰 치아보험_C04,굿리치몰 치아보험,2026-02-27,모바일,8,0,0
4-굿리치몰 치아보험_C04,굿리치몰 치아보험,2026-02-27,PC,5,1,"3,310"
5-굿리치몰 치매간병보험_C07,굿리치몰 치매보험,2026-02-27,모바일,14,0,0
5-굿리치몰 치매간병보험_C07,굿리치몰 치매보험,2026-02-27,PC,15,0,0
6-굿리치몰 어린이보험_C06,굿리치몰 어린이보험,2026-02-27,모바일,2,0,0
6-굿리치몰 어린이보험_C06,굿리치몰 어린이보험,2026-02-27,PC,2,0,0
0-굿리치몰(보장분석) _C16,굿리치몰,2026-02-28,모바일,1,1,"3,010"
0-굿리치몰_C01,굿리치몰,2026-02-28,모바일,67,0,0
0-굿리치몰_C01,굿리치몰,2026-02-28,PC,61,0,0
2-굿리치몰 실비보험_C02,굿리치몰 실비보험,2026-02-28,모바일,25,0,0
2-굿리치몰 실비보험_C02,굿리치몰 실비보험,2026-02-28,PC,3,0,0
3-굿리치몰 암보험_C03,굿리치몰,2026-02-28,모바일,27,2,"23,170"
3-굿리치몰 암보험_C03,굿리치몰,2026-02-28,PC,10,0,0
4-굿리치몰 치아보험_C04,굿리치몰 치아보험,2026-02-28,모바일,7,0,0
4-굿리치몰 치아보험_C04,굿리치몰 치아보험,2026-02-28,PC,3,0,0
5-굿리치몰 치매간병보험_C07,굿리치몰 치매보험,2026-02-28,모바일,11,0,0
5-굿리치몰 치매간병보험_C07,굿리치몰 치매보험,2026-02-28,PC,11,0,0
6-굿리치몰 어린이보험_C06,굿리치몰 어린이보험,2026-02-28,모바일,5,0,0
6-굿리치몰 어린이보험_C06,굿리치몰 어린이보험,2026-02-28,PC,0,0,0
0-굿리치몰(보장분석) _C16,굿리치몰,2026-03-01,모바일,1,0,0
0-굿리치몰_C01,굿리치몰,2026-03-01,모바일,42,0,0
0-굿리치몰_C01,굿리치몰,2026-03-01,PC,42,0,0
2-굿리치몰 실비보험_C02,굿리치몰 실비보험,2026-03-01,모바일,17,1,"3,310"
2-굿리치몰 실비보험_C02,굿리치몰 실비보험,2026-03-01,PC,16,0,0
3-굿리치몰 암보험_C03,굿리치몰,2026-03-01,모바일,17,0,0
3-굿리치몰 암보험_C03,굿리치몰,2026-03-01,PC,14,0,0
4-굿리치몰 치아보험_C04,굿리치몰 치아보험,2026-03-01,모바일,4,2,"6,620"
4-굿리치몰 치아보험_C04,굿리치몰 치아보험,2026-03-01,PC,1,0,0
5-굿리치몰 치매간병보험_C07,굿리치몰 치매보험,2026-03-01,모바일,6,0,0
5-굿리치몰 치매간병보험_C07,굿리치몰 치매보험,2026-03-01,PC,3,0,0
6-굿리치몰 어린이보험_C06,굿리치몰 어린이보험,2026-03-01,모바일,1,0,0
6-굿리치몰 어린이보험_C06,굿리치몰 어린이보험,2026-03-01,PC,1,0,0
0-굿리치몰(보장분석) _C16,굿리치몰,2026-03-02,모바일,0,0,0
0-굿리치몰(보장분석) _C16,굿리치몰,2026-03-02,PC,1,0,0
0-굿리치몰_C01,굿리치몰,2026-03-02,모바일,47,1,"18,360"
0-굿리치몰_C01,굿리치몰,2026-03-02,PC,39,0,0
2-굿리치몰 실비보험_C02,굿리치몰 실비보험,2026-03-02,모바일,17,0,0
2-굿리치몰 실비보험_C02,굿리치몰 실비보험,2026-03-02,PC,10,0,0
3-굿리치몰 암보험_C03,굿리치몰,2026-03-02,모바일,19,1,"19,080"
3-굿리치몰 암보험_C03,굿리치몰,2026-03-02,PC,7,0,0
4-굿리치몰 치아보험_C04,굿리치몰 치아보험,2026-03-02,모바일,9,2,"3,870"
4-굿리치몰 치아보험_C04,굿리치몰 치아보험,2026-03-02,PC,4,0,0
5-굿리치몰 치매간병보험_C07,굿리치몰 치매보험,2026-03-02,모바일,2,0,0
5-굿리치몰 치매간병보험_C07,굿리치몰 치매보험,2026-03-02,PC,10,0,0
6-굿리치몰 어린이보험_C06,굿리치몰 어린이보험,2026-03-02,모바일,1,0,0
6-굿리치몰 어린이보험_C06,굿리치몰 어린이보험,2026-03-02,PC,0,0,0
0-굿리치몰(보장분석) _C16,굿리치몰,2026-03-03,모바일,2,0,0
0-굿리치몰(보장분석) _C16,굿리치몰,2026-03-03,PC,1,0,0
0-굿리치몰_C01,굿리치몰,2026-03-03,모바일,97,8,"97,860"
0-굿리치몰_C01,굿리치몰,2026-03-03,PC,230,1,"15,940"
2-굿리치몰 실비보험_C02,굿리치몰 실비보험,2026-03-03,모바일,14,0,0
2-굿리치몰 실비보험_C02,굿리치몰 실비보험,2026-03-03,PC,43,0,0
3-굿리치몰 암보험_C03,굿리치몰,2026-03-03,모바일,15,0,0
3-굿리치몰 암보험_C03,굿리치몰,2026-03-03,PC,17,0,0
4-굿리치몰 치아보험_C04,굿리치몰 치아보험,2026-03-03,모바일,10,1,"3,310"
4-굿리치몰 치아보험_C04,굿리치몰 치아보험,2026-03-03,PC,8,0,0
5-굿리치몰 치매간병보험_C07,굿리치몰 치매보험,2026-03-03,모바일,12,0,0
5-굿리치몰 치매간병보험_C07,굿리치몰 치매보험,2026-03-03,PC,10,0,0
6-굿리치몰 어린이보험_C06,굿리치몰 어린이보험,2026-03-03,모바일,2,0,0
6-굿리치몰 어린이보험_C06,굿리치몰 어린이보험,2026-03-03,PC,1,0,0
0-굿리치몰(보장분석) _C16,굿리치몰,2026-03-04,모바일,0,0,0
0-굿리치몰(보장분석) _C16,굿리치몰,2026-03-04,PC,1,0,0
0-굿리치몰_C01,굿리치몰,2026-03-04,모바일,81,2,"3,410"
0-굿리치몰_C01,굿리치몰,2026-03-04,PC,213,4,"22,690"
2-굿리치몰 실비보험_C02,굿리치몰 실비보험,2026-03-04,모바일,20,0,0
2-굿리치몰 실비보험_C02,굿리치몰 실비보험,2026-03-04,PC,48,0,0
3-굿리치몰 암보험_C03,굿리치몰,2026-03-04,모바일,24,2,"28,190"
3-굿리치몰 암보험_C03,굿리치몰,2026-03-04,PC,20,0,0
4-굿리치몰 치아보험_C04,굿리치몰 치아보험,2026-03-04,모바일,11,1,"5,260"
4-굿리치몰 치아보험_C04,굿리치몰 치아보험,2026-03-04,PC,6,0,0
5-굿리치몰 치매간병보험_C07,굿리치몰 치매보험,2026-03-04,모바일,5,0,0
5-굿리치몰 치매간병보험_C07,굿리치몰 치매보험,2026-03-04,PC,18,0,0
6-굿리치몰 어린이보험_C06,굿리치몰 어린이보험,2026-03-04,모바일,2,0,0
6-굿리치몰 어린이보험_C06,굿리치몰 어린이보험,2026-03-04,PC,1,0,0
0-굿리치몰(보장분석) _C16,굿리치몰,2026-03-05,모바일,1,0,0
0-굿리치몰(보장분석) _C16,굿리치몰,2026-03-05,PC,0,0,0
0-굿리치몰_C01,굿리치몰,2026-03-05,모바일,77,1,"2,010"
0-굿리치몰_C01,굿리치몰,2026-03-05,PC,215,0,0
2-굿리치몰 실비보험_C02,굿리치몰 실비보험,2026-03-05,모바일,24,0,0
2-굿리치몰 실비보험_C02,굿리치몰 실비보험,2026-03-05,PC,27,0,0
3-굿리치몰 암보험_C03,굿리치몰,2026-03-05,모바일,28,1,"12,600"
3-굿리치몰 암보험_C03,굿리치몰,2026-03-05,PC,36,0,0
4-굿리치몰 치아보험_C04,굿리치몰 치아보험,2026-03-05,모바일,18,0,0
4-굿리치몰 치아보험_C04,굿리치몰 치아보험,2026-03-05,PC,14,0,0
5-굿리치몰 치매간병보험_C07,굿리치몰 치매보험,2026-03-05,모바일,5,0,0
5-굿리치몰 치매간병보험_C07,굿리치몰 치매보험,2026-03-05,PC,15,0,0
6-굿리치몰 어린이보험_C06,굿리치몰 어린이보험,2026-03-05,모바일,2,0,0
6-굿리치몰 어린이보험_C06,굿리치몰 어린이보험,2026-03-05,PC,0,0,0
0-굿리치몰(보장분석) _C16,굿리치몰,2026-03-06,모바일,0,0,0
0-굿리치몰_C01,굿리치몰,2026-03-06,모바일,85,1,"18,360"
0-굿리치몰_C01,굿리치몰,2026-03-06,PC,227,0,0
2-굿리치몰 실비보험_C02,굿리치몰 실비보험,2026-03-06,모바일,23,0,0
2-굿리치몰 실비보험_C02,굿리치몰 실비보험,2026-03-06,PC,43,0,0
3-굿리치몰 암보험_C03,굿리치몰,2026-03-06,모바일,24,0,0
3-굿리치몰 암보험_C03,굿리치몰,2026-03-06,PC,28,0,0
4-굿리치몰 치아보험_C04,굿리치몰 치아보험,2026-03-06,모바일,11,1,"5,260"
4-굿리치몰 치아보험_C04,굿리치몰 치아보험,2026-03-06,PC,13,3,"7,330"
5-굿리치몰 치매간병보험_C07,굿리치몰 치매보험,2026-03-06,모바일,5,0,0
5-굿리치몰 치매간병보험_C07,굿리치몰 치매보험,2026-03-06,PC,13,1,330
6-굿리치몰 어린이보험_C06,굿리치몰 어린이보험,2026-03-06,모바일,2,0,0
6-굿리치몰 어린이보험_C06,굿리치몰 어린이보험,2026-03-06,PC,4,0,0
0-굿리치몰(보장분석) _C16,굿리치몰,2026-03-07,모바일,4,0,0
0-굿리치몰(보장분석) _C16,굿리치몰,2026-03-07,PC,1,0,0
0-굿리치몰_C01,굿리치몰,2026-03-07,모바일,46,0,0
0-굿리치몰_C01,굿리치몰,2026-03-07,PC,53,0,0
2-굿리치몰 실비보험_C02,굿리치몰 실비보험,2026-03-07,모바일,24,0,0
2-굿리치몰 실비보험_C02,굿리치몰 실비보험,2026-03-07,PC,8,0,0
3-굿리치몰 암보험_C03,굿리치몰,2026-03-07,모바일,23,1,"3,010"
3-굿리치몰 암보험_C03,굿리치몰,2026-03-07,PC,9,0,0
4-굿리치몰 치아보험_C04,굿리치몰 치아보험,2026-03-07,모바일,8,0,0
4-굿리치몰 치아보험_C04,굿리치몰 치아보험,2026-03-07,PC,2,0,0
5-굿리치몰 치매간병보험_C07,굿리치몰 치매보험,2026-03-07,모바일,12,0,0
5-굿리치몰 치매간병보험_C07,굿리치몰 치매보험,2026-03-07,PC,14,0,0
6-굿리치몰 어린이보험_C06,굿리치몰 어린이보험,2026-03-07,모바일,0,0,0
6-굿리치몰 어린이보험_C06,굿리치몰 어린이보험,2026-03-07,PC,1,0,0
0-굿리치몰(보장분석) _C16,굿리치몰,2026-03-08,모바일,1,0,0
0-굿리치몰(보장분석) _C16,굿리치몰,2026-03-08,PC,2,0,0
0-굿리치몰_C01,굿리치몰,2026-03-08,모바일,56,1,"4,320"
0-굿리치몰_C01,굿리치몰,2026-03-08,PC,45,0,0
2-굿리치몰 실비보험_C02,굿리치몰 실비보험,2026-03-08,모바일,17,1,"3,310"
2-굿리치몰 실비보험_C02,굿리치몰 실비보험,2026-03-08,PC,14,0,0
3-굿리치몰 암보험_C03,굿리치몰,2026-03-08,모바일,16,1,"8,010"
3-굿리치몰 암보험_C03,굿리치몰,2026-03-08,PC,6,0,0
4-굿리치몰 치아보험_C04,굿리치몰 치아보험,2026-03-08,모바일,10,0,0
4-굿리치몰 치아보험_C04,굿리치몰 치아보험,2026-03-08,PC,5,0,0
5-굿리치몰 치매간병보험_C07,굿리치몰 치매보험,2026-03-08,모바일,5,1,"5,010"
5-굿리치몰 치매간병보험_C07,굿리치몰 치매보험,2026-03-08,PC,3,0,0
6-굿리치몰 어린이보험_C06,굿리치몰 어린이보험,2026-03-08,모바일,2,0,0
6-굿리치몰 어린이보험_C06,굿리치몰 어린이보험,2026-03-08,PC,2,0,0
0-굿리치몰(보장분석) _C16,굿리치몰,2026-03-09,모바일,0,0,0
0-굿리치몰(보장분석) _C16,굿리치몰,2026-03-09,PC,4,0,0
0-굿리치몰_C01,굿리치몰,2026-03-09,모바일,63,0,0
0-굿리치몰_C01,굿리치몰,2026-03-09,PC,228,0,0
2-굿리치몰 실비보험_C02,굿리치몰 실비보험,2026-03-09,모바일,27,0,0
2-굿리치몰 실비보험_C02,굿리치몰 실비보험,2026-03-09,PC,45,1,"10,010"
3-굿리치몰 암보험_C03,굿리치몰,2026-03-09,모바일,21,0,0
3-굿리치몰 암보험_C03,굿리치몰,2026-03-09,PC,27,0,0
4-굿리치몰 치아보험_C04,굿리치몰 치아보험,2026-03-09,모바일,17,0,0
4-굿리치몰 치아보험_C04,굿리치몰 치아보험,2026-03-09,PC,19,0,0
5-굿리치몰 치매간병보험_C07,굿리치몰 치매보험,2026-03-09,모바일,5,0,0
5-굿리치몰 치매간병보험_C07,굿리치몰 치매보험,2026-03-09,PC,13,0,0
6-굿리치몰 어린이보험_C06,굿리치몰 어린이보험,2026-03-09,모바일,3,0,0
6-굿리치몰 어린이보험_C06,굿리치몰 어린이보험,2026-03-09,PC,7,0,0
0-굿리치몰(보장분석) _C16,굿리치몰,2026-03-10,모바일,2,0,0
0-굿리치몰(보장분석) _C16,굿리치몰,2026-03-10,PC,3,0,0
0-굿리치몰_C01,굿리치몰,2026-03-10,모바일,78,0,0
0-굿리치몰_C01,굿리치몰,2026-03-10,PC,234,0,0
2-굿리치몰 실비보험_C02,굿리치몰 실비보험,2026-03-10,모바일,24,0,0
2-굿리치몰 실비보험_C02,굿리치몰 실비보험,2026-03-10,PC,34,0,0
3-굿리치몰 암보험_C03,굿리치몰,2026-03-10,모바일,24,2,"26,090"
3-굿리치몰 암보험_C03,굿리치몰,2026-03-10,PC,24,0,0
4-굿리치몰 치아보험_C04,굿리치몰 치아보험,2026-03-10,모바일,14,1,"3,310"
4-굿리치몰 치아보험_C04,굿리치몰 치아보험,2026-03-10,PC,13,0,0
5-굿리치몰 치매간병보험_C07,굿리치몰 치매보험,2026-03-10,모바일,3,0,0
5-굿리치몰 치매간병보험_C07,굿리치몰 치매보험,2026-03-10,PC,7,0,0
6-굿리치몰 어린이보험_C06,굿리치몰 어린이보험,2026-03-10,모바일,3,0,0
6-굿리치몰 어린이보험_C06,굿리치몰 어린이보험,2026-03-10,PC,0,0,0
0-굿리치몰(보장분석) _C16,굿리치몰,2026-03-11,모바일,0,0,0
0-굿리치몰(보장분석) _C16,굿리치몰,2026-03-11,PC,6,0,0
0-굿리치몰_C01,굿리치몰,2026-03-11,모바일,77,1,"5,670"
0-굿리치몰_C01,굿리치몰,2026-03-11,PC,246,1,"6,160"
2-굿리치몰 실비보험_C02,굿리치몰 실비보험,2026-03-11,모바일,27,1,"10,700"
2-굿리치몰 실비보험_C02,굿리치몰 실비보험,2026-03-11,PC,42,0,0
3-굿리치몰 암보험_C03,굿리치몰,2026-03-11,모바일,28,0,0
3-굿리치몰 암보험_C03,굿리치몰,2026-03-11,PC,33,0,0
4-굿리치몰 치아보험_C04,굿리치몰 치아보험,2026-03-11,모바일,7,0,0
4-굿리치몰 치아보험_C04,굿리치몰 치아보험,2026-03-11,PC,15,0,0
5-굿리치몰 치매간병보험_C07,굿리치몰 치매보험,2026-03-11,모바일,10,0,0
5-굿리치몰 치매간병보험_C07,굿리치몰 치매보험,2026-03-11,PC,9,0,0
6-굿리치몰 어린이보험_C06,굿리치몰 어린이보험,2026-03-11,모바일,2,0,0
6-굿리치몰 어린이보험_C06,굿리치몰 어린이보험,2026-03-11,PC,0,0,0
0-굿리치몰(보장분석) _C16,굿리치몰,2026-03-12,모바일,2,0,0
0-굿리치몰(보장분석) _C16,굿리치몰,2026-03-12,PC,4,0,0
0-굿리치몰_C01,굿리치몰,2026-03-12,모바일,83,2,"24,370"
0-굿리치몰_C01,굿리치몰,2026-03-12,PC,198,3,"26,980"
2-굿리치몰 실비보험_C02,굿리치몰 실비보험,2026-03-12,모바일,35,0,0
2-굿리치몰 실비보험_C02,굿리치몰 실비보험,2026-03-12,PC,38,1,"10,010"
3-굿리치몰 암보험_C03,굿리치몰,2026-03-12,모바일,17,0,0
3-굿리치몰 암보험_C03,굿리치몰,2026-03-12,PC,22,0,0
4-굿리치몰 치아보험_C04,굿리치몰 치아보험,2026-03-12,모바일,15,1,"1,900"
4-굿리치몰 치아보험_C04,굿리치몰 치아보험,2026-03-12,PC,6,0,0
5-굿리치몰 치매간병보험_C07,굿리치몰 치매보험,2026-03-12,모바일,8,0,0
5-굿리치몰 치매간병보험_C07,굿리치몰 치매보험,2026-03-12,PC,13,0,0
6-굿리치몰 어린이보험_C06,굿리치몰 어린이보험,2026-03-12,모바일,3,0,0
6-굿리치몰 어린이보험_C06,굿리치몰 어린이보험,2026-03-12,PC,1,0,0
0-굿리치몰(보장분석) _C16,굿리치몰,2026-03-13,모바일,0,0,0
0-굿리치몰(보장분석) _C16,굿리치몰,2026-03-13,PC,2,0,0
0-굿리치몰_C01,굿리치몰,2026-03-13,모바일,60,2,"24,370"
0-굿리치몰_C01,굿리치몰,2026-03-13,PC,172,0,0
2-굿리치몰 실비보험_C02,굿리치몰 실비보험,2026-03-13,모바일,23,0,0
2-굿리치몰 실비보험_C02,굿리치몰 실비보험,2026-03-13,PC,29,0,0
3-굿리치몰 암보험_C03,굿리치몰,2026-03-13,모바일,28,1,"12,600"
3-굿리치몰 암보험_C03,굿리치몰,2026-03-13,PC,20,0,0
4-굿리치몰 치아보험_C04,굿리치몰 치아보험,2026-03-13,모바일,18,0,0
4-굿리치몰 치아보험_C04,굿리치몰 치아보험,2026-03-13,PC,17,1,"5,400"
5-굿리치몰 치매간병보험_C07,굿리치몰 치매보험,2026-03-13,모바일,7,0,0
5-굿리치몰 치매간병보험_C07,굿리치몰 치매보험,2026-03-13,PC,8,0,0
6-굿리치몰 어린이보험_C06,굿리치몰 어린이보험,2026-03-13,모바일,6,0,0
6-굿리치몰 어린이보험_C06,굿리치몰 어린이보험,2026-03-13,PC,6,0,0
0-굿리치몰(보장분석) _C16,굿리치몰,2026-03-14,모바일,0,0,0
0-굿리치몰_C01,굿리치몰,2026-03-14,모바일,54,1,"11,010"
0-굿리치몰_C01,굿리치몰,2026-03-14,PC,47,2,"9,000"
2-굿리치몰 실비보험_C02,굿리치몰 실비보험,2026-03-14,모바일,8,0,0
2-굿리치몰 실비보험_C02,굿리치몰 실비보험,2026-03-14,PC,10,0,0
3-굿리치몰 암보험_C03,굿리치몰,2026-03-14,모바일,13,0,0
3-굿리치몰 암보험_C03,굿리치몰,2026-03-14,PC,7,0,0
4-굿리치몰 치아보험_C04,굿리치몰 치아보험,2026-03-14,모바일,4,1,"3,310"
4-굿리치몰 치아보험_C04,굿리치몰 치아보험,2026-03-14,PC,5,0,0
5-굿리치몰 치매간병보험_C07,굿리치몰 치매보험,2026-03-14,모바일,5,1,"2,990"
5-굿리치몰 치매간병보험_C07,굿리치몰 치매보험,2026-03-14,PC,4,0,0
6-굿리치몰 어린이보험_C06,굿리치몰 어린이보험,2026-03-14,모바일,1,0,0
6-굿리치몰 어린이보험_C06,굿리치몰 어린이보험,2026-03-14,PC,0,0,0
0-굿리치몰(보장분석) _C16,굿리치몰,2026-03-15,모바일,0,0,0
0-굿리치몰_C01,굿리치몰,2026-03-15,모바일,48,3,"23,790"
0-굿리치몰_C01,굿리치몰,2026-03-15,PC,30,1,"5,010"
2-굿리치몰 실비보험_C02,굿리치몰 실비보험,2026-03-15,모바일,20,0,0
2-굿리치몰 실비보험_C02,굿리치몰 실비보험,2026-03-15,PC,9,0,0
3-굿리치몰 암보험_C03,굿리치몰,2026-03-15,모바일,12,1,"12,600"
3-굿리치몰 암보험_C03,굿리치몰,2026-03-15,PC,6,0,0
4-굿리치몰 치아보험_C04,굿리치몰 치아보험,2026-03-15,모바일,7,0,0
4-굿리치몰 치아보험_C04,굿리치몰 치아보험,2026-03-15,PC,2,0,0
5-굿리치몰 치매간병보험_C07,굿리치몰 치매보험,2026-03-15,모바일,4,0,0
5-굿리치몰 치매간병보험_C07,굿리치몰 치매보험,2026-03-15,PC,4,0,0
6-굿리치몰 어린이보험_C06,굿리치몰 어린이보험,2026-03-15,모바일,2,0,0
0-굿리치몰(보장분석) _C16,굿리치몰,2026-03-16,모바일,2,0,0
0-굿리치몰(보장분석) _C16,굿리치몰,2026-03-16,PC,2,0,0
0-굿리치몰_C01,굿리치몰,2026-03-16,모바일,66,0,0
0-굿리치몰_C01,굿리치몰,2026-03-16,PC,209,2,"9,660"
2-굿리치몰 실비보험_C02,굿리치몰 실비보험,2026-03-16,모바일,29,0,0
2-굿리치몰 실비보험_C02,굿리치몰 실비보험,2026-03-16,PC,50,2,"6,620"
3-굿리치몰 암보험_C03,굿리치몰,2026-03-16,모바일,21,0,0
3-굿리치몰 암보험_C03,굿리치몰,2026-03-16,PC,32,0,0
4-굿리치몰 치아보험_C04,굿리치몰 치아보험,2026-03-16,모바일,10,0,0
4-굿리치몰 치아보험_C04,굿리치몰 치아보험,2026-03-16,PC,9,0,0
5-굿리치몰 치매간병보험_C07,굿리치몰 치매보험,2026-03-16,모바일,5,0,0
5-굿리치몰 치매간병보험_C07,굿리치몰 치매보험,2026-03-16,PC,21,0,0
6-굿리치몰 어린이보험_C06,굿리치몰 어린이보험,2026-03-16,모바일,1,0,0
6-굿리치몰 어린이보험_C06,굿리치몰 어린이보험,2026-03-16,PC,6,0,0
0-굿리치몰(보장분석) _C16,굿리치몰,2026-03-17,모바일,1,0,0
0-굿리치몰(보장분석) _C16,굿리치몰,2026-03-17,PC,3,1,"14,300"
0-굿리치몰_C01,굿리치몰,2026-03-17,모바일,79,2,"18,470"
0-굿리치몰_C01,굿리치몰,2026-03-17,PC,215,0,0
2-굿리치몰 실비보험_C02,굿리치몰 실비보험,2026-03-17,모바일,16,2,"12,710"
2-굿리치몰 실비보험_C02,굿리치몰 실비보험,2026-03-17,PC,31,0,0
3-굿리치몰 암보험_C03,굿리치몰,2026-03-17,모바일,26,2,"38,160"
3-굿리치몰 암보험_C03,굿리치몰,2026-03-17,PC,22,0,0
4-굿리치몰 치아보험_C04,굿리치몰 치아보험,2026-03-17,모바일,7,2,"6,170"
4-굿리치몰 치아보험_C04,굿리치몰 치아보험,2026-03-17,PC,26,1,"2,010"
5-굿리치몰 치매간병보험_C07,굿리치몰 치매보험,2026-03-17,모바일,8,0,0
5-굿리치몰 치매간병보험_C07,굿리치몰 치매보험,2026-03-17,PC,8,0,0
6-굿리치몰 어린이보험_C06,굿리치몰 어린이보험,2026-03-17,모바일,4,0,0
6-굿리치몰 어린이보험_C06,굿리치몰 어린이보험,2026-03-17,PC,3,0,0
0-굿리치몰(보장분석) _C16,굿리치몰,2026-03-18,모바일,2,0,0
0-굿리치몰(보장분석) _C16,굿리치몰,2026-03-18,PC,3,0,0
0-굿리치몰_C01,굿리치몰,2026-03-18,모바일,84,5,"91,800"
0-굿리치몰_C01,굿리치몰,2026-03-18,PC,184,1,110
2-굿리치몰 실비보험_C02,굿리치몰 실비보험,2026-03-18,모바일,22,1,"10,700"
2-굿리치몰 실비보험_C02,굿리치몰 실비보험,2026-03-18,PC,38,0,0
3-굿리치몰 암보험_C03,굿리치몰,2026-03-18,모바일,15,1,"10,010"
3-굿리치몰 암보험_C03,굿리치몰,2026-03-18,PC,25,0,0
4-굿리치몰 치아보험_C04,굿리치몰 치아보험,2026-03-18,모바일,13,0,0
4-굿리치몰 치아보험_C04,굿리치몰 치아보험,2026-03-18,PC,23,0,0
5-굿리치몰 치매간병보험_C07,굿리치몰 치매보험,2026-03-18,모바일,3,0,0
5-굿리치몰 치매간병보험_C07,굿리치몰 치매보험,2026-03-18,PC,15,0,0
6-굿리치몰 어린이보험_C06,굿리치몰 어린이보험,2026-03-18,모바일,2,0,0
6-굿리치몰 어린이보험_C06,굿리치몰 어린이보험,2026-03-18,PC,4,1,"9,460"
0-굿리치몰(보장분석) _C16,굿리치몰,2026-03-19,모바일,1,0,0
0-굿리치몰(보장분석) _C16,굿리치몰,2026-03-19,PC,3,0,0
0-굿리치몰_C01,굿리치몰,2026-03-19,모바일,70,0,0
0-굿리치몰_C01,굿리치몰,2026-03-19,PC,170,1,"6,810"
2-굿리치몰 실비보험_C02,굿리치몰 실비보험,2026-03-19,모바일,24,1,"5,410"
2-굿리치몰 실비보험_C02,굿리치몰 실비보험,2026-03-19,PC,58,0,0
3-굿리치몰 암보험_C03,굿리치몰,2026-03-19,모바일,22,1,"19,080"
3-굿리치몰 암보험_C03,굿리치몰,2026-03-19,PC,28,0,0
4-굿리치몰 치아보험_C04,굿리치몰 치아보험,2026-03-19,모바일,8,0,0
4-굿리치몰 치아보험_C04,굿리치몰 치아보험,2026-03-19,PC,19,0,0
5-굿리치몰 치매간병보험_C07,굿리치몰 치매보험,2026-03-19,모바일,4,0,0
5-굿리치몰 치매간병보험_C07,굿리치몰 치매보험,2026-03-19,PC,12,0,0
6-굿리치몰 어린이보험_C06,굿리치몰 어린이보험,2026-03-19,모바일,0,0,0
6-굿리치몰 어린이보험_C06,굿리치몰 어린이보험,2026-03-19,PC,0,0,0
0-굿리치몰(보장분석) _C16,굿리치몰,2026-03-20,모바일,1,0,0
0-굿리치몰(보장분석) _C16,굿리치몰,2026-03-20,PC,2,0,0
0-굿리치몰_C01,굿리치몰,2026-03-20,모바일,85,2,"24,370"
0-굿리치몰_C01,굿리치몰,2026-03-20,PC,164,2,"20,950"
2-굿리치몰 실비보험_C02,굿리치몰 실비보험,2026-03-20,모바일,10,0,0
2-굿리치몰 실비보험_C02,굿리치몰 실비보험,2026-03-20,PC,28,0,0
3-굿리치몰 암보험_C03,굿리치몰,2026-03-20,모바일,24,0,0
3-굿리치몰 암보험_C03,굿리치몰,2026-03-20,PC,30,0,0
4-굿리치몰 치아보험_C04,굿리치몰 치아보험,2026-03-20,모바일,8,0,0
4-굿리치몰 치아보험_C04,굿리치몰 치아보험,2026-03-20,PC,12,0,0
5-굿리치몰 치매간병보험_C07,굿리치몰 치매보험,2026-03-20,모바일,9,1,"5,410"
5-굿리치몰 치매간병보험_C07,굿리치몰 치매보험,2026-03-20,PC,15,0,0
6-굿리치몰 어린이보험_C06,굿리치몰 어린이보험,2026-03-20,모바일,0,0,0
6-굿리치몰 어린이보험_C06,굿리치몰 어린이보험,2026-03-20,PC,1,0,0
0-굿리치몰(보장분석) _C16,굿리치몰,2026-03-21,모바일,2,1,"1,380"
0-굿리치몰_C01,굿리치몰,2026-03-21,모바일,51,1,380
0-굿리치몰_C01,굿리치몰,2026-03-21,PC,46,1,"6,010"
2-굿리치몰 실비보험_C02,굿리치몰 실비보험,2026-03-21,모바일,19,0,0
2-굿리치몰 실비보험_C02,굿리치몰 실비보험,2026-03-21,PC,8,0,0
3-굿리치몰 암보험_C03,굿리치몰,2026-03-21,모바일,9,0,0
3-굿리치몰 암보험_C03,굿리치몰,2026-03-21,PC,12,0,0
4-굿리치몰 치아보험_C04,굿리치몰 치아보험,2026-03-21,모바일,13,0,0
4-굿리치몰 치아보험_C04,굿리치몰 치아보험,2026-03-21,PC,2,0,0
5-굿리치몰 치매간병보험_C07,굿리치몰 치매보험,2026-03-21,모바일,13,0,0
5-굿리치몰 치매간병보험_C07,굿리치몰 치매보험,2026-03-21,PC,1,0,0
6-굿리치몰 어린이보험_C06,굿리치몰 어린이보험,2026-03-21,모바일,5,0,0
6-굿리치몰 어린이보험_C06,굿리치몰 어린이보험,2026-03-21,PC,2,0,0
0-굿리치몰(보장분석) _C16,굿리치몰,2026-03-22,모바일,1,0,0
0-굿리치몰_C01,굿리치몰,2026-03-22,모바일,36,4,"16,280"
0-굿리치몰_C01,굿리치몰,2026-03-22,PC,25,0,0
2-굿리치몰 실비보험_C02,굿리치몰 실비보험,2026-03-22,모바일,12,1,"3,310"
2-굿리치몰 실비보험_C02,굿리치몰 실비보험,2026-03-22,PC,11,0,0
3-굿리치몰 암보험_C03,굿리치몰,2026-03-22,모바일,11,0,0
3-굿리치몰 암보험_C03,굿리치몰,2026-03-22,PC,7,0,0
4-굿리치몰 치아보험_C04,굿리치몰 치아보험,2026-03-22,모바일,6,0,0
4-굿리치몰 치아보험_C04,굿리치몰 치아보험,2026-03-22,PC,7,0,0
5-굿리치몰 치매간병보험_C07,굿리치몰 치매보험,2026-03-22,모바일,7,0,0
5-굿리치몰 치매간병보험_C07,굿리치몰 치매보험,2026-03-22,PC,6,0,0
6-굿리치몰 어린이보험_C06,굿리치몰 어린이보험,2026-03-22,모바일,0,0,0
0-굿리치몰(보장분석) _C16,굿리치몰,2026-03-23,모바일,2,0,0
0-굿리치몰(보장분석) _C16,굿리치몰,2026-03-23,PC,2,0,0
0-굿리치몰_C01,굿리치몰,2026-03-23,모바일,60,5,"78,400"
0-굿리치몰_C01,굿리치몰,2026-03-23,PC,189,0,0
2-굿리치몰 실비보험_C02,굿리치몰 실비보험,2026-03-23,모바일,19,0,0
2-굿리치몰 실비보험_C02,굿리치몰 실비보험,2026-03-23,PC,43,0,0
3-굿리치몰 암보험_C03,굿리치몰,2026-03-23,모바일,18,0,0
3-굿리치몰 암보험_C03,굿리치몰,2026-03-23,PC,28,5,"86,850"
4-굿리치몰 치아보험_C04,굿리치몰 치아보험,2026-03-23,모바일,7,0,0
4-굿리치몰 치아보험_C04,굿리치몰 치아보험,2026-03-23,PC,17,0,0
5-굿리치몰 치매간병보험_C07,굿리치몰 치매보험,2026-03-23,모바일,5,0,0
5-굿리치몰 치매간병보험_C07,굿리치몰 치매보험,2026-03-23,PC,18,0,0
6-굿리치몰 어린이보험_C06,굿리치몰 어린이보험,2026-03-23,모바일,2,0,0
6-굿리치몰 어린이보험_C06,굿리치몰 어린이보험,2026-03-23,PC,3,0,0
0-굿리치몰(보장분석) _C16,굿리치몰,2026-03-24,모바일,1,0,0
0-굿리치몰(보장분석) _C16,굿리치몰,2026-03-24,PC,1,0,0
0-굿리치몰_C01,굿리치몰,2026-03-24,모바일,77,2,"33,050"
0-굿리치몰_C01,굿리치몰,2026-03-24,PC,193,1,80
2-굿리치몰 실비보험_C02,굿리치몰 실비보험,2026-03-24,모바일,21,0,0
2-굿리치몰 실비보험_C02,굿리치몰 실비보험,2026-03-24,PC,61,1,"10,610"
3-굿리치몰 암보험_C03,굿리치몰,2026-03-24,모바일,21,0,0
3-굿리치몰 암보험_C03,굿리치몰,2026-03-24,PC,26,0,0
4-굿리치몰 치아보험_C04,굿리치몰 치아보험,2026-03-24,모바일,8,0,0
4-굿리치몰 치아보험_C04,굿리치몰 치아보험,2026-03-24,PC,9,0,0
5-굿리치몰 치매간병보험_C07,굿리치몰 치매보험,2026-03-24,모바일,7,0,0
5-굿리치몰 치매간병보험_C07,굿리치몰 치매보험,2026-03-24,PC,8,0,0
6-굿리치몰 어린이보험_C06,굿리치몰 어린이보험,2026-03-24,모바일,4,0,0
6-굿리치몰 어린이보험_C06,굿리치몰 어린이보험,2026-03-24,PC,2,0,0
0-굿리치몰(보장분석) _C16,굿리치몰,2026-03-25,모바일,3,0,0
0-굿리치몰(보장분석) _C16,굿리치몰,2026-03-25,PC,6,0,0
0-굿리치몰_C01,굿리치몰,2026-03-25,모바일,73,1,"18,360"
0-굿리치몰_C01,굿리치몰,2026-03-25,PC,202,0,0
2-굿리치몰 실비보험_C02,굿리치몰 실비보험,2026-03-25,모바일,24,1,"7,140"
2-굿리치몰 실비보험_C02,굿리치몰 실비보험,2026-03-25,PC,49,1,"6,840"
3-굿리치몰 암보험_C03,굿리치몰,2026-03-25,모바일,35,0,0
3-굿리치몰 암보험_C03,굿리치몰,2026-03-25,PC,22,2,"48,820"
4-굿리치몰 치아보험_C04,굿리치몰 치아보험,2026-03-25,모바일,7,0,0
4-굿리치몰 치아보험_C04,굿리치몰 치아보험,2026-03-25,PC,10,0,0
5-굿리치몰 치매간병보험_C07,굿리치몰 치매보험,2026-03-25,모바일,3,0,0
5-굿리치몰 치매간병보험_C07,굿리치몰 치매보험,2026-03-25,PC,17,0,0
6-굿리치몰 어린이보험_C06,굿리치몰 어린이보험,2026-03-25,모바일,3,1,"14,310"
6-굿리치몰 어린이보험_C06,굿리치몰 어린이보험,2026-03-25,PC,3,0,0
0-굿리치몰(보장분석) _C16,굿리치몰,2026-03-26,모바일,3,0,0
0-굿리치몰(보장분석) _C16,굿리치몰,2026-03-26,PC,1,0,0
0-굿리치몰_C01,굿리치몰,2026-03-26,모바일,61,1,"3,040"
0-굿리치몰_C01,굿리치몰,2026-03-26,PC,212,0,0
2-굿리치몰 실비보험_C02,굿리치몰 실비보험,2026-03-26,모바일,15,1,"7,140"
2-굿리치몰 실비보험_C02,굿리치몰 실비보험,2026-03-26,PC,50,0,0
3-굿리치몰 암보험_C03,굿리치몰,2026-03-26,모바일,23,0,0
3-굿리치몰 암보험_C03,굿리치몰,2026-03-26,PC,25,0,0
4-굿리치몰 치아보험_C04,굿리치몰 치아보험,2026-03-26,모바일,6,0,0
4-굿리치몰 치아보험_C04,굿리치몰 치아보험,2026-03-26,PC,8,0,0
5-굿리치몰 치매간병보험_C07,굿리치몰 치매보험,2026-03-26,모바일,4,0,0
5-굿리치몰 치매간병보험_C07,굿리치몰 치매보험,2026-03-26,PC,12,0,0
6-굿리치몰 어린이보험_C06,굿리치몰 어린이보험,2026-03-26,모바일,2,0,0
6-굿리치몰 어린이보험_C06,굿리치몰 어린이보험,2026-03-26,PC,4,0,0
0-굿리치몰(보장분석) _C16,굿리치몰,2026-03-27,모바일,0,0,0
0-굿리치몰(보장분석) _C16,굿리치몰,2026-03-27,PC,3,0,0
0-굿리치몰_C01,굿리치몰,2026-03-27,모바일,58,0,0
0-굿리치몰_C01,굿리치몰,2026-03-27,PC,159,0,0
2-굿리치몰 실비보험_C02,굿리치몰 실비보험,2026-03-27,모바일,30,0,0
2-굿리치몰 실비보험_C02,굿리치몰 실비보험,2026-03-27,PC,38,1,"3,310"
3-굿리치몰 암보험_C03,굿리치몰,2026-03-27,모바일,21,0,0
3-굿리치몰 암보험_C03,굿리치몰,2026-03-27,PC,19,0,0
4-굿리치몰 치아보험_C04,굿리치몰 치아보험,2026-03-27,모바일,2,0,0
4-굿리치몰 치아보험_C04,굿리치몰 치아보험,2026-03-27,PC,12,0,0
5-굿리치몰 치매간병보험_C07,굿리치몰 치매보험,2026-03-27,모바일,6,0,0
5-굿리치몰 치매간병보험_C07,굿리치몰 치매보험,2026-03-27,PC,14,0,0
6-굿리치몰 어린이보험_C06,굿리치몰 어린이보험,2026-03-27,모바일,5,0,0
6-굿리치몰 어린이보험_C06,굿리치몰 어린이보험,2026-03-27,PC,0,0,0
0-굿리치몰(보장분석) _C16,굿리치몰,2026-03-28,모바일,1,0,0
0-굿리치몰(보장분석) _C16,굿리치몰,2026-03-28,PC,0,0,0
0-굿리치몰_C01,굿리치몰,2026-03-28,모바일,39,1,"3,010"
0-굿리치몰_C01,굿리치몰,2026-03-28,PC,40,2,"11,870"
2-굿리치몰 실비보험_C02,굿리치몰 실비보험,2026-03-28,모바일,18,0,0
2-굿리치몰 실비보험_C02,굿리치몰 실비보험,2026-03-28,PC,8,0,0
3-굿리치몰 암보험_C03,굿리치몰,2026-03-28,모바일,17,0,0
3-굿리치몰 암보험_C03,굿리치몰,2026-03-28,PC,8,0,0
4-굿리치몰 치아보험_C04,굿리치몰 치아보험,2026-03-28,모바일,4,0,0
4-굿리치몰 치아보험_C04,굿리치몰 치아보험,2026-03-28,PC,2,0,0
5-굿리치몰 치매간병보험_C07,굿리치몰 치매보험,2026-03-28,모바일,14,0,0
5-굿리치몰 치매간병보험_C07,굿리치몰 치매보험,2026-03-28,PC,1,0,0
6-굿리치몰 어린이보험_C06,굿리치몰 어린이보험,2026-03-28,모바일,0,0,0
6-굿리치몰 어린이보험_C06,굿리치몰 어린이보험,2026-03-28,PC,0,0,0
0-굿리치몰(보장분석) _C16,굿리치몰,2026-03-29,모바일,1,0,0
0-굿리치몰_C01,굿리치몰,2026-03-29,모바일,42,1,"11,010"
0-굿리치몰_C01,굿리치몰,2026-03-29,PC,21,0,0
2-굿리치몰 실비보험_C02,굿리치몰 실비보험,2026-03-29,모바일,14,1,"10,700"
2-굿리치몰 실비보험_C02,굿리치몰 실비보험,2026-03-29,PC,3,0,0
3-굿리치몰 암보험_C03,굿리치몰,2026-03-29,모바일,8,0,0
3-굿리치몰 암보험_C03,굿리치몰,2026-03-29,PC,7,0,0
4-굿리치몰 치아보험_C04,굿리치몰 치아보험,2026-03-29,모바일,10,0,0
4-굿리치몰 치아보험_C04,굿리치몰 치아보험,2026-03-29,PC,1,0,0
5-굿리치몰 치매간병보험_C07,굿리치몰 치매보험,2026-03-29,모바일,3,0,0
5-굿리치몰 치매간병보험_C07,굿리치몰 치매보험,2026-03-29,PC,3,0,0
6-굿리치몰 어린이보험_C06,굿리치몰 어린이보험,2026-03-29,모바일,1,0,0
6-굿리치몰 어린이보험_C06,굿리치몰 어린이보험,2026-03-29,PC,0,0,0
0-굿리치몰(보장분석) _C16,굿리치몰,2026-03-30,모바일,2,0,0
0-굿리치몰(보장분석) _C16,굿리치몰,2026-03-30,PC,2,0,0
0-굿리치몰_C01,굿리치몰,2026-03-30,모바일,88,2,"36,720"
0-굿리치몰_C01,굿리치몰,2026-03-30,PC,231,2,"20,950"
2-굿리치몰 실비보험_C02,굿리치몰 실비보험,2026-03-30,모바일,19,0,0
2-굿리치몰 실비보험_C02,굿리치몰 실비보험,2026-03-30,PC,42,1,"15,950"
3-굿리치몰 암보험_C03,굿리치몰,2026-03-30,모바일,16,0,0
3-굿리치몰 암보험_C03,굿리치몰,2026-03-30,PC,31,0,0
4-굿리치몰 치아보험_C04,굿리치몰 치아보험,2026-03-30,모바일,13,1,"3,310"
4-굿리치몰 치아보험_C04,굿리치몰 치아보험,2026-03-30,PC,11,0,0
5-굿리치몰 치매간병보험_C07,굿리치몰 치매보험,2026-03-30,모바일,3,0,0
5-굿리치몰 치매간병보험_C07,굿리치몰 치매보험,2026-03-30,PC,8,0,0
6-굿리치몰 어린이보험_C06,굿리치몰 어린이보험,2026-03-30,모바일,1,0,0
6-굿리치몰 어린이보험_C06,굿리치몰 어린이보험,2026-03-30,PC,3,0,0
0-굿리치몰(보장분석) _C16,굿리치몰,2026-03-31,모바일,3,0,0
0-굿리치몰(보장분석) _C16,굿리치몰,2026-03-31,PC,2,0,0
0-굿리치몰_C01,굿리치몰,2026-03-31,모바일,72,1,"18,360"
0-굿리치몰_C01,굿리치몰,2026-03-31,PC,222,1,110
2-굿리치몰 실비보험_C02,굿리치몰 실비보험,2026-03-31,모바일,21,0,0
2-굿리치몰 실비보험_C02,굿리치몰 실비보험,2026-03-31,PC,49,1,"10,010"
3-굿리치몰 암보험_C03,굿리치몰,2026-03-31,모바일,9,0,0
3-굿리치몰 암보험_C03,굿리치몰,2026-03-31,PC,12,1,"23,810"
4-굿리치몰 치아보험_C04,굿리치몰 치아보험,2026-03-31,모바일,8,1,"3,310"
4-굿리치몰 치아보험_C04,굿리치몰 치아보험,2026-03-31,PC,17,0,0
5-굿리치몰 치매간병보험_C07,굿리치몰 치매보험,2026-03-31,모바일,5,0,0
5-굿리치몰 치매간병보험_C07,굿리치몰 치매보험,2026-03-31,PC,12,0,0
6-굿리치몰 어린이보험_C06,굿리치몰 어린이보험,2026-03-31,모바일,4,0,0
6-굿리치몰 어린이보험_C06,굿리치몰 어린이보험,2026-03-31,PC,3,0,0
0-굿리치몰(보장분석) _C16,굿리치몰,2026-04-01,모바일,1,0,0
0-굿리치몰(보장분석) _C16,굿리치몰,2026-04-01,PC,3,0,0
0-굿리치몰_C01,굿리치몰,2026-04-01,모바일,68,3,"30,130"
0-굿리치몰_C01,굿리치몰,2026-04-01,PC,312,0,0
2-굿리치몰 실비보험_C02,굿리치몰 실비보험,2026-04-01,모바일,23,0,0
2-굿리치몰 실비보험_C02,굿리치몰 실비보험,2026-04-01,PC,33,0,0
3-굿리치몰 암보험_C03,굿리치몰,2026-04-01,모바일,33,0,0
3-굿리치몰 암보험_C03,굿리치몰,2026-04-01,PC,21,4,"95,240"
4-굿리치몰 치아보험_C04,굿리치몰 치아보험,2026-04-01,모바일,8,1,"3,310"
4-굿리치몰 치아보험_C04,굿리치몰 치아보험,2026-04-01,PC,5,0,0
5-굿리치몰 치매간병보험_C07,굿리치몰 치매보험,2026-04-01,모바일,5,0,0
5-굿리치몰 치매간병보험_C07,굿리치몰 치매보험,2026-04-01,PC,4,0,0
6-굿리치몰 어린이보험_C06,굿리치몰 어린이보험,2026-04-01,모바일,7,0,0
6-굿리치몰 어린이보험_C06,굿리치몰 어린이보험,2026-04-01,PC,3,0,0
0-굿리치몰(보장분석) _C16,굿리치몰,2026-04-02,모바일,2,0,0
0-굿리치몰(보장분석) _C16,굿리치몰,2026-04-02,PC,1,0,0
0-굿리치몰_C01,굿리치몰,2026-04-02,모바일,54,0,0
0-굿리치몰_C01,굿리치몰,2026-04-02,PC,287,0,0
2-굿리치몰 실비보험_C02,굿리치몰 실비보험,2026-04-02,모바일,15,0,0
2-굿리치몰 실비보험_C02,굿리치몰 실비보험,2026-04-02,PC,31,1,"10,610"
3-굿리치몰 암보험_C03,굿리치몰,2026-04-02,모바일,23,1,"19,080"
3-굿리치몰 암보험_C03,굿리치몰,2026-04-02,PC,18,0,0
4-굿리치몰 치아보험_C04,굿리치몰 치아보험,2026-04-02,모바일,7,0,0
4-굿리치몰 치아보험_C04,굿리치몰 치아보험,2026-04-02,PC,8,0,0
5-굿리치몰 치매간병보험_C07,굿리치몰 치매보험,2026-04-02,모바일,2,0,0
5-굿리치몰 치매간병보험_C07,굿리치몰 치매보험,2026-04-02,PC,9,0,0
6-굿리치몰 어린이보험_C06,굿리치몰 어린이보험,2026-04-02,모바일,4,0,0
6-굿리치몰 어린이보험_C06,굿리치몰 어린이보험,2026-04-02,PC,0,0,0
0-굿리치몰(보장분석) _C16,굿리치몰,2026-04-03,모바일,0,0,0
0-굿리치몰(보장분석) _C16,굿리치몰,2026-04-03,PC,0,0,0
0-굿리치몰_C01,굿리치몰,2026-04-03,모바일,66,0,0
0-굿리치몰_C01,굿리치몰,2026-04-03,PC,278,0,0
2-굿리치몰 실비보험_C02,굿리치몰 실비보험,2026-04-03,모바일,18,0,0
2-굿리치몰 실비보험_C02,굿리치몰 실비보험,2026-04-03,PC,22,0,0
3-굿리치몰 암보험_C03,굿리치몰,2026-04-03,모바일,15,0,0
3-굿리치몰 암보험_C03,굿리치몰,2026-04-03,PC,30,0,0
4-굿리치몰 치아보험_C04,굿리치몰 치아보험,2026-04-03,모바일,9,0,0
4-굿리치몰 치아보험_C04,굿리치몰 치아보험,2026-04-03,PC,9,1,"2,010"
5-굿리치몰 치매간병보험_C07,굿리치몰 치매보험,2026-04-03,모바일,4,0,0
5-굿리치몰 치매간병보험_C07,굿리치몰 치매보험,2026-04-03,PC,9,0,0
6-굿리치몰 어린이보험_C06,굿리치몰 어린이보험,2026-04-03,모바일,1,0,0
6-굿리치몰 어린이보험_C06,굿리치몰 어린이보험,2026-04-03,PC,3,0,0
0-굿리치몰(보장분석) _C16,굿리치몰,2026-04-04,모바일,0,0,0
0-굿리치몰(보장분석) _C16,굿리치몰,2026-04-04,PC,0,0,0
0-굿리치몰_C01,굿리치몰,2026-04-04,모바일,39,0,0
0-굿리치몰_C01,굿리치몰,2026-04-04,PC,38,0,0
2-굿리치몰 실비보험_C02,굿리치몰 실비보험,2026-04-04,모바일,16,1,"3,010"
2-굿리치몰 실비보험_C02,굿리치몰 실비보험,2026-04-04,PC,6,0,0
3-굿리치몰 암보험_C03,굿리치몰,2026-04-04,모바일,11,0,0
3-굿리치몰 암보험_C03,굿리치몰,2026-04-04,PC,6,1,"17,170"
4-굿리치몰 치아보험_C04,굿리치몰 치아보험,2026-04-04,모바일,4,0,0
4-굿리치몰 치아보험_C04,굿리치몰 치아보험,2026-04-04,PC,0,0,0
5-굿리치몰 치매간병보험_C07,굿리치몰 치매보험,2026-04-04,모바일,5,0,0
5-굿리치몰 치매간병보험_C07,굿리치몰 치매보험,2026-04-04,PC,4,0,0
6-굿리치몰 어린이보험_C06,굿리치몰 어린이보험,2026-04-04,모바일,1,0,0
6-굿리치몰 어린이보험_C06,굿리치몰 어린이보험,2026-04-04,PC,1,0,0
0-굿리치몰(보장분석) _C16,굿리치몰,2026-04-05,모바일,0,0,0
0-굿리치몰(보장분석) _C16,굿리치몰,2026-04-05,PC,1,0,0
0-굿리치몰_C01,굿리치몰,2026-04-05,모바일,26,1,"11,010"
0-굿리치몰_C01,굿리치몰,2026-04-05,PC,36,0,0
2-굿리치몰 실비보험_C02,굿리치몰 실비보험,2026-04-05,모바일,13,0,0
2-굿리치몰 실비보험_C02,굿리치몰 실비보험,2026-04-05,PC,9,0,0
3-굿리치몰 암보험_C03,굿리치몰,2026-04-05,모바일,19,0,0
3-굿리치몰 암보험_C03,굿리치몰,2026-04-05,PC,3,1,"17,170"
4-굿리치몰 치아보험_C04,굿리치몰 치아보험,2026-04-05,모바일,6,0,0
4-굿리치몰 치아보험_C04,굿리치몰 치아보험,2026-04-05,PC,2,0,0
5-굿리치몰 치매간병보험_C07,굿리치몰 치매보험,2026-04-05,모바일,2,0,0
5-굿리치몰 치매간병보험_C07,굿리치몰 치매보험,2026-04-05,PC,2,0,0
6-굿리치몰 어린이보험_C06,굿리치몰 어린이보험,2026-04-05,모바일,0,0,0
0-굿리치몰(보장분석) _C16,굿리치몰,2026-04-06,모바일,0,0,0
0-굿리치몰(보장분석) _C16,굿리치몰,2026-04-06,PC,0,0,0
0-굿리치몰_C01,굿리치몰,2026-04-06,모바일,80,0,0
0-굿리치몰_C01,굿리치몰,2026-04-06,PC,318,2,"31,910"
2-굿리치몰 실비보험_C02,굿리치몰 실비보험,2026-04-06,모바일,12,1,"2,190"
2-굿리치몰 실비보험_C02,굿리치몰 실비보험,2026-04-06,PC,30,0,0
3-굿리치몰 암보험_C03,굿리치몰,2026-04-06,모바일,28,1,"19,080"
3-굿리치몰 암보험_C03,굿리치몰,2026-04-06,PC,21,3,"51,510"
4-굿리치몰 치아보험_C04,굿리치몰 치아보험,2026-04-06,모바일,9,0,0
4-굿리치몰 치아보험_C04,굿리치몰 치아보험,2026-04-06,PC,5,0,0
5-굿리치몰 치매간병보험_C07,굿리치몰 치매보험,2026-04-06,모바일,5,0,0
5-굿리치몰 치매간병보험_C07,굿리치몰 치매보험,2026-04-06,PC,14,0,0
6-굿리치몰 어린이보험_C06,굿리치몰 어린이보험,2026-04-06,모바일,0,0,0
6-굿리치몰 어린이보험_C06,굿리치몰 어린이보험,2026-04-06,PC,3,0,0
0-굿리치몰(보장분석) _C16,굿리치몰,2026-04-07,모바일,0,0,0
0-굿리치몰(보장분석) _C16,굿리치몰,2026-04-07,PC,0,0,0
0-굿리치몰_C01,굿리치몰,2026-04-07,모바일,62,1,"6,010"
0-굿리치몰_C01,굿리치몰,2026-04-07,PC,315,0,0
2-굿리치몰 실비보험_C02,굿리치몰 실비보험,2026-04-07,모바일,11,0,0
2-굿리치몰 실비보험_C02,굿리치몰 실비보험,2026-04-07,PC,37,0,0
3-굿리치몰 암보험_C03,굿리치몰,2026-04-07,모바일,12,1,"8,010"
3-굿리치몰 암보험_C03,굿리치몰,2026-04-07,PC,13,3,"51,510"
4-굿리치몰 치아보험_C04,굿리치몰 치아보험,2026-04-07,모바일,6,0,0
4-굿리치몰 치아보험_C04,굿리치몰 치아보험,2026-04-07,PC,6,0,0
5-굿리치몰 치매간병보험_C07,굿리치몰 치매보험,2026-04-07,모바일,1,0,0
5-굿리치몰 치매간병보험_C07,굿리치몰 치매보험,2026-04-07,PC,11,0,0
6-굿리치몰 어린이보험_C06,굿리치몰 어린이보험,2026-04-07,모바일,0,0,0
6-굿리치몰 어린이보험_C06,굿리치몰 어린이보험,2026-04-07,PC,1,0,0
0-굿리치몰(보장분석) _C16,굿리치몰,2026-04-08,모바일,1,0,0
0-굿리치몰(보장분석) _C16,굿리치몰,2026-04-08,PC,1,0,0
0-굿리치몰_C01,굿리치몰,2026-04-08,모바일,49,1,"15,010"
0-굿리치몰_C01,굿리치몰,2026-04-08,PC,235,0,0
2-굿리치몰 실비보험_C02,굿리치몰 실비보험,2026-04-08,모바일,7,0,0
2-굿리치몰 실비보험_C02,굿리치몰 실비보험,2026-04-08,PC,29,0,0
3-굿리치몰 암보험_C03,굿리치몰,2026-04-08,모바일,13,1,"18,920"
3-굿리치몰 암보험_C03,굿리치몰,2026-04-08,PC,15,2,"33,360"
4-굿리치몰 치아보험_C04,굿리치몰 치아보험,2026-04-08,모바일,10,0,0
4-굿리치몰 치아보험_C04,굿리치몰 치아보험,2026-04-08,PC,18,0,0
5-굿리치몰 치매간병보험_C07,굿리치몰 치매보험,2026-04-08,모바일,0,0,0
5-굿리치몰 치매간병보험_C07,굿리치몰 치매보험,2026-04-08,PC,7,0,0
6-굿리치몰 어린이보험_C06,굿리치몰 어린이보험,2026-04-08,모바일,1,0,0
6-굿리치몰 어린이보험_C06,굿리치몰 어린이보험,2026-04-08,PC,6,0,0
0-굿리치몰(보장분석) _C16,굿리치몰,2026-04-09,모바일,1,0,0
0-굿리치몰(보장분석) _C16,굿리치몰,2026-04-09,PC,2,0,0
0-굿리치몰_C01,굿리치몰,2026-04-09,모바일,80,0,0
0-굿리치몰_C01,굿리치몰,2026-04-09,PC,194,2,580
2-굿리치몰 실비보험_C02,굿리치몰 실비보험,2026-04-09,모바일,20,0,0
2-굿리치몰 실비보험_C02,굿리치몰 실비보험,2026-04-09,PC,42,0,0
3-굿리치몰 암보험_C03,굿리치몰,2026-04-09,모바일,13,0,0
3-굿리치몰 암보험_C03,굿리치몰,2026-04-09,PC,30,4,"66,950"
4-굿리치몰 치아보험_C04,굿리치몰 치아보험,2026-04-09,모바일,2,0,0
4-굿리치몰 치아보험_C04,굿리치몰 치아보험,2026-04-09,PC,13,0,0
5-굿리치몰 치매간병보험_C07,굿리치몰 치매보험,2026-04-09,모바일,4,0,0
5-굿리치몰 치매간병보험_C07,굿리치몰 치매보험,2026-04-09,PC,10,0,0
6-굿리치몰 어린이보험_C06,굿리치몰 어린이보험,2026-04-09,모바일,0,0,0
6-굿리치몰 어린이보험_C06,굿리치몰 어린이보험,2026-04-09,PC,5,0,0
0-굿리치몰(보장분석) _C16,굿리치몰,2026-04-10,모바일,0,0,0
0-굿리치몰(보장분석) _C16,굿리치몰,2026-04-10,PC,2,0,0
0-굿리치몰_C01,굿리치몰,2026-04-10,모바일,62,3,"38,100"
0-굿리치몰_C01,굿리치몰,2026-04-10,PC,277,0,0
2-굿리치몰 실비보험_C02,굿리치몰 실비보험,2026-04-10,모바일,13,1,"2,550"
2-굿리치몰 실비보험_C02,굿리치몰 실비보험,2026-04-10,PC,37,0,0
3-굿리치몰 암보험_C03,굿리치몰,2026-04-10,모바일,15,1,"19,080"
3-굿리치몰 암보험_C03,굿리치몰,2026-04-10,PC,16,5,"84,720"
4-굿리치몰 치아보험_C04,굿리치몰 치아보험,2026-04-10,모바일,11,1,"3,310"
4-굿리치몰 치아보험_C04,굿리치몰 치아보험,2026-04-10,PC,16,0,0
5-굿리치몰 치매간병보험_C07,굿리치몰 치매보험,2026-04-10,모바일,7,0,0
5-굿리치몰 치매간병보험_C07,굿리치몰 치매보험,2026-04-10,PC,8,0,0
6-굿리치몰 어린이보험_C06,굿리치몰 어린이보험,2026-04-10,모바일,1,0,0
6-굿리치몰 어린이보험_C06,굿리치몰 어린이보험,2026-04-10,PC,3,0,0
0-굿리치몰(보장분석) _C16,굿리치몰,2026-04-11,모바일,1,0,0
0-굿리치몰_C01,굿리치몰,2026-04-11,모바일,50,0,0
0-굿리치몰_C01,굿리치몰,2026-04-11,PC,57,0,0
2-굿리치몰 실비보험_C02,굿리치몰 실비보험,2026-04-11,모바일,12,0,0
2-굿리치몰 실비보험_C02,굿리치몰 실비보험,2026-04-11,PC,8,0,0
3-굿리치몰 암보험_C03,굿리치몰,2026-04-11,모바일,14,0,0
3-굿리치몰 암보험_C03,굿리치몰,2026-04-11,PC,5,17,"249,900"
4-굿리치몰 치아보험_C04,굿리치몰 치아보험,2026-04-11,모바일,6,2,"6,620"
4-굿리치몰 치아보험_C04,굿리치몰 치아보험,2026-04-11,PC,1,0,0
5-굿리치몰 치매간병보험_C07,굿리치몰 치매보험,2026-04-11,모바일,5,0,0
5-굿리치몰 치매간병보험_C07,굿리치몰 치매보험,2026-04-11,PC,4,0,0
6-굿리치몰 어린이보험_C06,굿리치몰 어린이보험,2026-04-11,모바일,4,1,"4,210"
0-굿리치몰_C01,굿리치몰,2026-04-12,모바일,36,0,0
0-굿리치몰_C01,굿리치몰,2026-04-12,PC,48,0,0
2-굿리치몰 실비보험_C02,굿리치몰 실비보험,2026-04-12,모바일,12,2,"21,400"
2-굿리치몰 실비보험_C02,굿리치몰 실비보험,2026-04-12,PC,5,0,0
3-굿리치몰 암보험_C03,굿리치몰,2026-04-12,모바일,9,0,0
3-굿리치몰 암보험_C03,굿리치몰,2026-04-12,PC,0,34,"522,900"
4-굿리치몰 치아보험_C04,굿리치몰 치아보험,2026-04-12,모바일,3,1,"3,310"
4-굿리치몰 치아보험_C04,굿리치몰 치아보험,2026-04-12,PC,3,0,0
5-굿리치몰 치매간병보험_C07,굿리치몰 치매보험,2026-04-12,모바일,4,0,0
5-굿리치몰 치매간병보험_C07,굿리치몰 치매보험,2026-04-12,PC,2,0,0
6-굿리치몰 어린이보험_C06,굿리치몰 어린이보험,2026-04-12,모바일,1,0,0
0-굿리치몰(보장분석) _C16,굿리치몰,2026-04-13,모바일,0,0,0
0-굿리치몰(보장분석) _C16,굿리치몰,2026-04-13,PC,1,0,0
0-굿리치몰_C01,굿리치몰,2026-04-13,모바일,88,3,"30,530"
0-굿리치몰_C01,굿리치몰,2026-04-13,PC,299,1,510
2-굿리치몰 실비보험_C02,굿리치몰 실비보험,2026-04-13,모바일,14,0,0
2-굿리치몰 실비보험_C02,굿리치몰 실비보험,2026-04-13,PC,33,0,0
3-굿리치몰 암보험_C03,굿리치몰,2026-04-13,모바일,31,2,"27,090"
3-굿리치몰 암보험_C03,굿리치몰,2026-04-13,PC,13,30,"681,080"
4-굿리치몰 치아보험_C04,굿리치몰 치아보험,2026-04-13,모바일,10,0,0
4-굿리치몰 치아보험_C04,굿리치몰 치아보험,2026-04-13,PC,14,0,0
5-굿리치몰 치매간병보험_C07,굿리치몰 치매보험,2026-04-13,모바일,5,0,0
5-굿리치몰 치매간병보험_C07,굿리치몰 치매보험,2026-04-13,PC,7,0,0
6-굿리치몰 어린이보험_C06,굿리치몰 어린이보험,2026-04-13,모바일,2,0,0
6-굿리치몰 어린이보험_C06,굿리치몰 어린이보험,2026-04-13,PC,1,0,0
0-굿리치몰(보장분석) _C16,굿리치몰,2026-04-14,모바일,0,0,0
0-굿리치몰(보장분석) _C16,굿리치몰,2026-04-14,PC,4,1,"3,010"
0-굿리치몰_C01,굿리치몰,2026-04-14,모바일,89,0,0
0-굿리치몰_C01,굿리치몰,2026-04-14,PC,255,0,0
2-굿리치몰 실비보험_C02,굿리치몰 실비보험,2026-04-14,모바일,18,0,0
2-굿리치몰 실비보험_C02,굿리치몰 실비보험,2026-04-14,PC,33,0,0
3-굿리치몰 암보험_C03,굿리치몰,2026-04-14,모바일,27,0,0
3-굿리치몰 암보험_C03,굿리치몰,2026-04-14,PC,25,24,"720,240"
4-굿리치몰 치아보험_C04,굿리치몰 치아보험,2026-04-14,모바일,5,1,"3,310"
4-굿리치몰 치아보험_C04,굿리치몰 치아보험,2026-04-14,PC,14,0,0
5-굿리치몰 치매간병보험_C07,굿리치몰 치매보험,2026-04-14,모바일,3,0,0
5-굿리치몰 치매간병보험_C07,굿리치몰 치매보험,2026-04-14,PC,12,0,0
6-굿리치몰 어린이보험_C06,굿리치몰 어린이보험,2026-04-14,모바일,5,0,0
6-굿리치몰 어린이보험_C06,굿리치몰 어린이보험,2026-04-14,PC,0,0,0
0-굿리치몰(보장분석) _C16,굿리치몰,2026-04-15,모바일,0,0,0
0-굿리치몰(보장분석) _C16,굿리치몰,2026-04-15,PC,2,0,0
0-굿리치몰_C01,굿리치몰,2026-04-15,모바일,102,4,"59,500"
0-굿리치몰_C01,굿리치몰,2026-04-15,PC,156,1,430
2-굿리치몰 실비보험_C02,굿리치몰 실비보험,2026-04-15,모바일,17,0,0
2-굿리치몰 실비보험_C02,굿리치몰 실비보험,2026-04-15,PC,22,0,0
3-굿리치몰 암보험_C03,굿리치몰,2026-04-15,모바일,12,0,0
3-굿리치몰 암보험_C03,굿리치몰,2026-04-15,PC,22,33,"847,330"
4-굿리치몰 치아보험_C04,굿리치몰 치아보험,2026-04-15,모바일,6,0,0
4-굿리치몰 치아보험_C04,굿리치몰 치아보험,2026-04-15,PC,4,0,0
5-굿리치몰 치매간병보험_C07,굿리치몰 치매보험,2026-04-15,모바일,4,0,0
5-굿리치몰 치매간병보험_C07,굿리치몰 치매보험,2026-04-15,PC,8,0,0
6-굿리치몰 어린이보험_C06,굿리치몰 어린이보험,2026-04-15,모바일,3,0,0
6-굿리치몰 어린이보험_C06,굿리치몰 어린이보험,2026-04-15,PC,5,0,0
0-굿리치몰(보장분석) _C16,굿리치몰,2026-04-16,모바일,1,1,"5,480"
0-굿리치몰(보장분석) _C16,굿리치몰,2026-04-16,PC,1,0,0
0-굿리치몰_C01,굿리치몰,2026-04-16,모바일,83,2,"36,720"
0-굿리치몰_C01,굿리치몰,2026-04-16,PC,208,0,0
2-굿리치몰 실비보험_C02,굿리치몰 실비보험,2026-04-16,모바일,16,0,0
2-굿리치몰 실비보험_C02,굿리치몰 실비보험,2026-04-16,PC,25,0,0
3-굿리치몰 암보험_C03,굿리치몰,2026-04-16,모바일,19,0,0
3-굿리치몰 암보험_C03,굿리치몰,2026-04-16,PC,26,19,"570,190"
4-굿리치몰 치아보험_C04,굿리치몰 치아보험,2026-04-16,모바일,7,0,0
4-굿리치몰 치아보험_C04,굿리치몰 치아보험,2026-04-16,PC,14,0,0
5-굿리치몰 치매간병보험_C07,굿리치몰 치매보험,2026-04-16,모바일,5,0,0
5-굿리치몰 치매간병보험_C07,굿리치몰 치매보험,2026-04-16,PC,11,0,0
6-굿리치몰 어린이보험_C06,굿리치몰 어린이보험,2026-04-16,모바일,2,0,0
6-굿리치몰 어린이보험_C06,굿리치몰 어린이보험,2026-04-16,PC,1,0,0
0-굿리치몰(보장분석) _C16,굿리치몰,2026-04-17,모바일,0,0,0
0-굿리치몰(보장분석) _C16,굿리치몰,2026-04-17,PC,0,0,0
0-굿리치몰_C01,굿리치몰,2026-04-17,모바일,94,3,"55,080"
0-굿리치몰_C01,굿리치몰,2026-04-17,PC,206,0,0
2-굿리치몰 실비보험_C02,굿리치몰 실비보험,2026-04-17,모바일,12,0,0
2-굿리치몰 실비보험_C02,굿리치몰 실비보험,2026-04-17,PC,20,0,0
3-굿리치몰 암보험_C03,굿리치몰,2026-04-17,모바일,29,1,"11,010"
3-굿리치몰 암보험_C03,굿리치몰,2026-04-17,PC,17,12,"360,120"
4-굿리치몰 치아보험_C04,굿리치몰 치아보험,2026-04-17,모바일,2,0,0
4-굿리치몰 치아보험_C04,굿리치몰 치아보험,2026-04-17,PC,9,0,0
5-굿리치몰 치매간병보험_C07,굿리치몰 치매보험,2026-04-17,모바일,5,0,0
5-굿리치몰 치매간병보험_C07,굿리치몰 치매보험,2026-04-17,PC,8,0,0
6-굿리치몰 어린이보험_C06,굿리치몰 어린이보험,2026-04-17,모바일,0,0,0
6-굿리치몰 어린이보험_C06,굿리치몰 어린이보험,2026-04-17,PC,2,0,0
0-굿리치몰(보장분석) _C16,굿리치몰,2026-04-18,모바일,1,0,0
0-굿리치몰_C01,굿리치몰,2026-04-18,모바일,71,2,"26,020"
0-굿리치몰_C01,굿리치몰,2026-04-18,PC,34,0,0
2-굿리치몰 실비보험_C02,굿리치몰 실비보험,2026-04-18,모바일,15,1,"13,140"
2-굿리치몰 실비보험_C02,굿리치몰 실비보험,2026-04-18,PC,9,0,0
3-굿리치몰 암보험_C03,굿리치몰,2026-04-18,모바일,10,0,0
3-굿리치몰 암보험_C03,굿리치몰,2026-04-18,PC,6,16,"480,160"
4-굿리치몰 치아보험_C04,굿리치몰 치아보험,2026-04-18,모바일,8,0,0
4-굿리치몰 치아보험_C04,굿리치몰 치아보험,2026-04-18,PC,5,0,0
5-굿리치몰 치매간병보험_C07,굿리치몰 치매보험,2026-04-18,모바일,9,0,0
5-굿리치몰 치매간병보험_C07,굿리치몰 치매보험,2026-04-18,PC,4,0,0
6-굿리치몰 어린이보험_C06,굿리치몰 어린이보험,2026-04-18,모바일,0,0,0
6-굿리치몰 어린이보험_C06,굿리치몰 어린이보험,2026-04-18,PC,1,0,0
0-굿리치몰(보장분석) _C16,굿리치몰,2026-04-19,모바일,1,0,0
0-굿리치몰_C01,굿리치몰,2026-04-19,모바일,50,2,"26,020"
0-굿리치몰_C01,굿리치몰,2026-04-19,PC,34,0,0
2-굿리치몰 실비보험_C02,굿리치몰 실비보험,2026-04-19,모바일,7,0,0
2-굿리치몰 실비보험_C02,굿리치몰 실비보험,2026-04-19,PC,9,0,0
3-굿리치몰 암보험_C03,굿리치몰,2026-04-19,모바일,14,0,0
3-굿리치몰 암보험_C03,굿리치몰,2026-04-19,PC,6,14,"420,140"
4-굿리치몰 치아보험_C04,굿리치몰 치아보험,2026-04-19,모바일,3,0,0
4-굿리치몰 치아보험_C04,굿리치몰 치아보험,2026-04-19,PC,3,0,0
5-굿리치몰 치매간병보험_C07,굿리치몰 치매보험,2026-04-19,모바일,2,0,0
5-굿리치몰 치매간병보험_C07,굿리치몰 치매보험,2026-04-19,PC,1,0,0
6-굿리치몰 어린이보험_C06,굿리치몰 어린이보험,2026-04-19,모바일,3,0,0
6-굿리치몰 어린이보험_C06,굿리치몰 어린이보험,2026-04-19,PC,1,0,0
0-굿리치몰(보장분석) _C16,굿리치몰,2026-04-20,모바일,0,0,0
0-굿리치몰(보장분석) _C16,굿리치몰,2026-04-20,PC,3,0,0
0-굿리치몰_C01,굿리치몰,2026-04-20,모바일,100,0,0
0-굿리치몰_C01,굿리치몰,2026-04-20,PC,252,1,510
2-굿리치몰 실비보험_C02,굿리치몰 실비보험,2026-04-20,모바일,18,1,"6,080"
2-굿리치몰 실비보험_C02,굿리치몰 실비보험,2026-04-20,PC,32,0,0
3-굿리치몰 암보험_C03,굿리치몰,2026-04-20,모바일,14,0,0
3-굿리치몰 암보험_C03,굿리치몰,2026-04-20,PC,29,37,"1,005,370"
4-굿리치몰 치아보험_C04,굿리치몰 치아보험,2026-04-20,모바일,8,0,0
4-굿리치몰 치아보험_C04,굿리치몰 치아보험,2026-04-20,PC,5,0,0
5-굿리치몰 치매간병보험_C07,굿리치몰 치매보험,2026-04-20,모바일,4,0,0
5-굿리치몰 치매간병보험_C07,굿리치몰 치매보험,2026-04-20,PC,6,0,0
6-굿리치몰 어린이보험_C06,굿리치몰 어린이보험,2026-04-20,모바일,1,0,0
6-굿리치몰 어린이보험_C06,굿리치몰 어린이보험,2026-04-20,PC,6,0,0
0-굿리치몰(보장분석) _C16,굿리치몰,2026-04-21,모바일,0,0,0
0-굿리치몰(보장분석) _C16,굿리치몰,2026-04-21,PC,2,0,0
0-굿리치몰_C01,굿리치몰,2026-04-21,모바일,118,1,"18,360"
0-굿리치몰_C01,굿리치몰,2026-04-21,PC,250,0,0
2-굿리치몰 실비보험_C02,굿리치몰 실비보험,2026-04-21,모바일,22,2,"11,490"
2-굿리치몰 실비보험_C02,굿리치몰 실비보험,2026-04-21,PC,41,1,"10,010"
3-굿리치몰 암보험_C03,굿리치몰,2026-04-21,모바일,20,0,0
3-굿리치몰 암보험_C03,굿리치몰,2026-04-21,PC,22,26,"780,260"
4-굿리치몰 치아보험_C04,굿리치몰 치아보험,2026-04-21,모바일,5,0,0
4-굿리치몰 치아보험_C04,굿리치몰 치아보험,2026-04-21,PC,7,0,0
5-굿리치몰 치매간병보험_C07,굿리치몰 치매보험,2026-04-21,모바일,8,0,0
5-굿리치몰 치매간병보험_C07,굿리치몰 치매보험,2026-04-21,PC,13,0,0
6-굿리치몰 어린이보험_C06,굿리치몰 어린이보험,2026-04-21,모바일,1,0,0
6-굿리치몰 어린이보험_C06,굿리치몰 어린이보험,2026-04-21,PC,4,0,0
0-굿리치몰(보장분석) _C16,굿리치몰,2026-04-22,모바일,2,0,0
0-굿리치몰(보장분석) _C16,굿리치몰,2026-04-22,PC,1,0,0
0-굿리치몰_C01,굿리치몰,2026-04-22,모바일,126,0,0
0-굿리치몰_C01,굿리치몰,2026-04-22,PC,232,0,0
2-굿리치몰 실비보험_C02,굿리치몰 실비보험,2026-04-22,모바일,12,0,0
2-굿리치몰 실비보험_C02,굿리치몰 실비보험,2026-04-22,PC,38,0,0
3-굿리치몰 암보험_C03,굿리치몰,2026-04-22,모바일,19,0,0
3-굿리치몰 암보험_C03,굿리치몰,2026-04-22,PC,16,2,"60,020"
4-굿리치몰 치아보험_C04,굿리치몰 치아보험,2026-04-22,모바일,9,0,0
4-굿리치몰 치아보험_C04,굿리치몰 치아보험,2026-04-22,PC,8,0,0
5-굿리치몰 치매간병보험_C07,굿리치몰 치매보험,2026-04-22,모바일,1,0,0
5-굿리치몰 치매간병보험_C07,굿리치몰 치매보험,2026-04-22,PC,21,1,"3,050"
6-굿리치몰 어린이보험_C06,굿리치몰 어린이보험,2026-04-22,모바일,1,0,0
6-굿리치몰 어린이보험_C06,굿리치몰 어린이보험,2026-04-22,PC,1,0,0
0-굿리치몰(보장분석) _C16,굿리치몰,2026-04-23,모바일,1,0,0
0-굿리치몰(보장분석) _C16,굿리치몰,2026-04-23,PC,1,0,0
0-굿리치몰_C01,굿리치몰,2026-04-23,모바일,105,0,0
0-굿리치몰_C01,굿리치몰,2026-04-23,PC,245,1,"5,220"
2-굿리치몰 실비보험_C02,굿리치몰 실비보험,2026-04-23,모바일,23,1,"8,010"
2-굿리치몰 실비보험_C02,굿리치몰 실비보험,2026-04-23,PC,29,0,0
3-굿리치몰 암보험_C03,굿리치몰,2026-04-23,모바일,17,0,0
3-굿리치몰 암보험_C03,굿리치몰,2026-04-23,PC,17,0,0
4-굿리치몰 치아보험_C04,굿리치몰 치아보험,2026-04-23,모바일,13,0,0
4-굿리치몰 치아보험_C04,굿리치몰 치아보험,2026-04-23,PC,9,0,0
5-굿리치몰 치매간병보험_C07,굿리치몰 치매보험,2026-04-23,모바일,5,0,0
5-굿리치몰 치매간병보험_C07,굿리치몰 치매보험,2026-04-23,PC,8,0,0
6-굿리치몰 어린이보험_C06,굿리치몰 어린이보험,2026-04-23,모바일,0,0,0
6-굿리치몰 어린이보험_C06,굿리치몰 어린이보험,2026-04-23,PC,4,0,0
0-굿리치몰(보장분석) _C16,굿리치몰,2026-04-24,모바일,0,0,0
0-굿리치몰(보장분석) _C16,굿리치몰,2026-04-24,PC,0,0,0
0-굿리치몰_C01,굿리치몰,2026-04-24,모바일,117,0,0
0-굿리치몰_C01,굿리치몰,2026-04-24,PC,201,0,0
2-굿리치몰 실비보험_C02,굿리치몰 실비보험,2026-04-24,모바일,22,1,"9,810"
2-굿리치몰 실비보험_C02,굿리치몰 실비보험,2026-04-24,PC,26,0,0
3-굿리치몰 암보험_C03,굿리치몰,2026-04-24,모바일,13,0,0
3-굿리치몰 암보험_C03,굿리치몰,2026-04-24,PC,25,1,"18,140"
4-굿리치몰 치아보험_C04,굿리치몰 치아보험,2026-04-24,모바일,1,0,0
4-굿리치몰 치아보험_C04,굿리치몰 치아보험,2026-04-24,PC,9,0,0
5-굿리치몰 치매간병보험_C07,굿리치몰 치매보험,2026-04-24,모바일,3,0,0
5-굿리치몰 치매간병보험_C07,굿리치몰 치매보험,2026-04-24,PC,8,0,0
6-굿리치몰 어린이보험_C06,굿리치몰 어린이보험,2026-04-24,모바일,0,0,0
6-굿리치몰 어린이보험_C06,굿리치몰 어린이보험,2026-04-24,PC,1,0,0
0-굿리치몰(보장분석) _C16,굿리치몰,2026-04-25,모바일,1,0,0
0-굿리치몰(보장분석) _C16,굿리치몰,2026-04-25,PC,1,0,0
0-굿리치몰_C01,굿리치몰,2026-04-25,모바일,87,1,"2,010"
0-굿리치몰_C01,굿리치몰,2026-04-25,PC,59,0,0
2-굿리치몰 실비보험_C02,굿리치몰 실비보험,2026-04-25,모바일,14,0,0
2-굿리치몰 실비보험_C02,굿리치몰 실비보험,2026-04-25,PC,11,0,0
3-굿리치몰 암보험_C03,굿리치몰,2026-04-25,모바일,16,0,0
3-굿리치몰 암보험_C03,굿리치몰,2026-04-25,PC,5,0,0
4-굿리치몰 치아보험_C04,굿리치몰 치아보험,2026-04-25,모바일,5,0,0
4-굿리치몰 치아보험_C04,굿리치몰 치아보험,2026-04-25,PC,3,0,0
5-굿리치몰 치매간병보험_C07,굿리치몰 치매보험,2026-04-25,모바일,9,0,0
5-굿리치몰 치매간병보험_C07,굿리치몰 치매보험,2026-04-25,PC,3,0,0
6-굿리치몰 어린이보험_C06,굿리치몰 어린이보험,2026-04-25,모바일,0,0,0
6-굿리치몰 어린이보험_C06,굿리치몰 어린이보험,2026-04-25,PC,1,0,0
0-굿리치몰(보장분석) _C16,굿리치몰,2026-04-26,모바일,0,0,0
0-굿리치몰_C01,굿리치몰,2026-04-26,모바일,65,2,"6,660"
0-굿리치몰_C01,굿리치몰,2026-04-26,PC,39,1,"13,510"
2-굿리치몰 실비보험_C02,굿리치몰 실비보험,2026-04-26,모바일,13,0,0
2-굿리치몰 실비보험_C02,굿리치몰 실비보험,2026-04-26,PC,8,0,0
3-굿리치몰 암보험_C03,굿리치몰,2026-04-26,모바일,11,0,0
3-굿리치몰 암보험_C03,굿리치몰,2026-04-26,PC,3,0,0
4-굿리치몰 치아보험_C04,굿리치몰 치아보험,2026-04-26,모바일,5,0,0
4-굿리치몰 치아보험_C04,굿리치몰 치아보험,2026-04-26,PC,1,0,0
5-굿리치몰 치매간병보험_C07,굿리치몰 치매보험,2026-04-26,모바일,7,0,0
5-굿리치몰 치매간병보험_C07,굿리치몰 치매보험,2026-04-26,PC,4,0,0
6-굿리치몰 어린이보험_C06,굿리치몰 어린이보험,2026-04-26,모바일,1,0,0
0-굿리치몰(보장분석) _C16,굿리치몰,2026-04-27,모바일,0,0,0
0-굿리치몰(보장분석) _C16,굿리치몰,2026-04-27,PC,2,0,0
0-굿리치몰_C01,굿리치몰,2026-04-27,모바일,90,1,"6,010"
0-굿리치몰_C01,굿리치몰,2026-04-27,PC,205,0,0
2-굿리치몰 실비보험_C02,굿리치몰 실비보험,2026-04-27,모바일,19,1,"13,650"
2-굿리치몰 실비보험_C02,굿리치몰 실비보험,2026-04-27,PC,41,0,0
3-굿리치몰 암보험_C03,굿리치몰,2026-04-27,모바일,15,0,0
3-굿리치몰 암보험_C03,굿리치몰,2026-04-27,PC,28,1,"8,010"
4-굿리치몰 치아보험_C04,굿리치몰 치아보험,2026-04-27,모바일,9,0,0
4-굿리치몰 치아보험_C04,굿리치몰 치아보험,2026-04-27,PC,4,0,0
5-굿리치몰 치매간병보험_C07,굿리치몰 치매보험,2026-04-27,모바일,4,0,0
5-굿리치몰 치매간병보험_C07,굿리치몰 치매보험,2026-04-27,PC,6,0,0
6-굿리치몰 어린이보험_C06,굿리치몰 어린이보험,2026-04-27,모바일,1,0,0
6-굿리치몰 어린이보험_C06,굿리치몰 어린이보험,2026-04-27,PC,6,0,0
0-굿리치몰(보장분석) _C16,굿리치몰,2026-04-28,모바일,2,0,0
0-굿리치몰(보장분석) _C16,굿리치몰,2026-04-28,PC,2,0,0
0-굿리치몰_C01,굿리치몰,2026-04-28,모바일,109,1,"4,010"
0-굿리치몰_C01,굿리치몰,2026-04-28,PC,163,0,0
2-굿리치몰 실비보험_C02,굿리치몰 실비보험,2026-04-28,모바일,34,0,0
2-굿리치몰 실비보험_C02,굿리치몰 실비보험,2026-04-28,PC,51,1,"5,380"
3-굿리치몰 암보험_C03,굿리치몰,2026-04-28,모바일,17,1,"15,040"
3-굿리치몰 암보험_C03,굿리치몰,2026-04-28,PC,16,0,0
4-굿리치몰 치아보험_C04,굿리치몰 치아보험,2026-04-28,모바일,6,0,0
4-굿리치몰 치아보험_C04,굿리치몰 치아보험,2026-04-28,PC,6,0,0
5-굿리치몰 치매간병보험_C07,굿리치몰 치매보험,2026-04-28,모바일,6,0,0
5-굿리치몰 치매간병보험_C07,굿리치몰 치매보험,2026-04-28,PC,8,0,0
6-굿리치몰 어린이보험_C06,굿리치몰 어린이보험,2026-04-28,모바일,1,0,0
6-굿리치몰 어린이보험_C06,굿리치몰 어린이보험,2026-04-28,PC,3,0,0
0-굿리치몰(보장분석) _C16,굿리치몰,2026-04-29,모바일,0,0,0
0-굿리치몰(보장분석) _C16,굿리치몰,2026-04-29,PC,1,0,0
0-굿리치몰_C01,굿리치몰,2026-04-29,모바일,93,4,"47,320"
0-굿리치몰_C01,굿리치몰,2026-04-29,PC,198,2,"21,840"
2-굿리치몰 실비보험_C02,굿리치몰 실비보험,2026-04-29,모바일,17,1,"9,810"
2-굿리치몰 실비보험_C02,굿리치몰 실비보험,2026-04-29,PC,41,0,0
3-굿리치몰 암보험_C03,굿리치몰,2026-04-29,모바일,7,0,0
3-굿리치몰 암보험_C03,굿리치몰,2026-04-29,PC,16,0,0
4-굿리치몰 치아보험_C04,굿리치몰 치아보험,2026-04-29,모바일,11,0,0
4-굿리치몰 치아보험_C04,굿리치몰 치아보험,2026-04-29,PC,9,0,0
5-굿리치몰 치매간병보험_C07,굿리치몰 치매보험,2026-04-29,모바일,2,0,0
5-굿리치몰 치매간병보험_C07,굿리치몰 치매보험,2026-04-29,PC,7,0,0
6-굿리치몰 어린이보험_C06,굿리치몰 어린이보험,2026-04-29,모바일,4,0,0
6-굿리치몰 어린이보험_C06,굿리치몰 어린이보험,2026-04-29,PC,1,0,0
0-굿리치몰(보장분석) _C16,굿리치몰,2026-04-30,모바일,0,0,0
0-굿리치몰(보장분석) _C16,굿리치몰,2026-04-30,PC,1,0,0
0-굿리치몰_C01,굿리치몰,2026-04-30,모바일,119,0,0
0-굿리치몰_C01,굿리치몰,2026-04-30,PC,166,0,0
2-굿리치몰 실비보험_C02,굿리치몰 실비보험,2026-04-30,모바일,19,0,0
2-굿리치몰 실비보험_C02,굿리치몰 실비보험,2026-04-30,PC,62,0,0
3-굿리치몰 암보험_C03,굿리치몰,2026-04-30,모바일,21,0,0
3-굿리치몰 암보험_C03,굿리치몰,2026-04-30,PC,25,0,0
4-굿리치몰 치아보험_C04,굿리치몰 치아보험,2026-04-30,모바일,10,0,0
4-굿리치몰 치아보험_C04,굿리치몰 치아보험,2026-04-30,PC,11,0,0
5-굿리치몰 치매간병보험_C07,굿리치몰 치매보험,2026-04-30,모바일,6,0,0
5-굿리치몰 치매간병보험_C07,굿리치몰 치매보험,2026-04-30,PC,4,0,0
6-굿리치몰 어린이보험_C06,굿리치몰 어린이보험,2026-04-30,모바일,1,0,0
6-굿리치몰 어린이보험_C06,굿리치몰 어린이보험,2026-04-30,PC,7,0,0
0-굿리치몰(보장분석) _C16,굿리치몰,2026-05-01,모바일,0,0,0
0-굿리치몰_C01,굿리치몰,2026-05-01,모바일,76,1,"18,360"
0-굿리치몰_C01,굿리치몰,2026-05-01,PC,39,0,0
2-굿리치몰 실비보험_C02,굿리치몰 실비보험,2026-05-01,모바일,16,1,"2,140"
2-굿리치몰 실비보험_C02,굿리치몰 실비보험,2026-05-01,PC,11,0,0
3-굿리치몰 암보험_C03,굿리치몰,2026-05-01,모바일,6,0,0
3-굿리치몰 암보험_C03,굿리치몰,2026-05-01,PC,1,0,0
4-굿리치몰 치아보험_C04,굿리치몰 치아보험,2026-05-01,모바일,3,0,0
4-굿리치몰 치아보험_C04,굿리치몰 치아보험,2026-05-01,PC,4,0,0
5-굿리치몰 치매간병보험_C07,굿리치몰 치매보험,2026-05-01,모바일,2,0,0
5-굿리치몰 치매간병보험_C07,굿리치몰 치매보험,2026-05-01,PC,1,0,0
6-굿리치몰 어린이보험_C06,굿리치몰 어린이보험,2026-05-01,모바일,1,0,0
0-굿리치몰(보장분석) _C16,굿리치몰,2026-05-02,모바일,0,0,0
0-굿리치몰_C01,굿리치몰,2026-05-02,모바일,57,0,0
0-굿리치몰_C01,굿리치몰,2026-05-02,PC,45,0,0
2-굿리치몰 실비보험_C02,굿리치몰 실비보험,2026-05-02,모바일,14,0,0
2-굿리치몰 실비보험_C02,굿리치몰 실비보험,2026-05-02,PC,14,0,0
3-굿리치몰 암보험_C03,굿리치몰,2026-05-02,모바일,10,0,0
3-굿리치몰 암보험_C03,굿리치몰,2026-05-02,PC,9,0,0
4-굿리치몰 치아보험_C04,굿리치몰 치아보험,2026-05-02,모바일,6,0,0
4-굿리치몰 치아보험_C04,굿리치몰 치아보험,2026-05-02,PC,0,0,0
5-굿리치몰 치매간병보험_C07,굿리치몰 치매보험,2026-05-02,모바일,2,0,0
5-굿리치몰 치매간병보험_C07,굿리치몰 치매보험,2026-05-02,PC,1,0,0
6-굿리치몰 어린이보험_C06,굿리치몰 어린이보험,2026-05-02,모바일,0,0,0
6-굿리치몰 어린이보험_C06,굿리치몰 어린이보험,2026-05-02,PC,0,0,0
0-굿리치몰(보장분석) _C16,굿리치몰,2026-05-03,모바일,1,0,0
0-굿리치몰(보장분석) _C16,굿리치몰,2026-05-03,PC,0,0,0
0-굿리치몰_C01,굿리치몰,2026-05-03,모바일,53,0,0
0-굿리치몰_C01,굿리치몰,2026-05-03,PC,31,0,0
2-굿리치몰 실비보험_C02,굿리치몰 실비보험,2026-05-03,모바일,11,0,0
2-굿리치몰 실비보험_C02,굿리치몰 실비보험,2026-05-03,PC,8,0,0
3-굿리치몰 암보험_C03,굿리치몰,2026-05-03,모바일,4,0,0
3-굿리치몰 암보험_C03,굿리치몰,2026-05-03,PC,7,0,0
4-굿리치몰 치아보험_C04,굿리치몰 치아보험,2026-05-03,모바일,4,0,0
4-굿리치몰 치아보험_C04,굿리치몰 치아보험,2026-05-03,PC,2,0,0
5-굿리치몰 치매간병보험_C07,굿리치몰 치매보험,2026-05-03,모바일,4,0,0
5-굿리치몰 치매간병보험_C07,굿리치몰 치매보험,2026-05-03,PC,0,0,0
6-굿리치몰 어린이보험_C06,굿리치몰 어린이보험,2026-05-03,모바일,0,0,0
6-굿리치몰 어린이보험_C06,굿리치몰 어린이보험,2026-05-03,PC,0,0,0
0-굿리치몰(보장분석) _C16,굿리치몰,2026-05-04,모바일,2,1,"18,600"
0-굿리치몰(보장분석) _C16,굿리치몰,2026-05-04,PC,2,0,0
0-굿리치몰_C01,굿리치몰,2026-05-04,모바일,111,1,"11,010"
0-굿리치몰_C01,굿리치몰,2026-05-04,PC,170,0,0
2-굿리치몰 실비보험_C02,굿리치몰 실비보험,2026-05-04,모바일,17,1,"10,700"
2-굿리치몰 실비보험_C02,굿리치몰 실비보험,2026-05-04,PC,44,1,"10,010"
3-굿리치몰 암보험_C03,굿리치몰,2026-05-04,모바일,11,2,"38,160"
3-굿리치몰 암보험_C03,굿리치몰,2026-05-04,PC,23,0,0
4-굿리치몰 치아보험_C04,굿리치몰 치아보험,2026-05-04,모바일,4,1,"3,310"
4-굿리치몰 치아보험_C04,굿리치몰 치아보험,2026-05-04,PC,12,0,0
5-굿리치몰 치매간병보험_C07,굿리치몰 치매보험,2026-05-04,모바일,1,0,0
5-굿리치몰 치매간병보험_C07,굿리치몰 치매보험,2026-05-04,PC,2,0,0
6-굿리치몰 어린이보험_C06,굿리치몰 어린이보험,2026-05-04,모바일,1,0,0
6-굿리치몰 어린이보험_C06,굿리치몰 어린이보험,2026-05-04,PC,3,0,0
0-굿리치몰(보장분석) _C16,굿리치몰,2026-05-05,모바일,1,0,0
0-굿리치몰_C01,굿리치몰,2026-05-05,모바일,77,1,"4,420"
0-굿리치몰_C01,굿리치몰,2026-05-05,PC,57,0,0
2-굿리치몰 실비보험_C02,굿리치몰 실비보험,2026-05-05,모바일,20,2,"20,510"
2-굿리치몰 실비보험_C02,굿리치몰 실비보험,2026-05-05,PC,48,0,0
3-굿리치몰 암보험_C03,굿리치몰,2026-05-05,모바일,6,0,0
3-굿리치몰 암보험_C03,굿리치몰,2026-05-05,PC,7,0,0
4-굿리치몰 치아보험_C04,굿리치몰 치아보험,2026-05-05,모바일,10,0,0
4-굿리치몰 치아보험_C04,굿리치몰 치아보험,2026-05-05,PC,1,0,0
5-굿리치몰 치매간병보험_C07,굿리치몰 치매보험,2026-05-05,모바일,3,0,0
5-굿리치몰 치매간병보험_C07,굿리치몰 치매보험,2026-05-05,PC,4,0,0
6-굿리치몰 어린이보험_C06,굿리치몰 어린이보험,2026-05-05,모바일,2,0,0
6-굿리치몰 어린이보험_C06,굿리치몰 어린이보험,2026-05-05,PC,2,0,0
0-굿리치몰(보장분석) _C16,굿리치몰,2026-05-06,모바일,1,0,0
0-굿리치몰(보장분석) _C16,굿리치몰,2026-05-06,PC,1,0,0
0-굿리치몰_C01,굿리치몰,2026-05-06,모바일,102,0,0
0-굿리치몰_C01,굿리치몰,2026-05-06,PC,161,2,"6,100"
2-굿리치몰 실비보험_C02,굿리치몰 실비보험,2026-05-06,모바일,31,0,0
2-굿리치몰 실비보험_C02,굿리치몰 실비보험,2026-05-06,PC,67,1,"10,010"
3-굿리치몰 암보험_C03,굿리치몰,2026-05-06,모바일,13,1,"8,010"
3-굿리치몰 암보험_C03,굿리치몰,2026-05-06,PC,19,0,0
4-굿리치몰 치아보험_C04,굿리치몰 치아보험,2026-05-06,모바일,9,0,0
4-굿리치몰 치아보험_C04,굿리치몰 치아보험,2026-05-06,PC,3,0,0
5-굿리치몰 치매간병보험_C07,굿리치몰 치매보험,2026-05-06,모바일,0,0,0
5-굿리치몰 치매간병보험_C07,굿리치몰 치매보험,2026-05-06,PC,1,0,0
6-굿리치몰 어린이보험_C06,굿리치몰 어린이보험,2026-05-06,모바일,1,0,0
6-굿리치몰 어린이보험_C06,굿리치몰 어린이보험,2026-05-06,PC,1,0,0
0-굿리치몰(보장분석) _C16,굿리치몰,2026-05-07,모바일,0,0,0
0-굿리치몰_C01,굿리치몰,2026-05-07,모바일,92,6,"71,110"
0-굿리치몰_C01,굿리치몰,2026-05-07,PC,158,0,0
2-굿리치몰 실비보험_C02,굿리치몰 실비보험,2026-05-07,모바일,18,0,0
2-굿리치몰 실비보험_C02,굿리치몰 실비보험,2026-05-07,PC,45,1,"2,010"
3-굿리치몰 암보험_C03,굿리치몰,2026-05-07,모바일,17,0,0
3-굿리치몰 암보험_C03,굿리치몰,2026-05-07,PC,15,0,0
4-굿리치몰 치아보험_C04,굿리치몰 치아보험,2026-05-07,모바일,2,0,0
4-굿리치몰 치아보험_C04,굿리치몰 치아보험,2026-05-07,PC,7,0,0
5-굿리치몰 치매간병보험_C07,굿리치몰 치매보험,2026-05-07,모바일,1,0,0
5-굿리치몰 치매간병보험_C07,굿리치몰 치매보험,2026-05-07,PC,1,0,0
6-굿리치몰 어린이보험_C06,굿리치몰 어린이보험,2026-05-07,모바일,1,0,0
6-굿리치몰 어린이보험_C06,굿리치몰 어린이보험,2026-05-07,PC,7,0,0
0-굿리치몰(보장분석) _C16,굿리치몰,2026-05-08,모바일,1,0,0
0-굿리치몰(보장분석) _C16,굿리치몰,2026-05-08,PC,1,0,0
0-굿리치몰_C01,굿리치몰,2026-05-08,모바일,100,1,"3,310"
0-굿리치몰_C01,굿리치몰,2026-05-08,PC,165,1,"6,010"
2-굿리치몰 실비보험_C02,굿리치몰 실비보험,2026-05-08,모바일,22,1,"9,810"
2-굿리치몰 실비보험_C02,굿리치몰 실비보험,2026-05-08,PC,29,0,0
3-굿리치몰 암보험_C03,굿리치몰,2026-05-08,모바일,17,1,"19,080"
3-굿리치몰 암보험_C03,굿리치몰,2026-05-08,PC,13,0,0
4-굿리치몰 치아보험_C04,굿리치몰 치아보험,2026-05-08,모바일,4,0,0
4-굿리치몰 치아보험_C04,굿리치몰 치아보험,2026-05-08,PC,7,0,0
5-굿리치몰 치매간병보험_C07,굿리치몰 치매보험,2026-05-08,모바일,2,0,0
5-굿리치몰 치매간병보험_C07,굿리치몰 치매보험,2026-05-08,PC,3,0,0
6-굿리치몰 어린이보험_C06,굿리치몰 어린이보험,2026-05-08,모바일,1,0,0
6-굿리치몰 어린이보험_C06,굿리치몰 어린이보험,2026-05-08,PC,4,0,0
0-굿리치몰(보장분석) _C16,굿리치몰,2026-05-09,모바일,0,0,0
0-굿리치몰_C01,굿리치몰,2026-05-09,모바일,82,5,"34,460"
0-굿리치몰_C01,굿리치몰,2026-05-09,PC,36,0,0
2-굿리치몰 실비보험_C02,굿리치몰 실비보험,2026-05-09,모바일,16,0,0
2-굿리치몰 실비보험_C02,굿리치몰 실비보험,2026-05-09,PC,10,0,0
3-굿리치몰 암보험_C03,굿리치몰,2026-05-09,모바일,6,0,0
3-굿리치몰 암보험_C03,굿리치몰,2026-05-09,PC,7,1,"19,020"
4-굿리치몰 치아보험_C04,굿리치몰 치아보험,2026-05-09,모바일,5,0,0
4-굿리치몰 치아보험_C04,굿리치몰 치아보험,2026-05-09,PC,0,0,0
5-굿리치몰 치매간병보험_C07,굿리치몰 치매보험,2026-05-09,모바일,3,0,0
5-굿리치몰 치매간병보험_C07,굿리치몰 치매보험,2026-05-09,PC,0,0,0
6-굿리치몰 어린이보험_C06,굿리치몰 어린이보험,2026-05-09,모바일,0,0,0
6-굿리치몰 어린이보험_C06,굿리치몰 어린이보험,2026-05-09,PC,2,0,0
0-굿리치몰(보장분석) _C16,굿리치몰,2026-05-10,모바일,0,0,0
0-굿리치몰_C01,굿리치몰,2026-05-10,모바일,67,0,0
0-굿리치몰_C01,굿리치몰,2026-05-10,PC,43,0,0
2-굿리치몰 실비보험_C02,굿리치몰 실비보험,2026-05-10,모바일,21,1,"10,700"
2-굿리치몰 실비보험_C02,굿리치몰 실비보험,2026-05-10,PC,12,0,0
3-굿리치몰 암보험_C03,굿리치몰,2026-05-10,모바일,15,0,0
3-굿리치몰 암보험_C03,굿리치몰,2026-05-10,PC,5,0,0
4-굿리치몰 치아보험_C04,굿리치몰 치아보험,2026-05-10,모바일,2,0,0
4-굿리치몰 치아보험_C04,굿리치몰 치아보험,2026-05-10,PC,1,0,0
5-굿리치몰 치매간병보험_C07,굿리치몰 치매보험,2026-05-10,모바일,4,0,0
5-굿리치몰 치매간병보험_C07,굿리치몰 치매보험,2026-05-10,PC,0,0,0
6-굿리치몰 어린이보험_C06,굿리치몰 어린이보험,2026-05-10,모바일,3,0,0
0-굿리치몰(보장분석) _C16,굿리치몰,2026-05-11,모바일,1,0,0
0-굿리치몰(보장분석) _C16,굿리치몰,2026-05-11,PC,1,0,0
0-굿리치몰_C01,굿리치몰,2026-05-11,모바일,312,2,"10,170"
0-굿리치몰_C01,굿리치몰,2026-05-11,PC,382,0,0
2-굿리치몰 실비보험_C02,굿리치몰 실비보험,2026-05-11,모바일,29,0,0
2-굿리치몰 실비보험_C02,굿리치몰 실비보험,2026-05-11,PC,51,0,0
3-굿리치몰 암보험_C03,굿리치몰,2026-05-11,모바일,9,0,0
3-굿리치몰 암보험_C03,굿리치몰,2026-05-11,PC,14,0,0
4-굿리치몰 치아보험_C04,굿리치몰 치아보험,2026-05-11,모바일,5,0,0
4-굿리치몰 치아보험_C04,굿리치몰 치아보험,2026-05-11,PC,6,0,0
5-굿리치몰 치매간병보험_C07,굿리치몰 치매보험,2026-05-11,모바일,1,0,0
5-굿리치몰 치매간병보험_C07,굿리치몰 치매보험,2026-05-11,PC,7,0,0
6-굿리치몰 어린이보험_C06,굿리치몰 어린이보험,2026-05-11,모바일,1,0,0
6-굿리치몰 어린이보험_C06,굿리치몰 어린이보험,2026-05-11,PC,3,0,0
0-굿리치몰(보장분석) _C16,굿리치몰,2026-05-12,모바일,0,0,0
0-굿리치몰(보장분석) _C16,굿리치몰,2026-05-12,PC,1,0,0
0-굿리치몰_C01,굿리치몰,2026-05-12,모바일,190,1,"18,360"
0-굿리치몰_C01,굿리치몰,2026-05-12,PC,248,0,0
2-굿리치몰 실비보험_C02,굿리치몰 실비보험,2026-05-12,모바일,15,0,0
2-굿리치몰 실비보험_C02,굿리치몰 실비보험,2026-05-12,PC,40,0,0
3-굿리치몰 암보험_C03,굿리치몰,2026-05-12,모바일,15,0,0
3-굿리치몰 암보험_C03,굿리치몰,2026-05-12,PC,20,0,0
4-굿리치몰 치아보험_C04,굿리치몰 치아보험,2026-05-12,모바일,5,0,0
4-굿리치몰 치아보험_C04,굿리치몰 치아보험,2026-05-12,PC,12,0,0
5-굿리치몰 치매간병보험_C07,굿리치몰 치매보험,2026-05-12,모바일,9,1,"5,010"
5-굿리치몰 치매간병보험_C07,굿리치몰 치매보험,2026-05-12,PC,5,0,0
6-굿리치몰 어린이보험_C06,굿리치몰 어린이보험,2026-05-12,모바일,2,0,0
6-굿리치몰 어린이보험_C06,굿리치몰 어린이보험,2026-05-12,PC,1,0,0
0-굿리치몰(보장분석) _C16,굿리치몰,2026-05-13,모바일,2,0,0
0-굿리치몰(보장분석) _C16,굿리치몰,2026-05-13,PC,0,0,0
0-굿리치몰_C01,굿리치몰,2026-05-13,모바일,116,2,"22,870"
0-굿리치몰_C01,굿리치몰,2026-05-13,PC,197,0,0
2-굿리치몰 실비보험_C02,굿리치몰 실비보험,2026-05-13,모바일,22,0,0
2-굿리치몰 실비보험_C02,굿리치몰 실비보험,2026-05-13,PC,21,0,0
3-굿리치몰 암보험_C03,굿리치몰,2026-05-13,모바일,17,0,0
3-굿리치몰 암보험_C03,굿리치몰,2026-05-13,PC,33,0,0
4-굿리치몰 치아보험_C04,굿리치몰 치아보험,2026-05-13,모바일,3,0,0
4-굿리치몰 치아보험_C04,굿리치몰 치아보험,2026-05-13,PC,9,0,0
5-굿리치몰 치매간병보험_C07,굿리치몰 치매보험,2026-05-13,모바일,7,0,0
5-굿리치몰 치매간병보험_C07,굿리치몰 치매보험,2026-05-13,PC,4,0,0
6-굿리치몰 어린이보험_C06,굿리치몰 어린이보험,2026-05-13,모바일,0,0,0
6-굿리치몰 어린이보험_C06,굿리치몰 어린이보험,2026-05-13,PC,3,0,0
0-굿리치몰(보장분석) _C16,굿리치몰,2026-05-14,모바일,1,1,"3,010"
0-굿리치몰(보장분석) _C16,굿리치몰,2026-05-14,PC,1,1,"1,380"
0-굿리치몰_C01,굿리치몰,2026-05-14,모바일,117,4,"55,150"
0-굿리치몰_C01,굿리치몰,2026-05-14,PC,190,0,0
2-굿리치몰 실비보험_C02,굿리치몰 실비보험,2026-05-14,모바일,20,0,0
2-굿리치몰 실비보험_C02,굿리치몰 실비보험,2026-05-14,PC,38,0,0
3-굿리치몰 암보험_C03,굿리치몰,2026-05-14,모바일,10,0,0
3-굿리치몰 암보험_C03,굿리치몰,2026-05-14,PC,11,0,0
4-굿리치몰 치아보험_C04,굿리치몰 치아보험,2026-05-14,모바일,4,2,"6,620"
4-굿리치몰 치아보험_C04,굿리치몰 치아보험,2026-05-14,PC,6,0,0
5-굿리치몰 치매간병보험_C07,굿리치몰 치매보험,2026-05-14,모바일,6,0,0
5-굿리치몰 치매간병보험_C07,굿리치몰 치매보험,2026-05-14,PC,0,0,0
6-굿리치몰 어린이보험_C06,굿리치몰 어린이보험,2026-05-14,모바일,2,0,0
6-굿리치몰 어린이보험_C06,굿리치몰 어린이보험,2026-05-14,PC,4,0,0
0-굿리치몰(보장분석) _C16,굿리치몰,2026-05-15,모바일,1,0,0
0-굿리치몰(보장분석) _C16,굿리치몰,2026-05-15,PC,4,0,0
0-굿리치몰_C01,굿리치몰,2026-05-15,모바일,105,0,0
0-굿리치몰_C01,굿리치몰,2026-05-15,PC,184,0,0
2-굿리치몰 실비보험_C02,굿리치몰 실비보험,2026-05-15,모바일,22,1,"10,010"
2-굿리치몰 실비보험_C02,굿리치몰 실비보험,2026-05-15,PC,33,1,170
3-굿리치몰 암보험_C03,굿리치몰,2026-05-15,모바일,8,0,0
3-굿리치몰 암보험_C03,굿리치몰,2026-05-15,PC,21,0,0
4-굿리치몰 치아보험_C04,굿리치몰 치아보험,2026-05-15,모바일,7,0,0
4-굿리치몰 치아보험_C04,굿리치몰 치아보험,2026-05-15,PC,6,0,0
5-굿리치몰 치매간병보험_C07,굿리치몰 치매보험,2026-05-15,모바일,4,1,"5,010"
5-굿리치몰 치매간병보험_C07,굿리치몰 치매보험,2026-05-15,PC,7,0,0
6-굿리치몰 어린이보험_C06,굿리치몰 어린이보험,2026-05-15,모바일,1,0,0
6-굿리치몰 어린이보험_C06,굿리치몰 어린이보험,2026-05-15,PC,3,0,0
0-굿리치몰_C01,굿리치몰,2026-05-16,모바일,114,1,"4,590"
0-굿리치몰_C01,굿리치몰,2026-05-16,PC,52,1,"3,010"
2-굿리치몰 실비보험_C02,굿리치몰 실비보험,2026-05-16,모바일,17,0,0
2-굿리치몰 실비보험_C02,굿리치몰 실비보험,2026-05-16,PC,6,0,0
3-굿리치몰 암보험_C03,굿리치몰,2026-05-16,모바일,7,0,0
3-굿리치몰 암보험_C03,굿리치몰,2026-05-16,PC,1,0,0
4-굿리치몰 치아보험_C04,굿리치몰 치아보험,2026-05-16,모바일,4,0,0
4-굿리치몰 치아보험_C04,굿리치몰 치아보험,2026-05-16,PC,0,0,0
5-굿리치몰 치매간병보험_C07,굿리치몰 치매보험,2026-05-16,모바일,2,0,0
5-굿리치몰 치매간병보험_C07,굿리치몰 치매보험,2026-05-16,PC,2,0,0
6-굿리치몰 어린이보험_C06,굿리치몰 어린이보험,2026-05-16,모바일,1,0,0
6-굿리치몰 어린이보험_C06,굿리치몰 어린이보험,2026-05-16,PC,0,0,0
0-굿리치몰_C01,굿리치몰,2026-05-17,모바일,113,1,"11,010"
0-굿리치몰_C01,굿리치몰,2026-05-17,PC,31,0,0
2-굿리치몰 실비보험_C02,굿리치몰 실비보험,2026-05-17,모바일,14,0,0
2-굿리치몰 실비보험_C02,굿리치몰 실비보험,2026-05-17,PC,4,0,0
3-굿리치몰 암보험_C03,굿리치몰,2026-05-17,모바일,9,0,0
3-굿리치몰 암보험_C03,굿리치몰,2026-05-17,PC,4,0,0
4-굿리치몰 치아보험_C04,굿리치몰 치아보험,2026-05-17,모바일,4,0,0
4-굿리치몰 치아보험_C04,굿리치몰 치아보험,2026-05-17,PC,0,0,0
5-굿리치몰 치매간병보험_C07,굿리치몰 치매보험,2026-05-17,모바일,0,0,0
5-굿리치몰 치매간병보험_C07,굿리치몰 치매보험,2026-05-17,PC,2,0,0
6-굿리치몰 어린이보험_C06,굿리치몰 어린이보험,2026-05-17,모바일,0,0,0
6-굿리치몰 어린이보험_C06,굿리치몰 어린이보험,2026-05-17,PC,0,0,0
0-굿리치몰(보장분석) _C16,굿리치몰,2026-05-18,모바일,2,0,0
0-굿리치몰(보장분석) _C16,굿리치몰,2026-05-18,PC,1,0,0
0-굿리치몰_C01,굿리치몰,2026-05-18,모바일,299,2,"21,400"
0-굿리치몰_C01,굿리치몰,2026-05-18,PC,262,2,"10,020"
2-굿리치몰 실비보험_C02,굿리치몰 실비보험,2026-05-18,모바일,16,0,0
2-굿리치몰 실비보험_C02,굿리치몰 실비보험,2026-05-18,PC,42,0,0
3-굿리치몰 암보험_C03,굿리치몰,2026-05-18,모바일,9,0,0
3-굿리치몰 암보험_C03,굿리치몰,2026-05-18,PC,18,0,0
4-굿리치몰 치아보험_C04,굿리치몰 치아보험,2026-05-18,모바일,7,0,0
4-굿리치몰 치아보험_C04,굿리치몰 치아보험,2026-05-18,PC,7,0,0
5-굿리치몰 치매간병보험_C07,굿리치몰 치매보험,2026-05-18,모바일,0,0,0
5-굿리치몰 치매간병보험_C07,굿리치몰 치매보험,2026-05-18,PC,13,0,0
6-굿리치몰 어린이보험_C06,굿리치몰 어린이보험,2026-05-18,모바일,1,0,0
6-굿리치몰 어린이보험_C06,굿리치몰 어린이보험,2026-05-18,PC,1,0,0
0-굿리치몰(보장분석) _C16,굿리치몰,2026-05-19,모바일,3,0,0
0-굿리치몰(보장분석) _C16,굿리치몰,2026-05-19,PC,2,0,0
0-굿리치몰_C01,굿리치몰,2026-05-19,모바일,350,5,"24,840"
0-굿리치몰_C01,굿리치몰,2026-05-19,PC,277,0,0
2-굿리치몰 실비보험_C02,굿리치몰 실비보험,2026-05-19,모바일,11,0,0
2-굿리치몰 실비보험_C02,굿리치몰 실비보험,2026-05-19,PC,42,0,0
3-굿리치몰 암보험_C03,굿리치몰,2026-05-19,모바일,13,0,0
3-굿리치몰 암보험_C03,굿리치몰,2026-05-19,PC,23,0,0
4-굿리치몰 치아보험_C04,굿리치몰 치아보험,2026-05-19,모바일,3,0,0
4-굿리치몰 치아보험_C04,굿리치몰 치아보험,2026-05-19,PC,14,0,0
5-굿리치몰 치매간병보험_C07,굿리치몰 치매보험,2026-05-19,모바일,5,0,0
5-굿리치몰 치매간병보험_C07,굿리치몰 치매보험,2026-05-19,PC,4,0,0
6-굿리치몰 어린이보험_C06,굿리치몰 어린이보험,2026-05-19,모바일,3,0,0
6-굿리치몰 어린이보험_C06,굿리치몰 어린이보험,2026-05-19,PC,3,0,0
0-굿리치몰(보장분석) _C16,굿리치몰,2026-05-20,모바일,2,0,0
0-굿리치몰(보장분석) _C16,굿리치몰,2026-05-20,PC,2,0,0
0-굿리치몰_C01,굿리치몰,2026-05-20,모바일,267,0,0
0-굿리치몰_C01,굿리치몰,2026-05-20,PC,257,0,0
2-굿리치몰 실비보험_C02,굿리치몰 실비보험,2026-05-20,모바일,29,0,0
2-굿리치몰 실비보험_C02,굿리치몰 실비보험,2026-05-20,PC,41,0,0
3-굿리치몰 암보험_C03,굿리치몰,2026-05-20,모바일,15,0,0
3-굿리치몰 암보험_C03,굿리치몰,2026-05-20,PC,12,0,0
4-굿리치몰 치아보험_C04,굿리치몰 치아보험,2026-05-20,모바일,4,0,0
4-굿리치몰 치아보험_C04,굿리치몰 치아보험,2026-05-20,PC,6,0,0
5-굿리치몰 치매간병보험_C07,굿리치몰 치매보험,2026-05-20,모바일,1,0,0
5-굿리치몰 치매간병보험_C07,굿리치몰 치매보험,2026-05-20,PC,6,0,0
6-굿리치몰 어린이보험_C06,굿리치몰 어린이보험,2026-05-20,모바일,5,0,0
6-굿리치몰 어린이보험_C06,굿리치몰 어린이보험,2026-05-20,PC,2,0,0
0-굿리치몰(보장분석) _C16,굿리치몰,2026-05-21,모바일,1,0,0
0-굿리치몰(보장분석) _C16,굿리치몰,2026-05-21,PC,1,0,0
0-굿리치몰_C01,굿리치몰,2026-05-21,모바일,212,2,"33,370"
0-굿리치몰_C01,굿리치몰,2026-05-21,PC,234,0,0
2-굿리치몰 실비보험_C02,굿리치몰 실비보험,2026-05-21,모바일,23,0,0
2-굿리치몰 실비보험_C02,굿리치몰 실비보험,2026-05-21,PC,36,0,0
3-굿리치몰 암보험_C03,굿리치몰,2026-05-21,모바일,14,0,0
3-굿리치몰 암보험_C03,굿리치몰,2026-05-21,PC,16,0,0
4-굿리치몰 치아보험_C04,굿리치몰 치아보험,2026-05-21,모바일,8,0,0
4-굿리치몰 치아보험_C04,굿리치몰 치아보험,2026-05-21,PC,11,0,0
5-굿리치몰 치매간병보험_C07,굿리치몰 치매보험,2026-05-21,모바일,4,0,0
5-굿리치몰 치매간병보험_C07,굿리치몰 치매보험,2026-05-21,PC,6,0,0
6-굿리치몰 어린이보험_C06,굿리치몰 어린이보험,2026-05-21,모바일,1,0,0
6-굿리치몰 어린이보험_C06,굿리치몰 어린이보험,2026-05-21,PC,1,0,0
0-굿리치몰(보장분석) _C16,굿리치몰,2026-05-22,모바일,1,0,0
0-굿리치몰(보장분석) _C16,굿리치몰,2026-05-22,PC,2,0,0
0-굿리치몰_C01,굿리치몰,2026-05-22,모바일,228,2,"33,050"
0-굿리치몰_C01,굿리치몰,2026-05-22,PC,168,1,"7,010"
2-굿리치몰 실비보험_C02,굿리치몰 실비보험,2026-05-22,모바일,19,0,0
2-굿리치몰 실비보험_C02,굿리치몰 실비보험,2026-05-22,PC,26,1,"5,010"
3-굿리치몰 암보험_C03,굿리치몰,2026-05-22,모바일,8,0,0
3-굿리치몰 암보험_C03,굿리치몰,2026-05-22,PC,12,1,"11,610"
4-굿리치몰 치아보험_C04,굿리치몰 치아보험,2026-05-22,모바일,4,0,0
4-굿리치몰 치아보험_C04,굿리치몰 치아보험,2026-05-22,PC,7,0,0
5-굿리치몰 치매간병보험_C07,굿리치몰 치매보험,2026-05-22,모바일,1,0,0
5-굿리치몰 치매간병보험_C07,굿리치몰 치매보험,2026-05-22,PC,5,0,0
6-굿리치몰 어린이보험_C06,굿리치몰 어린이보험,2026-05-22,모바일,3,0,0
6-굿리치몰 어린이보험_C06,굿리치몰 어린이보험,2026-05-22,PC,1,0,0
0-굿리치몰(보장분석) _C16,굿리치몰,2026-05-23,모바일,0,0,0
0-굿리치몰_C01,굿리치몰,2026-05-23,모바일,141,0,0
0-굿리치몰_C01,굿리치몰,2026-05-23,PC,53,0,0
2-굿리치몰 실비보험_C02,굿리치몰 실비보험,2026-05-23,모바일,16,0,0
2-굿리치몰 실비보험_C02,굿리치몰 실비보험,2026-05-23,PC,10,0,0
3-굿리치몰 암보험_C03,굿리치몰,2026-05-23,모바일,9,0,0
3-굿리치몰 암보험_C03,굿리치몰,2026-05-23,PC,3,0,0
4-굿리치몰 치아보험_C04,굿리치몰 치아보험,2026-05-23,모바일,5,1,"3,310"
4-굿리치몰 치아보험_C04,굿리치몰 치아보험,2026-05-23,PC,0,0,0
5-굿리치몰 치매간병보험_C07,굿리치몰 치매보험,2026-05-23,모바일,5,0,0
5-굿리치몰 치매간병보험_C07,굿리치몰 치매보험,2026-05-23,PC,2,0,0
6-굿리치몰 어린이보험_C06,굿리치몰 어린이보험,2026-05-23,모바일,1,0,0
6-굿리치몰 어린이보험_C06,굿리치몰 어린이보험,2026-05-23,PC,1,0,0
0-굿리치몰(보장분석) _C16,굿리치몰,2026-05-24,모바일,0,0,0
0-굿리치몰(보장분석) _C16,굿리치몰,2026-05-24,PC,0,0,0
0-굿리치몰_C01,굿리치몰,2026-05-24,모바일,107,0,0
0-굿리치몰_C01,굿리치몰,2026-05-24,PC,33,0,0
2-굿리치몰 실비보험_C02,굿리치몰 실비보험,2026-05-24,모바일,11,0,0
2-굿리치몰 실비보험_C02,굿리치몰 실비보험,2026-05-24,PC,2,0,0
3-굿리치몰 암보험_C03,굿리치몰,2026-05-24,모바일,9,0,0
3-굿리치몰 암보험_C03,굿리치몰,2026-05-24,PC,3,0,0
4-굿리치몰 치아보험_C04,굿리치몰 치아보험,2026-05-24,모바일,5,0,0
5-굿리치몰 치매간병보험_C07,굿리치몰 치매보험,2026-05-24,모바일,3,0,0
5-굿리치몰 치매간병보험_C07,굿리치몰 치매보험,2026-05-24,PC,0,0,0
6-굿리치몰 어린이보험_C06,굿리치몰 어린이보험,2026-05-24,모바일,1,0,0
0-굿리치몰(보장분석) _C16,굿리치몰,2026-05-25,모바일,0,0,0
0-굿리치몰_C01,굿리치몰,2026-05-25,모바일,107,0,0
0-굿리치몰_C01,굿리치몰,2026-05-25,PC,36,0,0
2-굿리치몰 실비보험_C02,굿리치몰 실비보험,2026-05-25,모바일,12,1,"8,120"
2-굿리치몰 실비보험_C02,굿리치몰 실비보험,2026-05-25,PC,10,0,0
3-굿리치몰 암보험_C03,굿리치몰,2026-05-25,모바일,18,1,"11,370"
3-굿리치몰 암보험_C03,굿리치몰,2026-05-25,PC,3,0,0
4-굿리치몰 치아보험_C04,굿리치몰 치아보험,2026-05-25,모바일,2,0,0
4-굿리치몰 치아보험_C04,굿리치몰 치아보험,2026-05-25,PC,4,0,0
5-굿리치몰 치매간병보험_C07,굿리치몰 치매보험,2026-05-25,모바일,1,0,0
5-굿리치몰 치매간병보험_C07,굿리치몰 치매보험,2026-05-25,PC,2,0,0
6-굿리치몰 어린이보험_C06,굿리치몰 어린이보험,2026-05-25,모바일,1,0,0
6-굿리치몰 어린이보험_C06,굿리치몰 어린이보험,2026-05-25,PC,0,0,0
0-굿리치몰(보장분석) _C16,굿리치몰,2026-05-26,모바일,2,0,0
0-굿리치몰(보장분석) _C16,굿리치몰,2026-05-26,PC,1,0,0
0-굿리치몰_C01,굿리치몰,2026-05-26,모바일,155,0,0
0-굿리치몰_C01,굿리치몰,2026-05-26,PC,206,1,"2,010"
2-굿리치몰 실비보험_C02,굿리치몰 실비보험,2026-05-26,모바일,19,0,0
2-굿리치몰 실비보험_C02,굿리치몰 실비보험,2026-05-26,PC,39,0,0
3-굿리치몰 암보험_C03,굿리치몰,2026-05-26,모바일,18,0,0
3-굿리치몰 암보험_C03,굿리치몰,2026-05-26,PC,26,0,0
4-굿리치몰 치아보험_C04,굿리치몰 치아보험,2026-05-26,모바일,9,1,"3,310"
4-굿리치몰 치아보험_C04,굿리치몰 치아보험,2026-05-26,PC,5,0,0
5-굿리치몰 치매간병보험_C07,굿리치몰 치매보험,2026-05-26,모바일,4,0,0
5-굿리치몰 치매간병보험_C07,굿리치몰 치매보험,2026-05-26,PC,8,0,0
6-굿리치몰 어린이보험_C06,굿리치몰 어린이보험,2026-05-26,모바일,5,0,0
6-굿리치몰 어린이보험_C06,굿리치몰 어린이보험,2026-05-26,PC,1,0,0
0-굿리치몰(보장분석) _C16,굿리치몰,2026-05-27,모바일,1,0,0
0-굿리치몰(보장분석) _C16,굿리치몰,2026-05-27,PC,1,0,0
0-굿리치몰_C01,굿리치몰,2026-05-27,모바일,105,1,"2,010"
0-굿리치몰_C01,굿리치몰,2026-05-27,PC,184,0,0
2-굿리치몰 실비보험_C02,굿리치몰 실비보험,2026-05-27,모바일,16,0,0
2-굿리치몰 실비보험_C02,굿리치몰 실비보험,2026-05-27,PC,33,0,0
3-굿리치몰 암보험_C03,굿리치몰,2026-05-27,모바일,20,1,"11,370"
3-굿리치몰 암보험_C03,굿리치몰,2026-05-27,PC,30,0,0
4-굿리치몰 치아보험_C04,굿리치몰 치아보험,2026-05-27,모바일,12,0,0
4-굿리치몰 치아보험_C04,굿리치몰 치아보험,2026-05-27,PC,5,0,0
5-굿리치몰 치매간병보험_C07,굿리치몰 치매보험,2026-05-27,모바일,5,0,0
5-굿리치몰 치매간병보험_C07,굿리치몰 치매보험,2026-05-27,PC,7,0,0
6-굿리치몰 어린이보험_C06,굿리치몰 어린이보험,2026-05-27,모바일,1,0,0
6-굿리치몰 어린이보험_C06,굿리치몰 어린이보험,2026-05-27,PC,0,0,0
0-굿리치몰(보장분석) _C16,굿리치몰,2026-05-28,모바일,2,0,0
0-굿리치몰_C01,굿리치몰,2026-05-28,모바일,113,3,"55,080"
0-굿리치몰_C01,굿리치몰,2026-05-28,PC,172,0,0
2-굿리치몰 실비보험_C02,굿리치몰 실비보험,2026-05-28,모바일,15,0,0
2-굿리치몰 실비보험_C02,굿리치몰 실비보험,2026-05-28,PC,28,0,0
3-굿리치몰 암보험_C03,굿리치몰,2026-05-28,모바일,17,1,"9,110"
3-굿리치몰 암보험_C03,굿리치몰,2026-05-28,PC,15,0,0
4-굿리치몰 치아보험_C04,굿리치몰 치아보험,2026-05-28,모바일,9,0,0
4-굿리치몰 치아보험_C04,굿리치몰 치아보험,2026-05-28,PC,8,0,0
5-굿리치몰 치매간병보험_C07,굿리치몰 치매보험,2026-05-28,모바일,6,0,0
5-굿리치몰 치매간병보험_C07,굿리치몰 치매보험,2026-05-28,PC,2,0,0
6-굿리치몰 어린이보험_C06,굿리치몰 어린이보험,2026-05-28,모바일,0,0,0
6-굿리치몰 어린이보험_C06,굿리치몰 어린이보험,2026-05-28,PC,2,0,0
0-굿리치몰(보장분석) _C16,굿리치몰,2026-05-29,모바일,2,0,0
0-굿리치몰_C01,굿리치몰,2026-05-29,모바일,109,3,"10,220"
0-굿리치몰_C01,굿리치몰,2026-05-29,PC,141,0,0
2-굿리치몰 실비보험_C02,굿리치몰 실비보험,2026-05-29,모바일,9,0,0
2-굿리치몰 실비보험_C02,굿리치몰 실비보험,2026-05-29,PC,27,0,0
3-굿리치몰 암보험_C03,굿리치몰,2026-05-29,모바일,11,2,"37,020"
3-굿리치몰 암보험_C03,굿리치몰,2026-05-29,PC,23,0,0
4-굿리치몰 치아보험_C04,굿리치몰 치아보험,2026-05-29,모바일,5,0,0
4-굿리치몰 치아보험_C04,굿리치몰 치아보험,2026-05-29,PC,0,0,0
5-굿리치몰 치매간병보험_C07,굿리치몰 치매보험,2026-05-29,모바일,2,0,0
5-굿리치몰 치매간병보험_C07,굿리치몰 치매보험,2026-05-29,PC,4,0,0
6-굿리치몰 어린이보험_C06,굿리치몰 어린이보험,2026-05-29,모바일,1,0,0
6-굿리치몰 어린이보험_C06,굿리치몰 어린이보험,2026-05-29,PC,0,0,0
0-굿리치몰(보장분석) _C16,굿리치몰,2026-05-30,모바일,2,0,0
0-굿리치몰_C01,굿리치몰,2026-05-30,모바일,88,0,0
0-굿리치몰_C01,굿리치몰,2026-05-30,PC,32,0,0
2-굿리치몰 실비보험_C02,굿리치몰 실비보험,2026-05-30,모바일,13,0,0
2-굿리치몰 실비보험_C02,굿리치몰 실비보험,2026-05-30,PC,10,0,0
3-굿리치몰 암보험_C03,굿리치몰,2026-05-30,모바일,12,1,"10,010"
3-굿리치몰 암보험_C03,굿리치몰,2026-05-30,PC,5,0,0
4-굿리치몰 치아보험_C04,굿리치몰 치아보험,2026-05-30,모바일,11,1,"3,310"
4-굿리치몰 치아보험_C04,굿리치몰 치아보험,2026-05-30,PC,3,0,0
5-굿리치몰 치매간병보험_C07,굿리치몰 치매보험,2026-05-30,모바일,2,0,0
5-굿리치몰 치매간병보험_C07,굿리치몰 치매보험,2026-05-30,PC,1,0,0
6-굿리치몰 어린이보험_C06,굿리치몰 어린이보험,2026-05-30,모바일,1,0,0
0-굿리치몰(보장분석) _C16,굿리치몰,2026-05-31,모바일,0,0,0
0-굿리치몰_C01,굿리치몰,2026-05-31,모바일,93,0,0
0-굿리치몰_C01,굿리치몰,2026-05-31,PC,30,0,0
2-굿리치몰 실비보험_C02,굿리치몰 실비보험,2026-05-31,모바일,13,0,0
2-굿리치몰 실비보험_C02,굿리치몰 실비보험,2026-05-31,PC,7,0,0
3-굿리치몰 암보험_C03,굿리치몰,2026-05-31,모바일,20,2,"23,220"
3-굿리치몰 암보험_C03,굿리치몰,2026-05-31,PC,3,0,0
4-굿리치몰 치아보험_C04,굿리치몰 치아보험,2026-05-31,모바일,9,0,0
4-굿리치몰 치아보험_C04,굿리치몰 치아보험,2026-05-31,PC,1,0,0
5-굿리치몰 치매간병보험_C07,굿리치몰 치매보험,2026-05-31,모바일,1,0,0
5-굿리치몰 치매간병보험_C07,굿리치몰 치매보험,2026-05-31,PC,6,0,0
6-굿리치몰 어린이보험_C06,굿리치몰 어린이보험,2026-05-31,모바일,0,0,0
0-굿리치몰(보장분석) _C16,굿리치몰,2026-06-01,모바일,0,0,0
0-굿리치몰(보장분석) _C16,굿리치몰,2026-06-01,PC,0,0,0
0-굿리치몰_C01,굿리치몰,2026-06-01,모바일,120,3,"40,050"
0-굿리치몰_C01,굿리치몰,2026-06-01,PC,185,1,"7,010"
2-굿리치몰 실비보험_C02,굿리치몰 실비보험,2026-06-01,모바일,10,0,0
2-굿리치몰 실비보험_C02,굿리치몰 실비보험,2026-06-01,PC,40,0,0
3-굿리치몰 암보험_C03,굿리치몰,2026-06-01,모바일,13,2,"30,080"
3-굿리치몰 암보험_C03,굿리치몰,2026-06-01,PC,13,1,"9,520"
4-굿리치몰 치아보험_C04,굿리치몰 치아보험,2026-06-01,모바일,3,0,0
4-굿리치몰 치아보험_C04,굿리치몰 치아보험,2026-06-01,PC,7,0,0
5-굿리치몰 치매간병보험_C07,굿리치몰 치매보험,2026-06-01,모바일,0,0,0
5-굿리치몰 치매간병보험_C07,굿리치몰 치매보험,2026-06-01,PC,3,0,0
6-굿리치몰 어린이보험_C06,굿리치몰 어린이보험,2026-06-01,모바일,1,0,0
6-굿리치몰 어린이보험_C06,굿리치몰 어린이보험,2026-06-01,PC,0,0,0
0-굿리치몰(보장분석) _C16,굿리치몰,2026-06-02,모바일,1,0,0
0-굿리치몰(보장분석) _C16,굿리치몰,2026-06-02,PC,2,0,0
0-굿리치몰_C01,굿리치몰,2026-06-02,모바일,74,1,"18,360"
0-굿리치몰_C01,굿리치몰,2026-06-02,PC,128,0,0
2-굿리치몰 실비보험_C02,굿리치몰 실비보험,2026-06-02,모바일,8,0,0
2-굿리치몰 실비보험_C02,굿리치몰 실비보험,2026-06-02,PC,31,0,0
3-굿리치몰 암보험_C03,굿리치몰,2026-06-02,모바일,15,0,0
3-굿리치몰 암보험_C03,굿리치몰,2026-06-02,PC,14,0,0
4-굿리치몰 치아보험_C04,굿리치몰 치아보험,2026-06-02,모바일,4,1,"3,310"
4-굿리치몰 치아보험_C04,굿리치몰 치아보험,2026-06-02,PC,9,0,0
5-굿리치몰 치매간병보험_C07,굿리치몰 치매보험,2026-06-02,모바일,0,0,0
5-굿리치몰 치매간병보험_C07,굿리치몰 치매보험,2026-06-02,PC,4,0,0
6-굿리치몰 어린이보험_C06,굿리치몰 어린이보험,2026-06-02,모바일,1,0,0
6-굿리치몰 어린이보험_C06,굿리치몰 어린이보험,2026-06-02,PC,2,0,0
0-굿리치몰(보장분석) _C16,굿리치몰,2026-06-03,모바일,1,0,0
0-굿리치몰(보장분석) _C16,굿리치몰,2026-06-03,PC,0,0,0
0-굿리치몰_C01,굿리치몰,2026-06-03,모바일,63,1,"18,360"
0-굿리치몰_C01,굿리치몰,2026-06-03,PC,25,0,0
2-굿리치몰 실비보험_C02,굿리치몰 실비보험,2026-06-03,모바일,25,0,0
2-굿리치몰 실비보험_C02,굿리치몰 실비보험,2026-06-03,PC,16,0,0
3-굿리치몰 암보험_C03,굿리치몰,2026-06-03,모바일,11,0,0
3-굿리치몰 암보험_C03,굿리치몰,2026-06-03,PC,2,0,0
4-굿리치몰 치아보험_C04,굿리치몰 치아보험,2026-06-03,모바일,2,0,0
4-굿리치몰 치아보험_C04,굿리치몰 치아보험,2026-06-03,PC,3,0,0
5-굿리치몰 치매간병보험_C07,굿리치몰 치매보험,2026-06-03,모바일,1,0,0
5-굿리치몰 치매간병보험_C07,굿리치몰 치매보험,2026-06-03,PC,1,0,0
6-굿리치몰 어린이보험_C06,굿리치몰 어린이보험,2026-06-03,모바일,1,0,0
0-굿리치몰(보장분석) _C16,굿리치몰,2026-06-04,모바일,1,0,0
0-굿리치몰(보장분석) _C16,굿리치몰,2026-06-04,PC,1,0,0
0-굿리치몰_C01,굿리치몰,2026-06-04,모바일,54,0,0
0-굿리치몰_C01,굿리치몰,2026-06-04,PC,93,0,0
2-굿리치몰 실비보험_C02,굿리치몰 실비보험,2026-06-04,모바일,11,0,0
2-굿리치몰 실비보험_C02,굿리치몰 실비보험,2026-06-04,PC,14,0,0
3-굿리치몰 암보험_C03,굿리치몰,2026-06-04,모바일,7,0,0
3-굿리치몰 암보험_C03,굿리치몰,2026-06-04,PC,8,0,0
4-굿리치몰 치아보험_C04,굿리치몰 치아보험,2026-06-04,모바일,3,0,0
4-굿리치몰 치아보험_C04,굿리치몰 치아보험,2026-06-04,PC,4,0,0
5-굿리치몰 치매간병보험_C07,굿리치몰 치매보험,2026-06-04,모바일,1,0,0
5-굿리치몰 치매간병보험_C07,굿리치몰 치매보험,2026-06-04,PC,3,0,0
6-굿리치몰 어린이보험_C06,굿리치몰 어린이보험,2026-06-04,모바일,1,0,0
6-굿리치몰 어린이보험_C06,굿리치몰 어린이보험,2026-06-04,PC,0,0,0
0-굿리치몰(보장분석) _C16,굿리치몰,2026-06-05,모바일,0,0,0
0-굿리치몰(보장분석) _C16,굿리치몰,2026-06-05,PC,1,0,0
0-굿리치몰_C01,굿리치몰,2026-06-05,모바일,88,3,"25,700"
0-굿리치몰_C01,굿리치몰,2026-06-05,PC,140,1,"6,010"
2-굿리치몰 실비보험_C02,굿리치몰 실비보험,2026-06-05,모바일,10,0,0
2-굿리치몰 실비보험_C02,굿리치몰 실비보험,2026-06-05,PC,19,0,0
3-굿리치몰 암보험_C03,굿리치몰,2026-06-05,모바일,8,0,0
3-굿리치몰 암보험_C03,굿리치몰,2026-06-05,PC,22,2,"28,790"
4-굿리치몰 치아보험_C04,굿리치몰 치아보험,2026-06-05,모바일,4,0,0
4-굿리치몰 치아보험_C04,굿리치몰 치아보험,2026-06-05,PC,8,0,0
5-굿리치몰 치매간병보험_C07,굿리치몰 치매보험,2026-06-05,모바일,1,0,0
5-굿리치몰 치매간병보험_C07,굿리치몰 치매보험,2026-06-05,PC,2,0,0
6-굿리치몰 어린이보험_C06,굿리치몰 어린이보험,2026-06-05,모바일,0,0,0
6-굿리치몰 어린이보험_C06,굿리치몰 어린이보험,2026-06-05,PC,1,0,0
0-굿리치몰(보장분석) _C16,굿리치몰,2026-06-06,모바일,0,0,0
0-굿리치몰_C01,굿리치몰,2026-06-06,모바일,64,0,0
0-굿리치몰_C01,굿리치몰,2026-06-06,PC,26,0,0
2-굿리치몰 실비보험_C02,굿리치몰 실비보험,2026-06-06,모바일,5,0,0
2-굿리치몰 실비보험_C02,굿리치몰 실비보험,2026-06-06,PC,8,0,0
3-굿리치몰 암보험_C03,굿리치몰,2026-06-06,모바일,7,0,0
3-굿리치몰 암보험_C03,굿리치몰,2026-06-06,PC,8,0,0
4-굿리치몰 치아보험_C04,굿리치몰 치아보험,2026-06-06,모바일,4,0,0
4-굿리치몰 치아보험_C04,굿리치몰 치아보험,2026-06-06,PC,0,0,0
5-굿리치몰 치매간병보험_C07,굿리치몰 치매보험,2026-06-06,모바일,2,0,0
5-굿리치몰 치매간병보험_C07,굿리치몰 치매보험,2026-06-06,PC,2,0,0
6-굿리치몰 어린이보험_C06,굿리치몰 어린이보험,2026-06-06,모바일,4,0,0
0-굿리치몰(보장분석) _C16,굿리치몰,2026-06-07,모바일,3,0,0
0-굿리치몰_C01,굿리치몰,2026-06-07,모바일,34,0,0
0-굿리치몰_C01,굿리치몰,2026-06-07,PC,22,0,0
2-굿리치몰 실비보험_C02,굿리치몰 실비보험,2026-06-07,모바일,11,0,0
2-굿리치몰 실비보험_C02,굿리치몰 실비보험,2026-06-07,PC,2,0,0
3-굿리치몰 암보험_C03,굿리치몰,2026-06-07,모바일,8,0,0
3-굿리치몰 암보험_C03,굿리치몰,2026-06-07,PC,4,0,0
4-굿리치몰 치아보험_C04,굿리치몰 치아보험,2026-06-07,모바일,2,0,0
4-굿리치몰 치아보험_C04,굿리치몰 치아보험,2026-06-07,PC,1,0,0
5-굿리치몰 치매간병보험_C07,굿리치몰 치매보험,2026-06-07,모바일,2,0,0
5-굿리치몰 치매간병보험_C07,굿리치몰 치매보험,2026-06-07,PC,3,0,0
6-굿리치몰 어린이보험_C06,굿리치몰 어린이보험,2026-06-07,모바일,0,0,0
6-굿리치몰 어린이보험_C06,굿리치몰 어린이보험,2026-06-07,PC,0,0,0
0-굿리치몰(보장분석) _C16,굿리치몰,2026-06-08,모바일,0,0,0
0-굿리치몰(보장분석) _C16,굿리치몰,2026-06-08,PC,3,0,0
0-굿리치몰_C01,굿리치몰,2026-06-08,모바일,82,0,0
0-굿리치몰_C01,굿리치몰,2026-06-08,PC,147,1,"15,940"
2-굿리치몰 실비보험_C02,굿리치몰 실비보험,2026-06-08,모바일,7,0,0
2-굿리치몰 실비보험_C02,굿리치몰 실비보험,2026-06-08,PC,38,0,0
3-굿리치몰 암보험_C03,굿리치몰,2026-06-08,모바일,10,0,0
3-굿리치몰 암보험_C03,굿리치몰,2026-06-08,PC,12,0,0
4-굿리치몰 치아보험_C04,굿리치몰 치아보험,2026-06-08,모바일,17,0,0
4-굿리치몰 치아보험_C04,굿리치몰 치아보험,2026-06-08,PC,16,0,0
5-굿리치몰 치매간병보험_C07,굿리치몰 치매보험,2026-06-08,모바일,5,0,0
5-굿리치몰 치매간병보험_C07,굿리치몰 치매보험,2026-06-08,PC,7,0,0
6-굿리치몰 어린이보험_C06,굿리치몰 어린이보험,2026-06-08,모바일,1,0,0
6-굿리치몰 어린이보험_C06,굿리치몰 어린이보험,2026-06-08,PC,1,1,"13,010"
0-굿리치몰(보장분석) _C16,굿리치몰,2026-06-09,모바일,0,0,0
0-굿리치몰(보장분석) _C16,굿리치몰,2026-06-09,PC,2,0,0
0-굿리치몰_C01,굿리치몰,2026-06-09,모바일,90,2,"20,740"
0-굿리치몰_C01,굿리치몰,2026-06-09,PC,144,1,"15,940"
2-굿리치몰 실비보험_C02,굿리치몰 실비보험,2026-06-09,모바일,15,0,0
2-굿리치몰 실비보험_C02,굿리치몰 실비보험,2026-06-09,PC,33,0,0
3-굿리치몰 암보험_C03,굿리치몰,2026-06-09,모바일,15,1,"9,490"
3-굿리치몰 암보험_C03,굿리치몰,2026-06-09,PC,11,0,0
4-굿리치몰 치아보험_C04,굿리치몰 치아보험,2026-06-09,모바일,7,0,0
4-굿리치몰 치아보험_C04,굿리치몰 치아보험,2026-06-09,PC,7,0,0
5-굿리치몰 치매간병보험_C07,굿리치몰 치매보험,2026-06-09,모바일,1,0,0
5-굿리치몰 치매간병보험_C07,굿리치몰 치매보험,2026-06-09,PC,10,0,0
6-굿리치몰 어린이보험_C06,굿리치몰 어린이보험,2026-06-09,모바일,1,0,0
6-굿리치몰 어린이보험_C06,굿리치몰 어린이보험,2026-06-09,PC,2,0,0
0-굿리치몰(보장분석) _C16,굿리치몰,2026-06-10,모바일,3,0,0
0-굿리치몰(보장분석) _C16,굿리치몰,2026-06-10,PC,1,0,0
0-굿리치몰_C01,굿리치몰,2026-06-10,모바일,86,1,"18,360"
0-굿리치몰_C01,굿리치몰,2026-06-10,PC,148,0,0
2-굿리치몰 실비보험_C02,굿리치몰 실비보험,2026-06-10,모바일,11,0,0
2-굿리치몰 실비보험_C02,굿리치몰 실비보험,2026-06-10,PC,24,0,0
3-굿리치몰 암보험_C03,굿리치몰,2026-06-10,모바일,7,0,0
3-굿리치몰 암보험_C03,굿리치몰,2026-06-10,PC,14,0,0
4-굿리치몰 치아보험_C04,굿리치몰 치아보험,2026-06-10,모바일,11,0,0
4-굿리치몰 치아보험_C04,굿리치몰 치아보험,2026-06-10,PC,8,0,0
5-굿리치몰 치매간병보험_C07,굿리치몰 치매보험,2026-06-10,모바일,1,0,0
5-굿리치몰 치매간병보험_C07,굿리치몰 치매보험,2026-06-10,PC,6,0,0
6-굿리치몰 어린이보험_C06,굿리치몰 어린이보험,2026-06-10,모바일,1,0,0
6-굿리치몰 어린이보험_C06,굿리치몰 어린이보험,2026-06-10,PC,0,0,0
0-굿리치몰(보장분석) _C16,굿리치몰,2026-06-11,모바일,0,0,0
0-굿리치몰(보장분석) _C16,굿리치몰,2026-06-11,PC,0,0,0
0-굿리치몰_C01,굿리치몰,2026-06-11,모바일,84,1,120
0-굿리치몰_C01,굿리치몰,2026-06-11,PC,125,1,70
2-굿리치몰 실비보험_C02,굿리치몰 실비보험,2026-06-11,모바일,13,0,0
2-굿리치몰 실비보험_C02,굿리치몰 실비보험,2026-06-11,PC,24,0,0
3-굿리치몰 암보험_C03,굿리치몰,2026-06-11,모바일,8,0,0
3-굿리치몰 암보험_C03,굿리치몰,2026-06-11,PC,25,1,"17,010"
4-굿리치몰 치아보험_C04,굿리치몰 치아보험,2026-06-11,모바일,7,0,0
4-굿리치몰 치아보험_C04,굿리치몰 치아보험,2026-06-11,PC,7,0,0
5-굿리치몰 치매간병보험_C07,굿리치몰 치매보험,2026-06-11,모바일,0,0,0
5-굿리치몰 치매간병보험_C07,굿리치몰 치매보험,2026-06-11,PC,7,0,0
6-굿리치몰 어린이보험_C06,굿리치몰 어린이보험,2026-06-11,모바일,2,0,0
6-굿리치몰 어린이보험_C06,굿리치몰 어린이보험,2026-06-11,PC,1,0,0
0-굿리치몰(보장분석) _C16,굿리치몰,2026-06-12,모바일,0,0,0
0-굿리치몰_C01,굿리치몰,2026-06-12,모바일,64,2,"36,720"
0-굿리치몰_C01,굿리치몰,2026-06-12,PC,115,3,"10,720"
2-굿리치몰 실비보험_C02,굿리치몰 실비보험,2026-06-12,모바일,16,0,0
2-굿리치몰 실비보험_C02,굿리치몰 실비보험,2026-06-12,PC,24,0,0
3-굿리치몰 암보험_C03,굿리치몰,2026-06-12,모바일,2,0,0
3-굿리치몰 암보험_C03,굿리치몰,2026-06-12,PC,13,0,0
4-굿리치몰 치아보험_C04,굿리치몰 치아보험,2026-06-12,모바일,3,0,0
4-굿리치몰 치아보험_C04,굿리치몰 치아보험,2026-06-12,PC,2,0,0
5-굿리치몰 치매간병보험_C07,굿리치몰 치매보험,2026-06-12,모바일,1,0,0
5-굿리치몰 치매간병보험_C07,굿리치몰 치매보험,2026-06-12,PC,5,0,0
6-굿리치몰 어린이보험_C06,굿리치몰 어린이보험,2026-06-12,모바일,1,0,0
6-굿리치몰 어린이보험_C06,굿리치몰 어린이보험,2026-06-12,PC,2,0,0
0-굿리치몰(보장분석) _C16,굿리치몰,2026-06-13,모바일,0,0,0
0-굿리치몰_C01,굿리치몰,2026-06-13,모바일,40,0,0
0-굿리치몰_C01,굿리치몰,2026-06-13,PC,40,0,0
2-굿리치몰 실비보험_C02,굿리치몰 실비보험,2026-06-13,모바일,18,0,0
2-굿리치몰 실비보험_C02,굿리치몰 실비보험,2026-06-13,PC,5,1,"10,610"
3-굿리치몰 암보험_C03,굿리치몰,2026-06-13,모바일,9,0,0
3-굿리치몰 암보험_C03,굿리치몰,2026-06-13,PC,2,0,0
4-굿리치몰 치아보험_C04,굿리치몰 치아보험,2026-06-13,모바일,3,0,0
4-굿리치몰 치아보험_C04,굿리치몰 치아보험,2026-06-13,PC,0,0,0
5-굿리치몰 치매간병보험_C07,굿리치몰 치매보험,2026-06-13,모바일,2,0,0
5-굿리치몰 치매간병보험_C07,굿리치몰 치매보험,2026-06-13,PC,0,0,0
6-굿리치몰 어린이보험_C06,굿리치몰 어린이보험,2026-06-13,모바일,1,0,0
6-굿리치몰 어린이보험_C06,굿리치몰 어린이보험,2026-06-13,PC,0,0,0
0-굿리치몰(보장분석) _C16,굿리치몰,2026-06-14,모바일,0,0,0
0-굿리치몰_C01,굿리치몰,2026-06-14,모바일,48,1,"11,010"
0-굿리치몰_C01,굿리치몰,2026-06-14,PC,21,0,0
2-굿리치몰 실비보험_C02,굿리치몰 실비보험,2026-06-14,모바일,8,0,0
2-굿리치몰 실비보험_C02,굿리치몰 실비보험,2026-06-14,PC,6,0,0
3-굿리치몰 암보험_C03,굿리치몰,2026-06-14,모바일,13,2,"31,100"
3-굿리치몰 암보험_C03,굿리치몰,2026-06-14,PC,6,0,0
4-굿리치몰 치아보험_C04,굿리치몰 치아보험,2026-06-14,모바일,5,0,0
4-굿리치몰 치아보험_C04,굿리치몰 치아보험,2026-06-14,PC,1,0,0
5-굿리치몰 치매간병보험_C07,굿리치몰 치매보험,2026-06-14,모바일,1,0,0
5-굿리치몰 치매간병보험_C07,굿리치몰 치매보험,2026-06-14,PC,1,0,0
6-굿리치몰 어린이보험_C06,굿리치몰 어린이보험,2026-06-14,모바일,0,0,0
6-굿리치몰 어린이보험_C06,굿리치몰 어린이보험,2026-06-14,PC,1,0,0
0-굿리치몰(보장분석) _C16,굿리치몰,2026-06-15,모바일,3,0,0
0-굿리치몰(보장분석) _C16,굿리치몰,2026-06-15,PC,2,0,0
0-굿리치몰_C01,굿리치몰,2026-06-15,모바일,77,2,"36,720"
0-굿리치몰_C01,굿리치몰,2026-06-15,PC,151,1,120
2-굿리치몰 실비보험_C02,굿리치몰 실비보험,2026-06-15,모바일,15,0,0
2-굿리치몰 실비보험_C02,굿리치몰 실비보험,2026-06-15,PC,23,1,"10,610"
3-굿리치몰 암보험_C03,굿리치몰,2026-06-15,모바일,19,1,"11,070"
3-굿리치몰 암보험_C03,굿리치몰,2026-06-15,PC,24,0,0
4-굿리치몰 치아보험_C04,굿리치몰 치아보험,2026-06-15,모바일,5,0,0
4-굿리치몰 치아보험_C04,굿리치몰 치아보험,2026-06-15,PC,7,0,0
5-굿리치몰 치매간병보험_C07,굿리치몰 치매보험,2026-06-15,모바일,6,0,0
5-굿리치몰 치매간병보험_C07,굿리치몰 치매보험,2026-06-15,PC,10,0,0
6-굿리치몰 어린이보험_C06,굿리치몰 어린이보험,2026-06-15,모바일,0,0,0
6-굿리치몰 어린이보험_C06,굿리치몰 어린이보험,2026-06-15,PC,2,0,0
0-굿리치몰(보장분석) _C16,굿리치몰,2026-06-16,모바일,0,0,0
0-굿리치몰(보장분석) _C16,굿리치몰,2026-06-16,PC,4,0,0
0-굿리치몰_C01,굿리치몰,2026-06-16,모바일,82,0,0
0-굿리치몰_C01,굿리치몰,2026-06-16,PC,139,0,0
2-굿리치몰 실비보험_C02,굿리치몰 실비보험,2026-06-16,모바일,10,0,0
2-굿리치몰 실비보험_C02,굿리치몰 실비보험,2026-06-16,PC,24,0,0
3-굿리치몰 암보험_C03,굿리치몰,2026-06-16,모바일,17,0,0
3-굿리치몰 암보험_C03,굿리치몰,2026-06-16,PC,17,0,0
4-굿리치몰 치아보험_C04,굿리치몰 치아보험,2026-06-16,모바일,23,0,0
4-굿리치몰 치아보험_C04,굿리치몰 치아보험,2026-06-16,PC,18,0,0
5-굿리치몰 치매간병보험_C07,굿리치몰 치매보험,2026-06-16,모바일,3,0,0
5-굿리치몰 치매간병보험_C07,굿리치몰 치매보험,2026-06-16,PC,4,0,0
6-굿리치몰 어린이보험_C06,굿리치몰 어린이보험,2026-06-16,모바일,1,0,0
6-굿리치몰 어린이보험_C06,굿리치몰 어린이보험,2026-06-16,PC,3,0,0
0-굿리치몰(보장분석) _C16,굿리치몰,2026-06-17,모바일,2,0,0
0-굿리치몰_C01,굿리치몰,2026-06-17,모바일,56,2,140
0-굿리치몰_C01,굿리치몰,2026-06-17,PC,152,0,0
2-굿리치몰 실비보험_C02,굿리치몰 실비보험,2026-06-17,모바일,7,0,0
2-굿리치몰 실비보험_C02,굿리치몰 실비보험,2026-06-17,PC,23,2,"21,220"
3-굿리치몰 암보험_C03,굿리치몰,2026-06-17,모바일,12,0,0
3-굿리치몰 암보험_C03,굿리치몰,2026-06-17,PC,36,0,0
4-굿리치몰 치아보험_C04,굿리치몰 치아보험,2026-06-17,모바일,13,0,0
4-굿리치몰 치아보험_C04,굿리치몰 치아보험,2026-06-17,PC,12,0,0
5-굿리치몰 치매간병보험_C07,굿리치몰 치매보험,2026-06-17,모바일,6,0,0
5-굿리치몰 치매간병보험_C07,굿리치몰 치매보험,2026-06-17,PC,13,0,0
6-굿리치몰 어린이보험_C06,굿리치몰 어린이보험,2026-06-17,모바일,2,0,0
6-굿리치몰 어린이보험_C06,굿리치몰 어린이보험,2026-06-17,PC,2,0,0
0-굿리치몰(보장분석) _C16,굿리치몰,2026-06-18,모바일,1,0,0
0-굿리치몰(보장분석) _C16,굿리치몰,2026-06-18,PC,2,0,0
0-굿리치몰_C01,굿리치몰,2026-06-18,모바일,44,1,"6,010"
0-굿리치몰_C01,굿리치몰,2026-06-18,PC,110,0,0
2-굿리치몰 실비보험_C02,굿리치몰 실비보험,2026-06-18,모바일,11,0,0
2-굿리치몰 실비보험_C02,굿리치몰 실비보험,2026-06-18,PC,28,0,0
3-굿리치몰 암보험_C03,굿리치몰,2026-06-18,모바일,10,0,0
3-굿리치몰 암보험_C03,굿리치몰,2026-06-18,PC,29,1,"19,020"
4-굿리치몰 치아보험_C04,굿리치몰 치아보험,2026-06-18,모바일,5,0,0
4-굿리치몰 치아보험_C04,굿리치몰 치아보험,2026-06-18,PC,11,0,0
5-굿리치몰 치매간병보험_C07,굿리치몰 치매보험,2026-06-18,모바일,7,0,0
5-굿리치몰 치매간병보험_C07,굿리치몰 치매보험,2026-06-18,PC,6,0,0
6-굿리치몰 어린이보험_C06,굿리치몰 어린이보험,2026-06-18,모바일,1,0,0
6-굿리치몰 어린이보험_C06,굿리치몰 어린이보험,2026-06-18,PC,0,0,0
0-굿리치몰(보장분석) _C16,굿리치몰,2026-06-19,모바일,0,0,0
0-굿리치몰_C01,굿리치몰,2026-06-19,모바일,43,2,"5,890"
0-굿리치몰_C01,굿리치몰,2026-06-19,PC,98,0,0
2-굿리치몰 실비보험_C02,굿리치몰 실비보험,2026-06-19,모바일,12,0,0
2-굿리치몰 실비보험_C02,굿리치몰 실비보험,2026-06-19,PC,31,0,0
3-굿리치몰 암보험_C03,굿리치몰,2026-06-19,모바일,7,0,0
3-굿리치몰 암보험_C03,굿리치몰,2026-06-19,PC,29,0,0
4-굿리치몰 치아보험_C04,굿리치몰 치아보험,2026-06-19,모바일,8,0,0
4-굿리치몰 치아보험_C04,굿리치몰 치아보험,2026-06-19,PC,10,0,0
5-굿리치몰 치매간병보험_C07,굿리치몰 치매보험,2026-06-19,모바일,5,0,0
5-굿리치몰 치매간병보험_C07,굿리치몰 치매보험,2026-06-19,PC,13,0,0
6-굿리치몰 어린이보험_C06,굿리치몰 어린이보험,2026-06-19,모바일,1,0,0
6-굿리치몰 어린이보험_C06,굿리치몰 어린이보험,2026-06-19,PC,4,0,0
0-굿리치몰(보장분석) _C16,굿리치몰,2026-06-20,모바일,0,0,0
0-굿리치몰_C01,굿리치몰,2026-06-20,모바일,41,2,"4,580"
0-굿리치몰_C01,굿리치몰,2026-06-20,PC,23,0,0
2-굿리치몰 실비보험_C02,굿리치몰 실비보험,2026-06-20,모바일,9,0,0
2-굿리치몰 실비보험_C02,굿리치몰 실비보험,2026-06-20,PC,3,0,0
3-굿리치몰 암보험_C03,굿리치몰,2026-06-20,모바일,8,2,"22,740"
3-굿리치몰 암보험_C03,굿리치몰,2026-06-20,PC,4,2,"33,360"
4-굿리치몰 치아보험_C04,굿리치몰 치아보험,2026-06-20,모바일,1,0,0
4-굿리치몰 치아보험_C04,굿리치몰 치아보험,2026-06-20,PC,1,0,0
5-굿리치몰 치매간병보험_C07,굿리치몰 치매보험,2026-06-20,모바일,8,0,0
5-굿리치몰 치매간병보험_C07,굿리치몰 치매보험,2026-06-20,PC,2,0,0
6-굿리치몰 어린이보험_C06,굿리치몰 어린이보험,2026-06-20,모바일,1,0,0
6-굿리치몰 어린이보험_C06,굿리치몰 어린이보험,2026-06-20,PC,0,0,0
0-굿리치몰(보장분석) _C16,굿리치몰,2026-06-21,모바일,1,0,0
0-굿리치몰_C01,굿리치몰,2026-06-21,모바일,28,3,"32,530"
0-굿리치몰_C01,굿리치몰,2026-06-21,PC,24,0,0
2-굿리치몰 실비보험_C02,굿리치몰 실비보험,2026-06-21,모바일,8,0,0
2-굿리치몰 실비보험_C02,굿리치몰 실비보험,2026-06-21,PC,9,0,0
3-굿리치몰 암보험_C03,굿리치몰,2026-06-21,모바일,10,0,0
3-굿리치몰 암보험_C03,굿리치몰,2026-06-21,PC,6,2,"13,440"
4-굿리치몰 치아보험_C04,굿리치몰 치아보험,2026-06-21,모바일,5,0,0
4-굿리치몰 치아보험_C04,굿리치몰 치아보험,2026-06-21,PC,1,0,0
5-굿리치몰 치매간병보험_C07,굿리치몰 치매보험,2026-06-21,모바일,7,0,0
5-굿리치몰 치매간병보험_C07,굿리치몰 치매보험,2026-06-21,PC,1,0,0
6-굿리치몰 어린이보험_C06,굿리치몰 어린이보험,2026-06-21,모바일,3,0,0
0-굿리치몰(보장분석) _C16,굿리치몰,2026-06-22,모바일,0,0,0
0-굿리치몰(보장분석) _C16,굿리치몰,2026-06-22,PC,2,0,0
0-굿리치몰_C01,굿리치몰,2026-06-22,모바일,67,2,"5,200"
0-굿리치몰_C01,굿리치몰,2026-06-22,PC,126,0,0
2-굿리치몰 실비보험_C02,굿리치몰 실비보험,2026-06-22,모바일,15,0,0
2-굿리치몰 실비보험_C02,굿리치몰 실비보험,2026-06-22,PC,36,0,0
3-굿리치몰 암보험_C03,굿리치몰,2026-06-22,모바일,11,0,0
3-굿리치몰 암보험_C03,굿리치몰,2026-06-22,PC,22,0,0
4-굿리치몰 치아보험_C04,굿리치몰 치아보험,2026-06-22,모바일,7,0,0
4-굿리치몰 치아보험_C04,굿리치몰 치아보험,2026-06-22,PC,7,0,0
5-굿리치몰 치매간병보험_C07,굿리치몰 치매보험,2026-06-22,모바일,2,0,0
5-굿리치몰 치매간병보험_C07,굿리치몰 치매보험,2026-06-22,PC,10,0,0
6-굿리치몰 어린이보험_C06,굿리치몰 어린이보험,2026-06-22,모바일,1,0,0
6-굿리치몰 어린이보험_C06,굿리치몰 어린이보험,2026-06-22,PC,3,0,0
0-굿리치몰(보장분석) _C16,굿리치몰,2026-06-23,모바일,0,0,0
0-굿리치몰(보장분석) _C16,굿리치몰,2026-06-23,PC,1,0,0
0-굿리치몰_C01,굿리치몰,2026-06-23,모바일,61,1,"4,400"
0-굿리치몰_C01,굿리치몰,2026-06-23,PC,139,3,"3,170"
2-굿리치몰 실비보험_C02,굿리치몰 실비보험,2026-06-23,모바일,12,2,"17,190"
2-굿리치몰 실비보험_C02,굿리치몰 실비보험,2026-06-23,PC,49,0,0
3-굿리치몰 암보험_C03,굿리치몰,2026-06-23,모바일,19,0,0
3-굿리치몰 암보험_C03,굿리치몰,2026-06-23,PC,20,13,"156,640"
4-굿리치몰 치아보험_C04,굿리치몰 치아보험,2026-06-23,모바일,10,0,0
4-굿리치몰 치아보험_C04,굿리치몰 치아보험,2026-06-23,PC,4,0,0
5-굿리치몰 치매간병보험_C07,굿리치몰 치매보험,2026-06-23,모바일,2,0,0
5-굿리치몰 치매간병보험_C07,굿리치몰 치매보험,2026-06-23,PC,11,0,0
6-굿리치몰 어린이보험_C06,굿리치몰 어린이보험,2026-06-23,모바일,1,0,0
6-굿리치몰 어린이보험_C06,굿리치몰 어린이보험,2026-06-23,PC,2,0,0
0-굿리치몰(보장분석) _C16,굿리치몰,2026-06-24,모바일,0,0,0
0-굿리치몰_C01,굿리치몰,2026-06-24,모바일,67,0,0
0-굿리치몰_C01,굿리치몰,2026-06-24,PC,130,0,0
2-굿리치몰 실비보험_C02,굿리치몰 실비보험,2026-06-24,모바일,9,0,0
2-굿리치몰 실비보험_C02,굿리치몰 실비보험,2026-06-24,PC,51,1,"10,010"
3-굿리치몰 암보험_C03,굿리치몰,2026-06-24,모바일,9,1,"11,370"
3-굿리치몰 암보험_C03,굿리치몰,2026-06-24,PC,17,0,0
4-굿리치몰 치아보험_C04,굿리치몰 치아보험,2026-06-24,모바일,11,0,0
4-굿리치몰 치아보험_C04,굿리치몰 치아보험,2026-06-24,PC,8,0,0
5-굿리치몰 치매간병보험_C07,굿리치몰 치매보험,2026-06-24,모바일,6,0,0
5-굿리치몰 치매간병보험_C07,굿리치몰 치매보험,2026-06-24,PC,10,0,0
6-굿리치몰 어린이보험_C06,굿리치몰 어린이보험,2026-06-24,모바일,2,0,0
6-굿리치몰 어린이보험_C06,굿리치몰 어린이보험,2026-06-24,PC,0,0,0
0-굿리치몰(보장분석) _C16,굿리치몰,2026-06-25,모바일,1,0,0
0-굿리치몰(보장분석) _C16,굿리치몰,2026-06-25,PC,1,0,0
0-굿리치몰_C01,굿리치몰,2026-06-25,모바일,62,1,"3,530"
0-굿리치몰_C01,굿리치몰,2026-06-25,PC,132,0,0
2-굿리치몰 실비보험_C02,굿리치몰 실비보험,2026-06-25,모바일,15,0,0
2-굿리치몰 실비보험_C02,굿리치몰 실비보험,2026-06-25,PC,29,0,0
3-굿리치몰 암보험_C03,굿리치몰,2026-06-25,모바일,13,0,0
3-굿리치몰 암보험_C03,굿리치몰,2026-06-25,PC,16,0,0
4-굿리치몰 치아보험_C04,굿리치몰 치아보험,2026-06-25,모바일,10,0,0
4-굿리치몰 치아보험_C04,굿리치몰 치아보험,2026-06-25,PC,4,0,0
5-굿리치몰 치매간병보험_C07,굿리치몰 치매보험,2026-06-25,모바일,6,0,0
5-굿리치몰 치매간병보험_C07,굿리치몰 치매보험,2026-06-25,PC,11,0,0
6-굿리치몰 어린이보험_C06,굿리치몰 어린이보험,2026-06-25,모바일,2,0,0
6-굿리치몰 어린이보험_C06,굿리치몰 어린이보험,2026-06-25,PC,1,0,0
0-굿리치몰(보장분석) _C16,굿리치몰,2026-06-26,모바일,0,0,0
0-굿리치몰(보장분석) _C16,굿리치몰,2026-06-26,PC,1,0,0
0-굿리치몰_C01,굿리치몰,2026-06-26,모바일,71,3,"17,030"
0-굿리치몰_C01,굿리치몰,2026-06-26,PC,126,1,"5,140"
2-굿리치몰 실비보험_C02,굿리치몰 실비보험,2026-06-26,모바일,22,0,0
2-굿리치몰 실비보험_C02,굿리치몰 실비보험,2026-06-26,PC,21,0,0
3-굿리치몰 암보험_C03,굿리치몰,2026-06-26,모바일,5,0,0
3-굿리치몰 암보험_C03,굿리치몰,2026-06-26,PC,16,4,"66,720"
4-굿리치몰 치아보험_C04,굿리치몰 치아보험,2026-06-26,모바일,3,0,0
4-굿리치몰 치아보험_C04,굿리치몰 치아보험,2026-06-26,PC,6,0,0
5-굿리치몰 치매간병보험_C07,굿리치몰 치매보험,2026-06-26,모바일,2,0,0
5-굿리치몰 치매간병보험_C07,굿리치몰 치매보험,2026-06-26,PC,6,0,0
6-굿리치몰 어린이보험_C06,굿리치몰 어린이보험,2026-06-26,모바일,1,0,0
6-굿리치몰 어린이보험_C06,굿리치몰 어린이보험,2026-06-26,PC,7,0,0
0-굿리치몰(보장분석) _C16,굿리치몰,2026-06-27,모바일,0,0,0
0-굿리치몰_C01,굿리치몰,2026-06-27,모바일,46,1,"11,010"
0-굿리치몰_C01,굿리치몰,2026-06-27,PC,25,0,0
2-굿리치몰 실비보험_C02,굿리치몰 실비보험,2026-06-27,모바일,14,1,"3,310"
2-굿리치몰 실비보험_C02,굿리치몰 실비보험,2026-06-27,PC,5,0,0
3-굿리치몰 암보험_C03,굿리치몰,2026-06-27,모바일,11,0,0
3-굿리치몰 암보험_C03,굿리치몰,2026-06-27,PC,3,0,0
4-굿리치몰 치아보험_C04,굿리치몰 치아보험,2026-06-27,모바일,6,0,0
4-굿리치몰 치아보험_C04,굿리치몰 치아보험,2026-06-27,PC,1,0,0
5-굿리치몰 치매간병보험_C07,굿리치몰 치매보험,2026-06-27,모바일,3,0,0
5-굿리치몰 치매간병보험_C07,굿리치몰 치매보험,2026-06-27,PC,0,0,0
6-굿리치몰 어린이보험_C06,굿리치몰 어린이보험,2026-06-27,모바일,1,0,0
6-굿리치몰 어린이보험_C06,굿리치몰 어린이보험,2026-06-27,PC,0,0,0
0-굿리치몰(보장분석) _C16,굿리치몰,2026-06-28,모바일,1,0,0
0-굿리치몰_C01,굿리치몰,2026-06-28,모바일,40,0,0
0-굿리치몰_C01,굿리치몰,2026-06-28,PC,24,0,0
2-굿리치몰 실비보험_C02,굿리치몰 실비보험,2026-06-28,모바일,13,0,0
2-굿리치몰 실비보험_C02,굿리치몰 실비보험,2026-06-28,PC,6,0,0
3-굿리치몰 암보험_C03,굿리치몰,2026-06-28,모바일,12,1,"11,370"
3-굿리치몰 암보험_C03,굿리치몰,2026-06-28,PC,6,2,"33,360"
4-굿리치몰 치아보험_C04,굿리치몰 치아보험,2026-06-28,모바일,5,0,0
4-굿리치몰 치아보험_C04,굿리치몰 치아보험,2026-06-28,PC,1,0,0
5-굿리치몰 치매간병보험_C07,굿리치몰 치매보험,2026-06-28,모바일,6,0,0
5-굿리치몰 치매간병보험_C07,굿리치몰 치매보험,2026-06-28,PC,4,0,0
6-굿리치몰 어린이보험_C06,굿리치몰 어린이보험,2026-06-28,모바일,5,0,0
6-굿리치몰 어린이보험_C06,굿리치몰 어린이보험,2026-06-28,PC,0,0,0
0-굿리치몰(보장분석) _C16,굿리치몰,2026-06-29,모바일,1,0,0
0-굿리치몰(보장분석) _C16,굿리치몰,2026-06-29,PC,0,0,0
0-굿리치몰_C01,굿리치몰,2026-06-29,모바일,87,2,"36,720"
0-굿리치몰_C01,굿리치몰,2026-06-29,PC,137,0,0
2-굿리치몰 실비보험_C02,굿리치몰 실비보험,2026-06-29,모바일,13,0,0
2-굿리치몰 실비보험_C02,굿리치몰 실비보험,2026-06-29,PC,39,0,0
3-굿리치몰 암보험_C03,굿리치몰,2026-06-29,모바일,14,1,"7,010"
3-굿리치몰 암보험_C03,굿리치몰,2026-06-29,PC,31,5,"92,500"
4-굿리치몰 치아보험_C04,굿리치몰 치아보험,2026-06-29,모바일,9,0,0
4-굿리치몰 치아보험_C04,굿리치몰 치아보험,2026-06-29,PC,12,0,0
5-굿리치몰 치매간병보험_C07,굿리치몰 치매보험,2026-06-29,모바일,5,0,0
5-굿리치몰 치매간병보험_C07,굿리치몰 치매보험,2026-06-29,PC,13,0,0
6-굿리치몰 어린이보험_C06,굿리치몰 어린이보험,2026-06-29,모바일,0,0,0
6-굿리치몰 어린이보험_C06,굿리치몰 어린이보험,2026-06-29,PC,2,0,0
0-굿리치몰(보장분석) _C16,굿리치몰,2026-06-30,모바일,0,0,0
0-굿리치몰(보장분석) _C16,굿리치몰,2026-06-30,PC,1,0,0
0-굿리치몰_C01,굿리치몰,2026-06-30,모바일,77,1,"18,360"
0-굿리치몰_C01,굿리치몰,2026-06-30,PC,167,1,"3,760"
2-굿리치몰 실비보험_C02,굿리치몰 실비보험,2026-06-30,모바일,22,0,0
2-굿리치몰 실비보험_C02,굿리치몰 실비보험,2026-06-30,PC,28,0,0
3-굿리치몰 암보험_C03,굿리치몰,2026-06-30,모바일,11,0,0
3-굿리치몰 암보험_C03,굿리치몰,2026-06-30,PC,16,3,"50,040"
4-굿리치몰 치아보험_C04,굿리치몰 치아보험,2026-06-30,모바일,7,1,"3,310"
4-굿리치몰 치아보험_C04,굿리치몰 치아보험,2026-06-30,PC,6,0,0
5-굿리치몰 치매간병보험_C07,굿리치몰 치매보험,2026-06-30,모바일,5,2,"4,020"
5-굿리치몰 치매간병보험_C07,굿리치몰 치매보험,2026-06-30,PC,9,0,0
6-굿리치몰 어린이보험_C06,굿리치몰 어린이보험,2026-06-30,모바일,5,0,0
6-굿리치몰 어린이보험_C06,굿리치몰 어린이보험,2026-06-30,PC,0,0,0
0-굿리치몰(보장분석) _C16,굿리치몰,2026-07-01,모바일,2,0,0
0-굿리치몰(보장분석) _C16,굿리치몰,2026-07-01,PC,1,0,0
0-굿리치몰_C01,굿리치몰,2026-07-01,모바일,99,1,18360
0-굿리치몰_C01,굿리치몰,2026-07-01,PC,149,0,0
2-굿리치몰 실비보험_C02,굿리치몰 실비보험,2026-07-01,모바일,19,0,0
2-굿리치몰 실비보험_C02,굿리치몰 실비보험,2026-07-01,PC,22,0,0
3-굿리치몰 암보험_C03,굿리치몰,2026-07-01,모바일,14,0,0
3-굿리치몰 암보험_C03,굿리치몰,2026-07-01,PC,17,9,355530
4-굿리치몰 치아보험_C04,굿리치몰 치아보험,2026-07-01,모바일,5,0,0
4-굿리치몰 치아보험_C04,굿리치몰 치아보험,2026-07-01,PC,8,0,0
5-굿리치몰 치매간병보험_C07,굿리치몰 치매보험,2026-07-01,모바일,4,0,0
5-굿리치몰 치매간병보험_C07,굿리치몰 치매보험,2026-07-01,PC,10,0,0
6-굿리치몰 어린이보험_C06,굿리치몰 어린이보험,2026-07-01,모바일,1,0,0
6-굿리치몰 어린이보험_C06,굿리치몰 어린이보험,2026-07-01,PC,2,0,0
0-굿리치몰(보장분석) _C16,굿리치몰,2026-07-02,모바일,1,0,0
0-굿리치몰(보장분석) _C16,굿리치몰,2026-07-02,PC,2,0,0
0-굿리치몰_C01,굿리치몰,2026-07-02,모바일,48,0,0
0-굿리치몰_C01,굿리치몰,2026-07-02,PC,154,0,0
2-굿리치몰 실비보험_C02,굿리치몰 실비보험,2026-07-02,모바일,14,0,0
2-굿리치몰 실비보험_C02,굿리치몰 실비보험,2026-07-02,PC,22,0,0
3-굿리치몰 암보험_C03,굿리치몰,2026-07-02,모바일,8,0,0
3-굿리치몰 암보험_C03,굿리치몰,2026-07-02,PC,12,0,0
4-굿리치몰 치아보험_C04,굿리치몰 치아보험,2026-07-02,모바일,10,0,0
4-굿리치몰 치아보험_C04,굿리치몰 치아보험,2026-07-02,PC,14,0,0
5-굿리치몰 치매간병보험_C07,굿리치몰 치매보험,2026-07-02,모바일,3,0,0
5-굿리치몰 치매간병보험_C07,굿리치몰 치매보험,2026-07-02,PC,6,0,0
6-굿리치몰 어린이보험_C06,굿리치몰 어린이보험,2026-07-02,모바일,0,0,0
6-굿리치몰 어린이보험_C06,굿리치몰 어린이보험,2026-07-02,PC,1,0,0
0-굿리치몰(보장분석) _C16,굿리치몰,2026-07-03,모바일,0,0,0
0-굿리치몰(보장분석) _C16,굿리치몰,2026-07-03,PC,0,0,0
0-굿리치몰(보장분석) _C16,굿리치몰,2026-07-04,모바일,0,0,0
0-굿리치몰(보장분석) _C16,굿리치몰,2026-07-05,모바일,0,0,0
0-굿리치몰_C01,굿리치몰,2026-07-03,모바일,65,1,880
0-굿리치몰_C01,굿리치몰,2026-07-03,PC,107,1,3770
0-굿리치몰_C01,굿리치몰,2026-07-04,모바일,55,1,4320
0-굿리치몰_C01,굿리치몰,2026-07-04,PC,31,0,0
0-굿리치몰_C01,굿리치몰,2026-07-05,모바일,54,1,14460
0-굿리치몰_C01,굿리치몰,2026-07-05,PC,30,0,0
2-굿리치몰 실비보험_C02,굿리치몰 실비보험,2026-07-03,모바일,17,0,0
2-굿리치몰 실비보험_C02,굿리치몰 실비보험,2026-07-03,PC,32,0,0
2-굿리치몰 실비보험_C02,굿리치몰 실비보험,2026-07-04,모바일,8,0,0
2-굿리치몰 실비보험_C02,굿리치몰 실비보험,2026-07-04,PC,14,1,70
2-굿리치몰 실비보험_C02,굿리치몰 실비보험,2026-07-05,모바일,11,0,0
2-굿리치몰 실비보험_C02,굿리치몰 실비보험,2026-07-05,PC,7,0,0
3-굿리치몰 암보험_C03,굿리치몰,2026-07-03,모바일,13,0,0
3-굿리치몰 암보험_C03,굿리치몰,2026-07-03,PC,27,1,12660
3-굿리치몰 암보험_C03,굿리치몰,2026-07-04,모바일,7,0,0
3-굿리치몰 암보험_C03,굿리치몰,2026-07-04,PC,2,0,0
3-굿리치몰 암보험_C03,굿리치몰,2026-07-05,모바일,11,1,11370
3-굿리치몰 암보험_C03,굿리치몰,2026-07-05,PC,5,0,0
4-굿리치몰 치아보험_C04,굿리치몰 치아보험,2026-07-03,모바일,6,0,0
4-굿리치몰 치아보험_C04,굿리치몰 치아보험,2026-07-03,PC,10,0,0
4-굿리치몰 치아보험_C04,굿리치몰 치아보험,2026-07-04,모바일,9,0,0
4-굿리치몰 치아보험_C04,굿리치몰 치아보험,2026-07-04,PC,2,0,0
4-굿리치몰 치아보험_C04,굿리치몰 치아보험,2026-07-05,모바일,0,0,0
4-굿리치몰 치아보험_C04,굿리치몰 치아보험,2026-07-05,PC,0,0,0
5-굿리치몰 치매간병보험_C07,굿리치몰 치매보험,2026-07-03,모바일,6,0,0
5-굿리치몰 치매간병보험_C07,굿리치몰 치매보험,2026-07-03,PC,6,0,0
5-굿리치몰 치매간병보험_C07,굿리치몰 치매보험,2026-07-04,모바일,10,0,0
5-굿리치몰 치매간병보험_C07,굿리치몰 치매보험,2026-07-04,PC,3,0,0
5-굿리치몰 치매간병보험_C07,굿리치몰 치매보험,2026-07-05,모바일,2,0,0
5-굿리치몰 치매간병보험_C07,굿리치몰 치매보험,2026-07-05,PC,3,0,0
6-굿리치몰 어린이보험_C06,굿리치몰 어린이보험,2026-07-03,모바일,0,0,0
6-굿리치몰 어린이보험_C06,굿리치몰 어린이보험,2026-07-03,PC,1,0,0
6-굿리치몰 어린이보험_C06,굿리치몰 어린이보험,2026-07-04,모바일,0,0,0
6-굿리치몰 어린이보험_C06,굿리치몰 어린이보험,2026-07-04,PC,1,0,0
6-굿리치몰 어린이보험_C06,굿리치몰 어린이보험,2026-07-05,모바일,0,0,0
0-굿리치몰(보장분석) _C16,굿리치몰,2026-07-06,모바일,0,0,0
0-굿리치몰(보장분석) _C16,굿리치몰,2026-07-06,PC,0,0,0
0-굿리치몰(보장분석) _C16,굿리치몰,2026-07-07,모바일,1,0,0
0-굿리치몰(보장분석) _C16,굿리치몰,2026-07-07,PC,1,0,0
0-굿리치몰_C01,굿리치몰,2026-07-06,모바일,82,1,5670
0-굿리치몰_C01,굿리치몰,2026-07-06,PC,118,0,0
0-굿리치몰_C01,굿리치몰,2026-07-07,모바일,82,5,54290
0-굿리치몰_C01,굿리치몰,2026-07-07,PC,126,1,1380
2-굿리치몰 실비보험_C02,굿리치몰 실비보험,2026-07-06,모바일,17,0,0
2-굿리치몰 실비보험_C02,굿리치몰 실비보험,2026-07-06,PC,31,0,0
2-굿리치몰 실비보험_C02,굿리치몰 실비보험,2026-07-07,모바일,22,0,0
2-굿리치몰 실비보험_C02,굿리치몰 실비보험,2026-07-07,PC,40,0,0
3-굿리치몰 암보험_C03,굿리치몰,2026-07-06,모바일,13,1,12590
3-굿리치몰 암보험_C03,굿리치몰,2026-07-06,PC,14,0,0
3-굿리치몰 암보험_C03,굿리치몰,2026-07-07,모바일,13,0,0
3-굿리치몰 암보험_C03,굿리치몰,2026-07-07,PC,20,0,0
4-굿리치몰 치아보험_C04,굿리치몰 치아보험,2026-07-06,모바일,10,0,0
4-굿리치몰 치아보험_C04,굿리치몰 치아보험,2026-07-06,PC,9,0,0
4-굿리치몰 치아보험_C04,굿리치몰 치아보험,2026-07-07,모바일,11,0,0
4-굿리치몰 치아보험_C04,굿리치몰 치아보험,2026-07-07,PC,8,1,2010
5-굿리치몰 치매간병보험_C07,굿리치몰 치매보험,2026-07-06,모바일,3,0,0
5-굿리치몰 치매간병보험_C07,굿리치몰 치매보험,2026-07-06,PC,7,0,0
5-굿리치몰 치매간병보험_C07,굿리치몰 치매보험,2026-07-07,모바일,1,0,0
5-굿리치몰 치매간병보험_C07,굿리치몰 치매보험,2026-07-07,PC,8,0,0
6-굿리치몰 어린이보험_C06,굿리치몰 어린이보험,2026-07-06,모바일,1,0,0
6-굿리치몰 어린이보험_C06,굿리치몰 어린이보험,2026-07-06,PC,1,0,0
6-굿리치몰 어린이보험_C06,굿리치몰 어린이보험,2026-07-07,모바일,0,0,0
6-굿리치몰 어린이보험_C06,굿리치몰 어린이보험,2026-07-07,PC,3,0,0
0-굿리치몰(보장분석) _C16,굿리치몰,2026-07-08,모바일,0,0,0
0-굿리치몰(보장분석) _C16,굿리치몰,2026-07-08,PC,5,0,0
0-굿리치몰_C01,굿리치몰,2026-07-08,모바일,51,1,880
0-굿리치몰_C01,굿리치몰,2026-07-08,PC,133,0,0
2-굿리치몰 실비보험_C02,굿리치몰 실비보험,2026-07-08,모바일,15,0,0
2-굿리치몰 실비보험_C02,굿리치몰 실비보험,2026-07-08,PC,30,0,0
3-굿리치몰 암보험_C03,굿리치몰,2026-07-08,모바일,9,0,0
3-굿리치몰 암보험_C03,굿리치몰,2026-07-08,PC,28,1,9770
4-굿리치몰 치아보험_C04,굿리치몰 치아보험,2026-07-08,모바일,3,0,0
4-굿리치몰 치아보험_C04,굿리치몰 치아보험,2026-07-08,PC,10,0,0
5-굿리치몰 치매간병보험_C07,굿리치몰 치매보험,2026-07-08,모바일,2,0,0
5-굿리치몰 치매간병보험_C07,굿리치몰 치매보험,2026-07-08,PC,2,0,0
6-굿리치몰 어린이보험_C06,굿리치몰 어린이보험,2026-07-08,모바일,1,0,0
6-굿리치몰 어린이보험_C06,굿리치몰 어린이보험,2026-07-08,PC,1,0,0
0-굿리치몰(보장분석) _C16,굿리치몰,2026-07-09,모바일,3,0,0
0-굿리치몰(보장분석) _C16,굿리치몰,2026-07-09,PC,1,0,0
0-굿리치몰_C01,굿리치몰,2026-07-09,모바일,77,1,3010
0-굿리치몰_C01,굿리치몰,2026-07-09,PC,124,0,0
2-굿리치몰 실비보험_C02,굿리치몰 실비보험,2026-07-09,모바일,14,0,0
2-굿리치몰 실비보험_C02,굿리치몰 실비보험,2026-07-09,PC,25,0,0
3-굿리치몰 암보험_C03,굿리치몰,2026-07-09,모바일,9,0,0
3-굿리치몰 암보험_C03,굿리치몰,2026-07-09,PC,10,0,0
4-굿리치몰 치아보험_C04,굿리치몰 치아보험,2026-07-09,모바일,6,1,3310
4-굿리치몰 치아보험_C04,굿리치몰 치아보험,2026-07-09,PC,9,0,0
5-굿리치몰 치매간병보험_C07,굿리치몰 치매보험,2026-07-09,모바일,2,0,0
5-굿리치몰 치매간병보험_C07,굿리치몰 치매보험,2026-07-09,PC,10,0,0
6-굿리치몰 어린이보험_C06,굿리치몰 어린이보험,2026-07-09,모바일,2,0,0
6-굿리치몰 어린이보험_C06,굿리치몰 어린이보험,2026-07-09,PC,2,0,0
0-굿리치몰(보장분석) _C16,굿리치몰,2026-07-10,모바일,1,0,0
0-굿리치몰(보장분석) _C16,굿리치몰,2026-07-10,PC,3,0,0
0-굿리치몰(보장분석) _C16,굿리치몰,2026-07-11,모바일,0,0,0
0-굿리치몰(보장분석) _C16,굿리치몰,2026-07-12,모바일,1,0,0
0-굿리치몰(보장분석) _C16,굿리치몰,2026-07-12,PC,0,0,0
0-굿리치몰(보장분석) _C16,굿리치몰,2026-07-13,모바일,0,0,0
0-굿리치몰(보장분석) _C16,굿리치몰,2026-07-13,PC,0,0,0
0-굿리치몰(보장분석) _C16,굿리치몰,2026-07-14,모바일,0,0,0
0-굿리치몰(보장분석) _C16,굿리치몰,2026-07-14,PC,2,0,0
0-굿리치몰(보장분석) _C16,굿리치몰,2026-07-15,모바일,3,0,0
0-굿리치몰(보장분석) _C16,굿리치몰,2026-07-15,PC,3,0,0
0-굿리치몰_C01,굿리치몰,2026-07-10,모바일,68,1,18360
0-굿리치몰_C01,굿리치몰,2026-07-10,PC,110,0,0
0-굿리치몰_C01,굿리치몰,2026-07-11,모바일,49,0,0
0-굿리치몰_C01,굿리치몰,2026-07-11,PC,33,0,0
0-굿리치몰_C01,굿리치몰,2026-07-12,모바일,43,1,11010
0-굿리치몰_C01,굿리치몰,2026-07-12,PC,19,0,0
0-굿리치몰_C01,굿리치몰,2026-07-13,모바일,66,0,0
0-굿리치몰_C01,굿리치몰,2026-07-13,PC,132,0,0
0-굿리치몰_C01,굿리치몰,2026-07-14,모바일,73,3,55080
0-굿리치몰_C01,굿리치몰,2026-07-14,PC,118,0,0
0-굿리치몰_C01,굿리치몰,2026-07-15,모바일,72,0,0
0-굿리치몰_C01,굿리치몰,2026-07-15,PC,117,2,25000
2-굿리치몰 실비보험_C02,굿리치몰 실비보험,2026-07-10,모바일,11,0,0
2-굿리치몰 실비보험_C02,굿리치몰 실비보험,2026-07-10,PC,16,0,0
2-굿리치몰 실비보험_C02,굿리치몰 실비보험,2026-07-11,모바일,9,0,0
2-굿리치몰 실비보험_C02,굿리치몰 실비보험,2026-07-11,PC,8,0,0
2-굿리치몰 실비보험_C02,굿리치몰 실비보험,2026-07-12,모바일,15,0,0
2-굿리치몰 실비보험_C02,굿리치몰 실비보험,2026-07-12,PC,8,1,3310
2-굿리치몰 실비보험_C02,굿리치몰 실비보험,2026-07-13,모바일,9,0,0
2-굿리치몰 실비보험_C02,굿리치몰 실비보험,2026-07-13,PC,25,0,0
2-굿리치몰 실비보험_C02,굿리치몰 실비보험,2026-07-14,모바일,16,0,0
2-굿리치몰 실비보험_C02,굿리치몰 실비보험,2026-07-14,PC,36,0,0
2-굿리치몰 실비보험_C02,굿리치몰 실비보험,2026-07-15,모바일,16,1,10610
2-굿리치몰 실비보험_C02,굿리치몰 실비보험,2026-07-15,PC,30,0,0
3-굿리치몰 암보험_C03,굿리치몰,2026-07-10,모바일,17,0,0
3-굿리치몰 암보험_C03,굿리치몰,2026-07-10,PC,21,0,0
3-굿리치몰 암보험_C03,굿리치몰,2026-07-11,모바일,9,0,0
3-굿리치몰 암보험_C03,굿리치몰,2026-07-11,PC,3,0,0
3-굿리치몰 암보험_C03,굿리치몰,2026-07-12,모바일,8,0,0
3-굿리치몰 암보험_C03,굿리치몰,2026-07-12,PC,2,0,0
3-굿리치몰 암보험_C03,굿리치몰,2026-07-13,모바일,7,0,0
3-굿리치몰 암보험_C03,굿리치몰,2026-07-13,PC,14,0,0
3-굿리치몰 암보험_C03,굿리치몰,2026-07-14,모바일,16,0,0
3-굿리치몰 암보험_C03,굿리치몰,2026-07-14,PC,14,0,0
3-굿리치몰 암보험_C03,굿리치몰,2026-07-15,모바일,13,0,0
3-굿리치몰 암보험_C03,굿리치몰,2026-07-15,PC,30,0,0
4-굿리치몰 치아보험_C04,굿리치몰 치아보험,2026-07-10,모바일,5,0,0
4-굿리치몰 치아보험_C04,굿리치몰 치아보험,2026-07-10,PC,10,0,0
4-굿리치몰 치아보험_C04,굿리치몰 치아보험,2026-07-11,모바일,6,1,3310
4-굿리치몰 치아보험_C04,굿리치몰 치아보험,2026-07-11,PC,4,0,0
4-굿리치몰 치아보험_C04,굿리치몰 치아보험,2026-07-12,모바일,7,0,0
4-굿리치몰 치아보험_C04,굿리치몰 치아보험,2026-07-12,PC,0,0,0
4-굿리치몰 치아보험_C04,굿리치몰 치아보험,2026-07-13,모바일,7,0,0
4-굿리치몰 치아보험_C04,굿리치몰 치아보험,2026-07-13,PC,4,0,0
4-굿리치몰 치아보험_C04,굿리치몰 치아보험,2026-07-14,모바일,7,0,0
4-굿리치몰 치아보험_C04,굿리치몰 치아보험,2026-07-14,PC,8,0,0
4-굿리치몰 치아보험_C04,굿리치몰 치아보험,2026-07-15,모바일,6,0,0
4-굿리치몰 치아보험_C04,굿리치몰 치아보험,2026-07-15,PC,4,0,0
5-굿리치몰 치매간병보험_C07,굿리치몰 치매보험,2026-07-10,모바일,2,0,0
5-굿리치몰 치매간병보험_C07,굿리치몰 치매보험,2026-07-10,PC,9,0,0
5-굿리치몰 치매간병보험_C07,굿리치몰 치매보험,2026-07-11,모바일,5,0,0
5-굿리치몰 치매간병보험_C07,굿리치몰 치매보험,2026-07-11,PC,5,0,0
5-굿리치몰 치매간병보험_C07,굿리치몰 치매보험,2026-07-12,모바일,6,0,0
5-굿리치몰 치매간병보험_C07,굿리치몰 치매보험,2026-07-12,PC,1,0,0
5-굿리치몰 치매간병보험_C07,굿리치몰 치매보험,2026-07-13,모바일,4,0,0
5-굿리치몰 치매간병보험_C07,굿리치몰 치매보험,2026-07-13,PC,7,0,0
5-굿리치몰 치매간병보험_C07,굿리치몰 치매보험,2026-07-14,모바일,4,0,0
5-굿리치몰 치매간병보험_C07,굿리치몰 치매보험,2026-07-14,PC,9,0,0
5-굿리치몰 치매간병보험_C07,굿리치몰 치매보험,2026-07-15,모바일,6,0,0
5-굿리치몰 치매간병보험_C07,굿리치몰 치매보험,2026-07-15,PC,4,0,0
6-굿리치몰 어린이보험_C06,굿리치몰 어린이보험,2026-07-10,모바일,1,0,0
6-굿리치몰 어린이보험_C06,굿리치몰 어린이보험,2026-07-10,PC,2,0,0
6-굿리치몰 어린이보험_C06,굿리치몰 어린이보험,2026-07-11,모바일,0,0,0
6-굿리치몰 어린이보험_C06,굿리치몰 어린이보험,2026-07-12,모바일,0,0,0
6-굿리치몰 어린이보험_C06,굿리치몰 어린이보험,2026-07-12,PC,0,0,0
6-굿리치몰 어린이보험_C06,굿리치몰 어린이보험,2026-07-13,모바일,0,0,0
6-굿리치몰 어린이보험_C06,굿리치몰 어린이보험,2026-07-13,PC,5,0,0
6-굿리치몰 어린이보험_C06,굿리치몰 어린이보험,2026-07-14,모바일,1,0,0
6-굿리치몰 어린이보험_C06,굿리치몰 어린이보험,2026-07-14,PC,1,0,0
6-굿리치몰 어린이보험_C06,굿리치몰 어린이보험,2026-07-15,모바일,3,0,0
6-굿리치몰 어린이보험_C06,굿리치몰 어린이보험,2026-07-15,PC,1,0,0
0-굿리치몰(보장분석) _C16,굿리치몰,2026-07-16,모바일,1,0,0
0-굿리치몰(보장분석) _C16,굿리치몰,2026-07-16,PC,2,0,0
0-굿리치몰(보장분석) _C16,굿리치몰,2026-07-17,모바일,1,0,0
0-굿리치몰(보장분석) _C16,굿리치몰,2026-07-18,모바일,2,0,0
0-굿리치몰(보장분석) _C16,굿리치몰,2026-07-18,PC,0,0,0
0-굿리치몰(보장분석) _C16,굿리치몰,2026-07-19,모바일,1,0,0
0-굿리치몰(보장분석) _C16,굿리치몰,2026-07-20,모바일,2,0,0
0-굿리치몰(보장분석) _C16,굿리치몰,2026-07-20,PC,0,0,0
0-굿리치몰_C01,굿리치몰,2026-07-16,모바일,69,0,0
0-굿리치몰_C01,굿리치몰,2026-07-16,PC,133,0,0
0-굿리치몰_C01,굿리치몰,2026-07-17,모바일,38,0,0
0-굿리치몰_C01,굿리치몰,2026-07-17,PC,19,0,0
0-굿리치몰_C01,굿리치몰,2026-07-18,모바일,42,1,"11,010"
0-굿리치몰_C01,굿리치몰,2026-07-18,PC,24,2,140
0-굿리치몰_C01,굿리치몰,2026-07-19,모바일,38,1,"11,010"
0-굿리치몰_C01,굿리치몰,2026-07-19,PC,18,0,0
0-굿리치몰_C01,굿리치몰,2026-07-20,모바일,75,3,"26,710"
0-굿리치몰_C01,굿리치몰,2026-07-20,PC,132,2,"21,550"
2-굿리치몰 실비보험_C02,굿리치몰 실비보험,2026-07-16,모바일,20,0,0
2-굿리치몰 실비보험_C02,굿리치몰 실비보험,2026-07-16,PC,21,0,0
2-굿리치몰 실비보험_C02,굿리치몰 실비보험,2026-07-17,모바일,7,0,0
2-굿리치몰 실비보험_C02,굿리치몰 실비보험,2026-07-17,PC,2,0,0
2-굿리치몰 실비보험_C02,굿리치몰 실비보험,2026-07-18,모바일,15,1,"3,310"
2-굿리치몰 실비보험_C02,굿리치몰 실비보험,2026-07-18,PC,5,0,0
2-굿리치몰 실비보험_C02,굿리치몰 실비보험,2026-07-19,모바일,16,0,0
2-굿리치몰 실비보험_C02,굿리치몰 실비보험,2026-07-19,PC,8,0,0
2-굿리치몰 실비보험_C02,굿리치몰 실비보험,2026-07-20,모바일,19,1,"9,450"
2-굿리치몰 실비보험_C02,굿리치몰 실비보험,2026-07-20,PC,21,0,0
3-굿리치몰 암보험_C03,굿리치몰,2026-07-16,모바일,16,0,0
3-굿리치몰 암보험_C03,굿리치몰,2026-07-16,PC,15,0,0
3-굿리치몰 암보험_C03,굿리치몰,2026-07-17,모바일,8,1,"12,520"
3-굿리치몰 암보험_C03,굿리치몰,2026-07-17,PC,4,0,0
3-굿리치몰 암보험_C03,굿리치몰,2026-07-18,모바일,9,0,0
3-굿리치몰 암보험_C03,굿리치몰,2026-07-18,PC,5,0,0
3-굿리치몰 암보험_C03,굿리치몰,2026-07-19,모바일,7,0,0
3-굿리치몰 암보험_C03,굿리치몰,2026-07-19,PC,8,0,0
3-굿리치몰 암보험_C03,굿리치몰,2026-07-20,모바일,14,0,0
3-굿리치몰 암보험_C03,굿리치몰,2026-07-20,PC,20,0,0
4-굿리치몰 치아보험_C04,굿리치몰 치아보험,2026-07-16,모바일,4,0,0
4-굿리치몰 치아보험_C04,굿리치몰 치아보험,2026-07-16,PC,6,0,0
4-굿리치몰 치아보험_C04,굿리치몰 치아보험,2026-07-17,모바일,8,0,0
4-굿리치몰 치아보험_C04,굿리치몰 치아보험,2026-07-17,PC,0,0,0
4-굿리치몰 치아보험_C04,굿리치몰 치아보험,2026-07-18,모바일,3,0,0
4-굿리치몰 치아보험_C04,굿리치몰 치아보험,2026-07-18,PC,0,0,0
4-굿리치몰 치아보험_C04,굿리치몰 치아보험,2026-07-19,모바일,6,0,0
4-굿리치몰 치아보험_C04,굿리치몰 치아보험,2026-07-19,PC,0,0,0
4-굿리치몰 치아보험_C04,굿리치몰 치아보험,2026-07-20,모바일,2,0,0
4-굿리치몰 치아보험_C04,굿리치몰 치아보험,2026-07-20,PC,11,0,0
5-굿리치몰 치매간병보험_C07,굿리치몰 치매보험,2026-07-16,모바일,2,0,0
5-굿리치몰 치매간병보험_C07,굿리치몰 치매보험,2026-07-16,PC,5,0,0
5-굿리치몰 치매간병보험_C07,굿리치몰 치매보험,2026-07-17,모바일,3,0,0
5-굿리치몰 치매간병보험_C07,굿리치몰 치매보험,2026-07-17,PC,3,0,0
5-굿리치몰 치매간병보험_C07,굿리치몰 치매보험,2026-07-18,모바일,6,0,0
5-굿리치몰 치매간병보험_C07,굿리치몰 치매보험,2026-07-18,PC,5,0,0
5-굿리치몰 치매간병보험_C07,굿리치몰 치매보험,2026-07-19,모바일,4,0,0
5-굿리치몰 치매간병보험_C07,굿리치몰 치매보험,2026-07-19,PC,2,0,0
5-굿리치몰 치매간병보험_C07,굿리치몰 치매보험,2026-07-20,모바일,3,0,0
5-굿리치몰 치매간병보험_C07,굿리치몰 치매보험,2026-07-20,PC,13,0,0
6-굿리치몰 어린이보험_C06,굿리치몰 어린이보험,2026-07-16,모바일,3,0,0
6-굿리치몰 어린이보험_C06,굿리치몰 어린이보험,2026-07-16,PC,2,0,0
6-굿리치몰 어린이보험_C06,굿리치몰 어린이보험,2026-07-17,모바일,0,0,0
6-굿리치몰 어린이보험_C06,굿리치몰 어린이보험,2026-07-18,모바일,3,0,0
6-굿리치몰 어린이보험_C06,굿리치몰 어린이보험,2026-07-18,PC,0,0,0
6-굿리치몰 어린이보험_C06,굿리치몰 어린이보험,2026-07-19,모바일,1,0,0
6-굿리치몰 어린이보험_C06,굿리치몰 어린이보험,2026-07-20,모바일,2,0,0
6-굿리치몰 어린이보험_C06,굿리치몰 어린이보험,2026-07-20,PC,0,0,0
0-굿리치몰(보장분석) _C16,굿리치몰,2026-07-21,모바일,1,0,0
0-굿리치몰(보장분석) _C16,굿리치몰,2026-07-21,PC,0,0,0
0-굿리치몰_C01,굿리치몰,2026-07-21,모바일,83,3,"16,450"
0-굿리치몰_C01,굿리치몰,2026-07-21,PC,110,0,0
2-굿리치몰 실비보험_C02,굿리치몰 실비보험,2026-07-21,모바일,22,0,0
2-굿리치몰 실비보험_C02,굿리치몰 실비보험,2026-07-21,PC,30,1,"10,010"
3-굿리치몰 암보험_C03,굿리치몰,2026-07-21,모바일,13,1,"10,010"
3-굿리치몰 암보험_C03,굿리치몰,2026-07-21,PC,25,0,0
4-굿리치몰 치아보험_C04,굿리치몰 치아보험,2026-07-21,모바일,7,1,"2,300"
4-굿리치몰 치아보험_C04,굿리치몰 치아보험,2026-07-21,PC,8,1,"2,010"
5-굿리치몰 치매간병보험_C07,굿리치몰 치매보험,2026-07-21,모바일,1,0,0
5-굿리치몰 치매간병보험_C07,굿리치몰 치매보험,2026-07-21,PC,14,0,0
6-굿리치몰 어린이보험_C06,굿리치몰 어린이보험,2026-07-21,모바일,0,0,0
6-굿리치몰 어린이보험_C06,굿리치몰 어린이보험,2026-07-21,PC,2,0,0
0-굿리치몰(보장분석) _C16,굿리치몰,2026-07-22,모바일,1,0,0
0-굿리치몰(보장분석) _C16,굿리치몰,2026-07-22,PC,3,0,0
0-굿리치몰_C01,굿리치몰,2026-07-22,모바일,57,0,0
0-굿리치몰_C01,굿리치몰,2026-07-22,PC,117,0,0
2-굿리치몰 실비보험_C02,굿리치몰 실비보험,2026-07-22,모바일,20,0,0
2-굿리치몰 실비보험_C02,굿리치몰 실비보험,2026-07-22,PC,37,0,0
3-굿리치몰 암보험_C03,굿리치몰,2026-07-22,모바일,18,0,0
3-굿리치몰 암보험_C03,굿리치몰,2026-07-22,PC,24,1,"25,780"
4-굿리치몰 치아보험_C04,굿리치몰 치아보험,2026-07-22,모바일,8,0,0
4-굿리치몰 치아보험_C04,굿리치몰 치아보험,2026-07-22,PC,9,0,0
5-굿리치몰 치매간병보험_C07,굿리치몰 치매보험,2026-07-22,모바일,4,0,0
5-굿리치몰 치매간병보험_C07,굿리치몰 치매보험,2026-07-22,PC,5,0,0
6-굿리치몰 어린이보험_C06,굿리치몰 어린이보험,2026-07-22,모바일,3,0,0
6-굿리치몰 어린이보험_C06,굿리치몰 어린이보험,2026-07-22,PC,5,0,0
0-굿리치몰(보장분석) _C16,굿리치몰,2026-07-23,모바일,1,0,0
0-굿리치몰(보장분석) _C16,굿리치몰,2026-07-23,PC,4,0,0
0-굿리치몰_C01,굿리치몰,2026-07-23,모바일,59,0,0
0-굿리치몰_C01,굿리치몰,2026-07-23,PC,108,0,0
2-굿리치몰 실비보험_C02,굿리치몰 실비보험,2026-07-23,모바일,19,0,0
2-굿리치몰 실비보험_C02,굿리치몰 실비보험,2026-07-23,PC,39,1,"4,510"
3-굿리치몰 암보험_C03,굿리치몰,2026-07-23,모바일,13,0,0
3-굿리치몰 암보험_C03,굿리치몰,2026-07-23,PC,14,0,0
4-굿리치몰 치아보험_C04,굿리치몰 치아보험,2026-07-23,모바일,11,0,0
4-굿리치몰 치아보험_C04,굿리치몰 치아보험,2026-07-23,PC,5,0,0
5-굿리치몰 치매간병보험_C07,굿리치몰 치매보험,2026-07-23,모바일,2,0,0
5-굿리치몰 치매간병보험_C07,굿리치몰 치매보험,2026-07-23,PC,3,0,0
6-굿리치몰 어린이보험_C06,굿리치몰 어린이보험,2026-07-23,모바일,2,0,0
6-굿리치몰 어린이보험_C06,굿리치몰 어린이보험,2026-07-23,PC,2,0,0
0-굿리치몰(보장분석) _C16,굿리치몰,2026-07-24,모바일,2,0,0
0-굿리치몰(보장분석) _C16,굿리치몰,2026-07-24,PC,1,0,0
0-굿리치몰(보장분석) _C16,굿리치몰,2026-07-25,모바일,0,0,0
0-굿리치몰(보장분석) _C16,굿리치몰,2026-07-26,모바일,0,0,0
0-굿리치몰_C01,굿리치몰,2026-07-24,모바일,70,3,"40,730"
0-굿리치몰_C01,굿리치몰,2026-07-24,PC,101,1,"4,420"
0-굿리치몰_C01,굿리치몰,2026-07-25,모바일,53,0,0
0-굿리치몰_C01,굿리치몰,2026-07-25,PC,33,2,"19,520"
0-굿리치몰_C01,굿리치몰,2026-07-26,모바일,74,2,"14,020"
0-굿리치몰_C01,굿리치몰,2026-07-26,PC,34,0,0
2-굿리치몰 실비보험_C02,굿리치몰 실비보험,2026-07-24,모바일,16,0,0
2-굿리치몰 실비보험_C02,굿리치몰 실비보험,2026-07-24,PC,29,0,0
2-굿리치몰 실비보험_C02,굿리치몰 실비보험,2026-07-25,모바일,12,0,0
2-굿리치몰 실비보험_C02,굿리치몰 실비보험,2026-07-25,PC,6,0,0
2-굿리치몰 실비보험_C02,굿리치몰 실비보험,2026-07-26,모바일,14,0,0
2-굿리치몰 실비보험_C02,굿리치몰 실비보험,2026-07-26,PC,9,0,0
3-굿리치몰 암보험_C03,굿리치몰,2026-07-24,모바일,9,0,0
3-굿리치몰 암보험_C03,굿리치몰,2026-07-24,PC,14,7,"116,020"
3-굿리치몰 암보험_C03,굿리치몰,2026-07-25,모바일,8,0,0
3-굿리치몰 암보험_C03,굿리치몰,2026-07-25,PC,7,38,"622,000"
3-굿리치몰 암보험_C03,굿리치몰,2026-07-26,모바일,14,2,"27,850"
3-굿리치몰 암보험_C03,굿리치몰,2026-07-26,PC,7,20,"321,220"
4-굿리치몰 치아보험_C04,굿리치몰 치아보험,2026-07-24,모바일,7,0,0
4-굿리치몰 치아보험_C04,굿리치몰 치아보험,2026-07-24,PC,8,1,"2,010"
4-굿리치몰 치아보험_C04,굿리치몰 치아보험,2026-07-25,모바일,3,0,0
4-굿리치몰 치아보험_C04,굿리치몰 치아보험,2026-07-25,PC,2,0,0
4-굿리치몰 치아보험_C04,굿리치몰 치아보험,2026-07-26,모바일,5,0,0
4-굿리치몰 치아보험_C04,굿리치몰 치아보험,2026-07-26,PC,1,0,0
5-굿리치몰 치매간병보험_C07,굿리치몰 치매보험,2026-07-24,모바일,6,0,0
5-굿리치몰 치매간병보험_C07,굿리치몰 치매보험,2026-07-24,PC,2,0,0
5-굿리치몰 치매간병보험_C07,굿리치몰 치매보험,2026-07-25,모바일,7,0,0
5-굿리치몰 치매간병보험_C07,굿리치몰 치매보험,2026-07-25,PC,2,0,0
5-굿리치몰 치매간병보험_C07,굿리치몰 치매보험,2026-07-26,모바일,2,0,0
5-굿리치몰 치매간병보험_C07,굿리치몰 치매보험,2026-07-26,PC,2,0,0
6-굿리치몰 어린이보험_C06,굿리치몰 어린이보험,2026-07-24,모바일,1,0,0
6-굿리치몰 어린이보험_C06,굿리치몰 어린이보험,2026-07-24,PC,1,0,0
6-굿리치몰 어린이보험_C06,굿리치몰 어린이보험,2026-07-25,모바일,2,0,0
6-굿리치몰 어린이보험_C06,굿리치몰 어린이보험,2026-07-25,PC,1,0,0
6-굿리치몰 어린이보험_C06,굿리치몰 어린이보험,2026-07-26,모바일,0,0,0
6-굿리치몰 어린이보험_C06,굿리치몰 어린이보험,2026-07-26,PC,0,0,0
0-굿리치몰(보장분석) _C16,굿리치몰,2026-07-27,모바일,0,0,0
0-굿리치몰(보장분석) _C16,굿리치몰,2026-07-27,PC,1,0,0
0-굿리치몰_C01,굿리치몰,2026-07-27,모바일,160,3,"40,210"
0-굿리치몰_C01,굿리치몰,2026-07-27,PC,172,1,510
2-굿리치몰 실비보험_C02,굿리치몰 실비보험,2026-07-27,모바일,27,0,0
2-굿리치몰 실비보험_C02,굿리치몰 실비보험,2026-07-27,PC,29,1,"3,310"
3-굿리치몰 암보험_C03,굿리치몰,2026-07-27,모바일,11,0,0
3-굿리치몰 암보험_C03,굿리치몰,2026-07-27,PC,15,32,"522,670"
4-굿리치몰 치아보험_C04,굿리치몰 치아보험,2026-07-27,모바일,9,0,0
4-굿리치몰 치아보험_C04,굿리치몰 치아보험,2026-07-27,PC,5,0,0
5-굿리치몰 치매간병보험_C07,굿리치몰 치매보험,2026-07-27,모바일,4,1,"2,250"
5-굿리치몰 치매간병보험_C07,굿리치몰 치매보험,2026-07-27,PC,10,0,0
6-굿리치몰 어린이보험_C06,굿리치몰 어린이보험,2026-07-27,모바일,3,0,0
6-굿리치몰 어린이보험_C06,굿리치몰 어린이보험,2026-07-27,PC,4,0,0
0-굿리치몰(보장분석) _C16,굿리치몰,2026-07-28,모바일,3,0,0
0-굿리치몰_C01,굿리치몰,2026-07-28,모바일,119,2,"5,040"
0-굿리치몰_C01,굿리치몰,2026-07-28,PC,144,3,"12,530"
2-굿리치몰 실비보험_C02,굿리치몰 실비보험,2026-07-28,모바일,22,1,"13,140"
2-굿리치몰 실비보험_C02,굿리치몰 실비보험,2026-07-28,PC,37,0,0
3-굿리치몰 암보험_C03,굿리치몰,2026-07-28,모바일,8,1,"19,080"
3-굿리치몰 암보험_C03,굿리치몰,2026-07-28,PC,13,20,"328,790"
4-굿리치몰 치아보험_C04,굿리치몰 치아보험,2026-07-28,모바일,10,1,"3,310"
4-굿리치몰 치아보험_C04,굿리치몰 치아보험,2026-07-28,PC,12,0,0
5-굿리치몰 치매간병보험_C07,굿리치몰 치매보험,2026-07-28,모바일,2,0,0
5-굿리치몰 치매간병보험_C07,굿리치몰 치매보험,2026-07-28,PC,8,0,0
6-굿리치몰 어린이보험_C06,굿리치몰 어린이보험,2026-07-28,모바일,3,0,0
6-굿리치몰 어린이보험_C06,굿리치몰 어린이보험,2026-07-28,PC,1,0,0
0-굿리치몰(보장분석) _C16,굿리치몰,2026-07-29,모바일,1,0,0
0-굿리치몰(보장분석) _C16,굿리치몰,2026-07-29,PC,4,0,0
0-굿리치몰_C01,굿리치몰,2026-07-29,모바일,77,1,"5,010"
0-굿리치몰_C01,굿리치몰,2026-07-29,PC,127,0,0
2-굿리치몰 실비보험_C02,굿리치몰 실비보험,2026-07-29,모바일,16,2,"21,400"
2-굿리치몰 실비보험_C02,굿리치몰 실비보험,2026-07-29,PC,21,0,0
3-굿리치몰 암보험_C03,굿리치몰,2026-07-29,모바일,16,1,"11,370"
3-굿리치몰 암보험_C03,굿리치몰,2026-07-29,PC,21,24,"393,660"
4-굿리치몰 치아보험_C04,굿리치몰 치아보험,2026-07-29,모바일,6,0,0
4-굿리치몰 치아보험_C04,굿리치몰 치아보험,2026-07-29,PC,6,0,0
5-굿리치몰 치매간병보험_C07,굿리치몰 치매보험,2026-07-29,모바일,3,0,0
5-굿리치몰 치매간병보험_C07,굿리치몰 치매보험,2026-07-29,PC,4,0,0
6-굿리치몰 어린이보험_C06,굿리치몰 어린이보험,2026-07-29,모바일,1,0,0
6-굿리치몰 어린이보험_C06,굿리치몰 어린이보험,2026-07-29,PC,1,0,0
0-굿리치몰(보장분석) _C16,굿리치몰,2026-07-30,모바일,1,0,0
0-굿리치몰(보장분석) _C16,굿리치몰,2026-07-30,PC,3,0,0
0-굿리치몰_C01,굿리치몰,2026-07-30,모바일,68,0,0
0-굿리치몰_C01,굿리치몰,2026-07-30,PC,160,1,"15,940"
2-굿리치몰 실비보험_C02,굿리치몰 실비보험,2026-07-30,모바일,17,0,0
2-굿리치몰 실비보험_C02,굿리치몰 실비보험,2026-07-30,PC,21,1,"3,310"
3-굿리치몰 암보험_C03,굿리치몰,2026-07-30,모바일,17,0,0
3-굿리치몰 암보험_C03,굿리치몰,2026-07-30,PC,13,13,"213,510"
4-굿리치몰 치아보험_C04,굿리치몰 치아보험,2026-07-30,모바일,3,0,0
4-굿리치몰 치아보험_C04,굿리치몰 치아보험,2026-07-30,PC,10,0,0
5-굿리치몰 치매간병보험_C07,굿리치몰 치매보험,2026-07-30,모바일,7,1,"4,780"
5-굿리치몰 치매간병보험_C07,굿리치몰 치매보험,2026-07-30,PC,5,0,0
6-굿리치몰 어린이보험_C06,굿리치몰 어린이보험,2026-07-30,모바일,0,0,0
6-굿리치몰 어린이보험_C06,굿리치몰 어린이보험,2026-07-30,PC,0,0,0
0-굿리치몰(보장분석) _C16,굿리치몰,2026-07-31,모바일,0,0,0
0-굿리치몰(보장분석) _C16,굿리치몰,2026-07-31,PC,0,0,0
0-굿리치몰(보장분석) _C16,굿리치몰,2026-08-01,모바일,4,0,0
0-굿리치몰(보장분석) _C16,굿리치몰,2026-08-02,모바일,1,0,0
0-굿리치몰(보장분석) _C16,굿리치몰,2026-08-03,모바일,0,0,0
0-굿리치몰(보장분석) _C16,굿리치몰,2026-08-03,PC,1,0,0
0-굿리치몰_C01,굿리치몰,2026-07-31,모바일,60,0,0
0-굿리치몰_C01,굿리치몰,2026-07-31,PC,152,0,0
0-굿리치몰_C01,굿리치몰,2026-08-01,모바일,69,0,0
0-굿리치몰_C01,굿리치몰,2026-08-01,PC,36,0,0
0-굿리치몰_C01,굿리치몰,2026-08-02,모바일,63,0,0
0-굿리치몰_C01,굿리치몰,2026-08-02,PC,26,0,0
0-굿리치몰_C01,굿리치몰,2026-08-03,모바일,81,0,0
0-굿리치몰_C01,굿리치몰,2026-08-03,PC,175,1,"2,010"
2-굿리치몰 실비보험_C02,굿리치몰 실비보험,2026-07-31,모바일,23,1,"2,010"
2-굿리치몰 실비보험_C02,굿리치몰 실비보험,2026-07-31,PC,15,0,0
2-굿리치몰 실비보험_C02,굿리치몰 실비보험,2026-08-01,모바일,20,1,"10,700"
2-굿리치몰 실비보험_C02,굿리치몰 실비보험,2026-08-01,PC,10,0,0
2-굿리치몰 실비보험_C02,굿리치몰 실비보험,2026-08-02,모바일,12,0,0
2-굿리치몰 실비보험_C02,굿리치몰 실비보험,2026-08-02,PC,7,0,0
2-굿리치몰 실비보험_C02,굿리치몰 실비보험,2026-08-03,모바일,16,0,0
2-굿리치몰 실비보험_C02,굿리치몰 실비보험,2026-08-03,PC,35,0,0
3-굿리치몰 암보험_C03,굿리치몰,2026-07-31,모바일,8,0,0
3-굿리치몰 암보험_C03,굿리치몰,2026-07-31,PC,6,0,0
3-굿리치몰 암보험_C03,굿리치몰,2026-08-01,모바일,5,1,"11,370"
3-굿리치몰 암보험_C03,굿리치몰,2026-08-01,PC,8,0,0
3-굿리치몰 암보험_C03,굿리치몰,2026-08-02,모바일,11,0,0
3-굿리치몰 암보험_C03,굿리치몰,2026-08-02,PC,3,0,0
3-굿리치몰 암보험_C03,굿리치몰,2026-08-03,모바일,19,0,0
3-굿리치몰 암보험_C03,굿리치몰,2026-08-03,PC,11,0,0
4-굿리치몰 치아보험_C04,굿리치몰 치아보험,2026-07-31,모바일,6,0,0
4-굿리치몰 치아보험_C04,굿리치몰 치아보험,2026-07-31,PC,3,0,0
4-굿리치몰 치아보험_C04,굿리치몰 치아보험,2026-08-01,모바일,7,1,"2,010"
4-굿리치몰 치아보험_C04,굿리치몰 치아보험,2026-08-01,PC,1,0,0
4-굿리치몰 치아보험_C04,굿리치몰 치아보험,2026-08-02,모바일,5,0,0
4-굿리치몰 치아보험_C04,굿리치몰 치아보험,2026-08-02,PC,0,0,0
4-굿리치몰 치아보험_C04,굿리치몰 치아보험,2026-08-03,모바일,13,0,0
4-굿리치몰 치아보험_C04,굿리치몰 치아보험,2026-08-03,PC,5,0,0
5-굿리치몰 치매간병보험_C07,굿리치몰 치매보험,2026-07-31,모바일,3,0,0
5-굿리치몰 치매간병보험_C07,굿리치몰 치매보험,2026-07-31,PC,4,0,0
5-굿리치몰 치매간병보험_C07,굿리치몰 치매보험,2026-08-01,모바일,8,0,0
5-굿리치몰 치매간병보험_C07,굿리치몰 치매보험,2026-08-01,PC,6,0,0
5-굿리치몰 치매간병보험_C07,굿리치몰 치매보험,2026-08-02,모바일,4,0,0
5-굿리치몰 치매간병보험_C07,굿리치몰 치매보험,2026-08-02,PC,0,0,0
5-굿리치몰 치매간병보험_C07,굿리치몰 치매보험,2026-08-03,모바일,7,0,0
5-굿리치몰 치매간병보험_C07,굿리치몰 치매보험,2026-08-03,PC,9,0,0
6-굿리치몰 어린이보험_C06,굿리치몰 어린이보험,2026-07-31,모바일,1,0,0
6-굿리치몰 어린이보험_C06,굿리치몰 어린이보험,2026-07-31,PC,1,0,0
6-굿리치몰 어린이보험_C06,굿리치몰 어린이보험,2026-08-01,모바일,0,0,0
6-굿리치몰 어린이보험_C06,굿리치몰 어린이보험,2026-08-01,PC,2,0,0
6-굿리치몰 어린이보험_C06,굿리치몰 어린이보험,2026-08-02,모바일,1,0,0
6-굿리치몰 어린이보험_C06,굿리치몰 어린이보험,2026-08-03,모바일,1,0,0
6-굿리치몰 어린이보험_C06,굿리치몰 어린이보험,2026-08-03,PC,0,0,0
0-굿리치몰(보장분석) _C16,굿리치몰,2026-08-04,모바일,1,0,0
0-굿리치몰(보장분석) _C16,굿리치몰,2026-08-04,PC,1,0,0
0-굿리치몰_C01,굿리치몰,2026-08-04,모바일,81,5,"59,450"
0-굿리치몰_C01,굿리치몰,2026-08-04,PC,163,1,"5,940"
2-굿리치몰 실비보험_C02,굿리치몰 실비보험,2026-08-04,모바일,19,0,0
2-굿리치몰 실비보험_C02,굿리치몰 실비보험,2026-08-04,PC,17,0,0
3-굿리치몰 암보험_C03,굿리치몰,2026-08-04,모바일,19,1,"12,520"
3-굿리치몰 암보험_C03,굿리치몰,2026-08-04,PC,19,1,"13,660"
4-굿리치몰 치아보험_C04,굿리치몰 치아보험,2026-08-04,모바일,10,0,0
4-굿리치몰 치아보험_C04,굿리치몰 치아보험,2026-08-04,PC,5,0,0
5-굿리치몰 치매간병보험_C07,굿리치몰 치매보험,2026-08-04,모바일,5,0,0
5-굿리치몰 치매간병보험_C07,굿리치몰 치매보험,2026-08-04,PC,3,0,0
6-굿리치몰 어린이보험_C06,굿리치몰 어린이보험,2026-08-04,모바일,2,0,0
6-굿리치몰 어린이보험_C06,굿리치몰 어린이보험,2026-08-04,PC,1,0,0
0-굿리치몰(보장분석) _C16,굿리치몰,2026-08-05,모바일,1,0,0
0-굿리치몰(보장분석) _C16,굿리치몰,2026-08-05,PC,1,0,0
0-굿리치몰_C01,굿리치몰,2026-08-05,모바일,85,0,0
0-굿리치몰_C01,굿리치몰,2026-08-05,PC,157,4,"19,300"
2-굿리치몰 실비보험_C02,굿리치몰 실비보험,2026-08-05,모바일,17,0,0
2-굿리치몰 실비보험_C02,굿리치몰 실비보험,2026-08-05,PC,30,0,0
3-굿리치몰 암보험_C03,굿리치몰,2026-08-05,모바일,16,2,"30,360"
3-굿리치몰 암보험_C03,굿리치몰,2026-08-05,PC,13,0,0
4-굿리치몰 치아보험_C04,굿리치몰 치아보험,2026-08-05,모바일,3,0,0
4-굿리치몰 치아보험_C04,굿리치몰 치아보험,2026-08-05,PC,9,0,0
5-굿리치몰 치매간병보험_C07,굿리치몰 치매보험,2026-08-05,모바일,6,0,0
5-굿리치몰 치매간병보험_C07,굿리치몰 치매보험,2026-08-05,PC,6,0,0
6-굿리치몰 어린이보험_C06,굿리치몰 어린이보험,2026-08-05,모바일,0,0,0
6-굿리치몰 어린이보험_C06,굿리치몰 어린이보험,2026-08-05,PC,2,0,0
0-굿리치몰(보장분석) _C16,굿리치몰,2026-08-06,모바일,0,0,0
0-굿리치몰(보장분석) _C16,굿리치몰,2026-08-06,PC,6,0,0
0-굿리치몰_C01,굿리치몰,2026-08-06,모바일,91,1,"11,010"
0-굿리치몰_C01,굿리치몰,2026-08-06,PC,168,2,"5,490"
2-굿리치몰 실비보험_C02,굿리치몰 실비보험,2026-08-06,모바일,13,0,0
2-굿리치몰 실비보험_C02,굿리치몰 실비보험,2026-08-06,PC,31,1,"5,380"
3-굿리치몰 암보험_C03,굿리치몰,2026-08-06,모바일,18,0,0
3-굿리치몰 암보험_C03,굿리치몰,2026-08-06,PC,12,0,0
4-굿리치몰 치아보험_C04,굿리치몰 치아보험,2026-08-06,모바일,14,0,0
4-굿리치몰 치아보험_C04,굿리치몰 치아보험,2026-08-06,PC,2,0,0
5-굿리치몰 치매간병보험_C07,굿리치몰 치매보험,2026-08-06,모바일,3,0,0
5-굿리치몰 치매간병보험_C07,굿리치몰 치매보험,2026-08-06,PC,8,0,0
6-굿리치몰 어린이보험_C06,굿리치몰 어린이보험,2026-08-06,모바일,1,0,0
6-굿리치몰 어린이보험_C06,굿리치몰 어린이보험,2026-08-06,PC,1,0,0
0-굿리치몰(보장분석) _C16,굿리치몰,2026-08-07,모바일,1,0,0
0-굿리치몰(보장분석) _C16,굿리치몰,2026-08-07,PC,1,0,0
0-굿리치몰(보장분석) _C16,굿리치몰,2026-08-08,모바일,0,0,0
0-굿리치몰(보장분석) _C16,굿리치몰,2026-08-09,모바일,0,0,0
0-굿리치몰_C01,굿리치몰,2026-08-07,모바일,96,3,"40,250"
0-굿리치몰_C01,굿리치몰,2026-08-07,PC,150,0,0
0-굿리치몰_C01,굿리치몰,2026-08-08,모바일,48,0,0
0-굿리치몰_C01,굿리치몰,2026-08-08,PC,25,0,0
0-굿리치몰_C01,굿리치몰,2026-08-09,모바일,42,0,0
0-굿리치몰_C01,굿리치몰,2026-08-09,PC,27,0,0
2-굿리치몰 실비보험_C02,굿리치몰 실비보험,2026-08-07,모바일,12,1,"10,700"
2-굿리치몰 실비보험_C02,굿리치몰 실비보험,2026-08-07,PC,27,1,"3,310"
2-굿리치몰 실비보험_C02,굿리치몰 실비보험,2026-08-08,모바일,8,0,0
2-굿리치몰 실비보험_C02,굿리치몰 실비보험,2026-08-08,PC,11,2,"5,320"
2-굿리치몰 실비보험_C02,굿리치몰 실비보험,2026-08-09,모바일,7,0,0
2-굿리치몰 실비보험_C02,굿리치몰 실비보험,2026-08-09,PC,14,0,0
3-굿리치몰 암보험_C03,굿리치몰,2026-08-07,모바일,12,1,"8,010"
3-굿리치몰 암보험_C03,굿리치몰,2026-08-07,PC,30,1,"11,510"
3-굿리치몰 암보험_C03,굿리치몰,2026-08-08,모바일,15,1,"12,520"
3-굿리치몰 암보험_C03,굿리치몰,2026-08-08,PC,9,0,0
3-굿리치몰 암보험_C03,굿리치몰,2026-08-09,모바일,22,0,0
3-굿리치몰 암보험_C03,굿리치몰,2026-08-09,PC,3,0,0
4-굿리치몰 치아보험_C04,굿리치몰 치아보험,2026-08-07,모바일,10,0,0
4-굿리치몰 치아보험_C04,굿리치몰 치아보험,2026-08-07,PC,8,0,0
4-굿리치몰 치아보험_C04,굿리치몰 치아보험,2026-08-08,모바일,8,0,0
4-굿리치몰 치아보험_C04,굿리치몰 치아보험,2026-08-08,PC,1,0,0
4-굿리치몰 치아보험_C04,굿리치몰 치아보험,2026-08-09,모바일,10,0,0
4-굿리치몰 치아보험_C04,굿리치몰 치아보험,2026-08-09,PC,2,0,0
5-굿리치몰 치매간병보험_C07,굿리치몰 치매보험,2026-08-07,모바일,4,0,0
5-굿리치몰 치매간병보험_C07,굿리치몰 치매보험,2026-08-07,PC,12,0,0
5-굿리치몰 치매간병보험_C07,굿리치몰 치매보험,2026-08-08,모바일,4,0,0
5-굿리치몰 치매간병보험_C07,굿리치몰 치매보험,2026-08-08,PC,7,0,0
5-굿리치몰 치매간병보험_C07,굿리치몰 치매보험,2026-08-09,모바일,2,0,0
5-굿리치몰 치매간병보험_C07,굿리치몰 치매보험,2026-08-09,PC,1,0,0
6-굿리치몰 어린이보험_C06,굿리치몰 어린이보험,2026-08-07,모바일,3,0,0
6-굿리치몰 어린이보험_C06,굿리치몰 어린이보험,2026-08-07,PC,4,0,0
6-굿리치몰 어린이보험_C06,굿리치몰 어린이보험,2026-08-08,모바일,1,0,0
6-굿리치몰 어린이보험_C06,굿리치몰 어린이보험,2026-08-09,모바일,0,0,0
0-굿리치몰(보장분석) _C16,굿리치몰,2026-08-10,모바일,0,0,0
0-굿리치몰_C01,굿리치몰,2026-08-10,모바일,116,3,"4,810"
0-굿리치몰_C01,굿리치몰,2026-08-10,PC,190,1,"5,830"
2-굿리치몰 실비보험_C02,굿리치몰 실비보험,2026-08-10,모바일,18,0,0
2-굿리치몰 실비보험_C02,굿리치몰 실비보험,2026-08-10,PC,25,0,0
3-굿리치몰 암보험_C03,굿리치몰,2026-08-10,모바일,9,0,0
3-굿리치몰 암보험_C03,굿리치몰,2026-08-10,PC,26,0,0
4-굿리치몰 치아보험_C04,굿리치몰 치아보험,2026-08-10,모바일,11,0,0
4-굿리치몰 치아보험_C04,굿리치몰 치아보험,2026-08-10,PC,9,1,"2,010"
5-굿리치몰 치매간병보험_C07,굿리치몰 치매보험,2026-08-10,모바일,4,0,0
5-굿리치몰 치매간병보험_C07,굿리치몰 치매보험,2026-08-10,PC,7,0,0
6-굿리치몰 어린이보험_C06,굿리치몰 어린이보험,2026-08-10,모바일,1,0,0
6-굿리치몰 어린이보험_C06,굿리치몰 어린이보험,2026-08-10,PC,4,0,0
0-굿리치몰(보장분석) _C16,굿리치몰,2026-08-11,모바일,0,0,0
0-굿리치몰(보장분석) _C16,굿리치몰,2026-08-11,PC,0,0,0
0-굿리치몰_C01,굿리치몰,2026-08-11,모바일,85,2,"25,700"
0-굿리치몰_C01,굿리치몰,2026-08-11,PC,169,0,0
2-굿리치몰 실비보험_C02,굿리치몰 실비보험,2026-08-11,모바일,13,0,0
2-굿리치몰 실비보험_C02,굿리치몰 실비보험,2026-08-11,PC,28,0,0
3-굿리치몰 암보험_C03,굿리치몰,2026-08-11,모바일,14,0,0
3-굿리치몰 암보험_C03,굿리치몰,2026-08-11,PC,19,0,0
4-굿리치몰 치아보험_C04,굿리치몰 치아보험,2026-08-11,모바일,7,0,0
4-굿리치몰 치아보험_C04,굿리치몰 치아보험,2026-08-11,PC,6,0,0
5-굿리치몰 치매간병보험_C07,굿리치몰 치매보험,2026-08-11,모바일,3,0,0
5-굿리치몰 치매간병보험_C07,굿리치몰 치매보험,2026-08-11,PC,7,1,"2,010"
6-굿리치몰 어린이보험_C06,굿리치몰 어린이보험,2026-08-11,모바일,1,0,0
6-굿리치몰 어린이보험_C06,굿리치몰 어린이보험,2026-08-11,PC,1,1,"20,010"
0-굿리치몰(보장분석) _C16,굿리치몰,2026-08-12,모바일,0,0,0
0-굿리치몰_C01,굿리치몰,2026-08-12,모바일,73,1,"14,690"
0-굿리치몰_C01,굿리치몰,2026-08-12,PC,147,1,510
2-굿리치몰 실비보험_C02,굿리치몰 실비보험,2026-08-12,모바일,14,0,0
2-굿리치몰 실비보험_C02,굿리치몰 실비보험,2026-08-12,PC,17,0,0
3-굿리치몰 암보험_C03,굿리치몰,2026-08-12,모바일,19,0,0
3-굿리치몰 암보험_C03,굿리치몰,2026-08-12,PC,15,3,"50,490"
4-굿리치몰 치아보험_C04,굿리치몰 치아보험,2026-08-12,모바일,8,0,0
4-굿리치몰 치아보험_C04,굿리치몰 치아보험,2026-08-12,PC,6,0,0
5-굿리치몰 치매간병보험_C07,굿리치몰 치매보험,2026-08-12,모바일,0,0,0
5-굿리치몰 치매간병보험_C07,굿리치몰 치매보험,2026-08-12,PC,7,0,0
6-굿리치몰 어린이보험_C06,굿리치몰 어린이보험,2026-08-12,모바일,1,0,0
0-굿리치몰(보장분석) _C16,굿리치몰,2026-08-13,모바일,0,0,0
0-굿리치몰(보장분석) _C16,굿리치몰,2026-08-13,PC,1,0,0
0-굿리치몰_C01,굿리치몰,2026-08-13,모바일,135,0,0
0-굿리치몰_C01,굿리치몰,2026-08-13,PC,186,0,0
2-굿리치몰 실비보험_C02,굿리치몰 실비보험,2026-08-13,모바일,16,0,0
2-굿리치몰 실비보험_C02,굿리치몰 실비보험,2026-08-13,PC,17,0,0
3-굿리치몰 암보험_C03,굿리치몰,2026-08-13,모바일,12,0,0
3-굿리치몰 암보험_C03,굿리치몰,2026-08-13,PC,30,35,"592,590"
4-굿리치몰 치아보험_C04,굿리치몰 치아보험,2026-08-13,모바일,6,0,0
4-굿리치몰 치아보험_C04,굿리치몰 치아보험,2026-08-13,PC,7,0,0
5-굿리치몰 치매간병보험_C07,굿리치몰 치매보험,2026-08-13,모바일,1,0,0
5-굿리치몰 치매간병보험_C07,굿리치몰 치매보험,2026-08-13,PC,5,0,0
6-굿리치몰 어린이보험_C06,굿리치몰 어린이보험,2026-08-13,모바일,0,0,0
6-굿리치몰 어린이보험_C06,굿리치몰 어린이보험,2026-08-13,PC,4,0,0
0-굿리치몰(보장분석) _C16,굿리치몰,2026-08-14,모바일,1,0,0
0-굿리치몰(보장분석) _C16,굿리치몰,2026-08-14,PC,0,0,0
0-굿리치몰(보장분석) _C16,굿리치몰,2026-08-15,모바일,2,0,0
0-굿리치몰(보장분석) _C16,굿리치몰,2026-08-16,모바일,0,0,0
0-굿리치몰(보장분석) _C16,굿리치몰,2026-08-17,모바일,1,0,0
0-굿리치몰_C01,굿리치몰,2026-08-14,모바일,96,2,"6,080"
0-굿리치몰_C01,굿리치몰,2026-08-14,PC,173,1,"5,010"
0-굿리치몰_C01,굿리치몰,2026-08-15,모바일,40,0,0
0-굿리치몰_C01,굿리치몰,2026-08-15,PC,25,0,0
0-굿리치몰_C01,굿리치몰,2026-08-16,모바일,42,2,"22,020"
0-굿리치몰_C01,굿리치몰,2026-08-16,PC,24,0,0
0-굿리치몰_C01,굿리치몰,2026-08-17,모바일,36,1,"3,010"
0-굿리치몰_C01,굿리치몰,2026-08-17,PC,40,0,0
2-굿리치몰 실비보험_C02,굿리치몰 실비보험,2026-08-14,모바일,19,1,"10,700"
2-굿리치몰 실비보험_C02,굿리치몰 실비보험,2026-08-14,PC,19,0,0
2-굿리치몰 실비보험_C02,굿리치몰 실비보험,2026-08-15,모바일,15,0,0
2-굿리치몰 실비보험_C02,굿리치몰 실비보험,2026-08-15,PC,5,0,0
2-굿리치몰 실비보험_C02,굿리치몰 실비보험,2026-08-16,모바일,5,1,430
2-굿리치몰 실비보험_C02,굿리치몰 실비보험,2026-08-16,PC,14,0,0
2-굿리치몰 실비보험_C02,굿리치몰 실비보험,2026-08-17,모바일,11,0,0
2-굿리치몰 실비보험_C02,굿리치몰 실비보험,2026-08-17,PC,7,0,0
3-굿리치몰 암보험_C03,굿리치몰,2026-08-14,모바일,13,0,0
3-굿리치몰 암보험_C03,굿리치몰,2026-08-14,PC,26,7,"111,680"
3-굿리치몰 암보험_C03,굿리치몰,2026-08-15,모바일,4,0,0
3-굿리치몰 암보험_C03,굿리치몰,2026-08-15,PC,4,17,"144,670"
3-굿리치몰 암보험_C03,굿리치몰,2026-08-16,모바일,9,0,0
3-굿리치몰 암보험_C03,굿리치몰,2026-08-16,PC,2,24,"302,280"
3-굿리치몰 암보험_C03,굿리치몰,2026-08-17,모바일,15,0,0
3-굿리치몰 암보험_C03,굿리치몰,2026-08-17,PC,5,3,"50,040"
4-굿리치몰 치아보험_C04,굿리치몰 치아보험,2026-08-14,모바일,4,0,0
4-굿리치몰 치아보험_C04,굿리치몰 치아보험,2026-08-14,PC,7,0,0
4-굿리치몰 치아보험_C04,굿리치몰 치아보험,2026-08-15,모바일,5,0,0
4-굿리치몰 치아보험_C04,굿리치몰 치아보험,2026-08-16,모바일,4,0,0
4-굿리치몰 치아보험_C04,굿리치몰 치아보험,2026-08-16,PC,2,0,0
4-굿리치몰 치아보험_C04,굿리치몰 치아보험,2026-08-17,모바일,7,0,0
4-굿리치몰 치아보험_C04,굿리치몰 치아보험,2026-08-17,PC,2,0,0
5-굿리치몰 치매간병보험_C07,굿리치몰 치매보험,2026-08-14,모바일,4,0,0
5-굿리치몰 치매간병보험_C07,굿리치몰 치매보험,2026-08-14,PC,2,0,0
5-굿리치몰 치매간병보험_C07,굿리치몰 치매보험,2026-08-15,모바일,5,0,0
5-굿리치몰 치매간병보험_C07,굿리치몰 치매보험,2026-08-15,PC,5,0,0
5-굿리치몰 치매간병보험_C07,굿리치몰 치매보험,2026-08-16,모바일,3,0,0
5-굿리치몰 치매간병보험_C07,굿리치몰 치매보험,2026-08-16,PC,0,0,0
5-굿리치몰 치매간병보험_C07,굿리치몰 치매보험,2026-08-17,모바일,10,0,0
5-굿리치몰 치매간병보험_C07,굿리치몰 치매보험,2026-08-17,PC,5,0,0
6-굿리치몰 어린이보험_C06,굿리치몰 어린이보험,2026-08-14,모바일,1,0,0
6-굿리치몰 어린이보험_C06,굿리치몰 어린이보험,2026-08-14,PC,1,0,0
6-굿리치몰 어린이보험_C06,굿리치몰 어린이보험,2026-08-15,모바일,0,0,0
6-굿리치몰 어린이보험_C06,굿리치몰 어린이보험,2026-08-16,모바일,3,0,0
6-굿리치몰 어린이보험_C06,굿리치몰 어린이보험,2026-08-16,PC,0,0,0
6-굿리치몰 어린이보험_C06,굿리치몰 어린이보험,2026-08-17,모바일,1,0,0
0-굿리치몰(보장분석) _C16,굿리치몰,2026-08-18,PC,0,0,0
0-굿리치몰_C01,굿리치몰,2026-08-18,모바일,85,0,0
0-굿리치몰_C01,굿리치몰,2026-08-18,PC,166,0,0
2-굿리치몰 실비보험_C02,굿리치몰 실비보험,2026-08-18,모바일,17,1,"13,140"
2-굿리치몰 실비보험_C02,굿리치몰 실비보험,2026-08-18,PC,29,0,0
3-굿리치몰 암보험_C03,굿리치몰,2026-08-18,모바일,11,0,0
3-굿리치몰 암보험_C03,굿리치몰,2026-08-18,PC,23,19,"260,430"
4-굿리치몰 치아보험_C04,굿리치몰 치아보험,2026-08-18,모바일,6,0,0
4-굿리치몰 치아보험_C04,굿리치몰 치아보험,2026-08-18,PC,7,0,0
5-굿리치몰 치매간병보험_C07,굿리치몰 치매보험,2026-08-18,모바일,2,0,0
5-굿리치몰 치매간병보험_C07,굿리치몰 치매보험,2026-08-18,PC,9,0,0
6-굿리치몰 어린이보험_C06,굿리치몰 어린이보험,2026-08-18,모바일,2,1,"9,010"
6-굿리치몰 어린이보험_C06,굿리치몰 어린이보험,2026-08-18,PC,3,1,"13,010"
