날짜,매체명,상품명,소재명,노출수(열람수),클릭수,발송수,비용,인타입,비고
2026-01-01,KT PASS,PUSH,소재 A,22235,27,0,172000,A_pasB101,
2026-01-01,KT PASS,PUSH,미확인,,,,,A_pasB112,
2026-01-01,KT PASS,하단배너,소재 A,1520,17,0,14000,A_pasB102,
2026-01-01,T멤버십,PUSH,소재 A,0,0,0,0,A_sktB101,
2026-01-01,T멤버십,PUSH,소재 C,0,0,0,0,A_sktB912,
2026-01-01,T멤버십,미션탭,소재 A,165444,283,0,165000,A_sktB102,
2026-01-01,가스락,서브 참여형 리스트 배너,소재 A,2683,62,0,35000,A_gasB105,
2026-01-01,가스락,서브 텍스트 배너,소재 A,33072,293,0,75000,A_gasB103,
2026-01-01,가스락,혜택 상단 배너,소재 A,19512,8,0,0,A_gasB104,
2026-01-01,가스락,홈 참여형 리스트 배너,소재 A,348900,492,0,56000,A_gasB102,
2026-01-01,가스락,홈 토스트 배너,소재 A,41592,455,0,118000,A_gasB101,
2026-01-02,KT PASS,PUSH,소재 A,58141,35,0,449000,A_pasB101,
2026-01-02,KT PASS,하단배너,소재 A,2281,16,0,20000,A_pasB102,
2026-01-02,T멤버십,PUSH,소재 A,0,5301,300000,1875000,A_sktB101,"(광고) 4세대 실비 80%보장, 마지막!"
2026-01-02,T멤버십,미션탭,소재 A,175410,196,0,175000,A_sktB102,
2026-01-02,가스락,서브 참여형 리스트 배너,소재 A,2041,54,0,27000,A_gasB105,
2026-01-02,가스락,서브 텍스트 배너,소재 A,39004,332,0,89000,A_gasB103,
2026-01-02,가스락,혜택 상단 배너,소재 A,12106,7,0,0,A_gasB104,
2026-01-02,가스락,홈 참여형 리스트 배너,소재 A,433954,286,0,70000,A_gasB102,
2026-01-02,가스락,홈 토스트 배너,소재 A,45704,733,0,130000,A_gasB101,
2026-01-03,KT PASS,PUSH,소재 A,17003,31,0,131000,A_pasB101,
2026-01-03,KT PASS,하단배너,소재 A,1175,15,0,10000,A_pasB102,
2026-01-03,T멤버십,PUSH,소재 A,0,0,0,0,A_sktB101,"(광고) 4세대 실비 80%보장, 마지막!"
2026-01-03,T멤버십,미션탭,소재 A,171675,189,0,172000,A_sktB102,
2026-01-03,가스락,서브 참여형 리스트 배너,소재 A,1655,50,0,22000,A_gasB105,
2026-01-03,가스락,서브 텍스트 배너,소재 A,28488,236,0,65000,A_gasB103,
2026-01-03,가스락,혜택 상단 배너,소재 A,9612,9,0,0,A_gasB104,
2026-01-03,가스락,홈 참여형 리스트 배너,소재 A,391561,198,0,63000,A_gasB102,
2026-01-03,가스락,홈 토스트 배너,소재 A,36770,635,0,105000,A_gasB101,
2026-01-04,KT PASS,PUSH,소재 A,13759,25,0,106000,A_pasB101,
2026-01-04,KT PASS,하단배너,소재 A,1076,4,0,10000,A_pasB102,
2026-01-04,T멤버십,PUSH,소재 A,0,0,0,0,A_sktB101,"(광고) 4세대 실비 80%보장, 마지막!"
2026-01-04,T멤버십,미션탭,소재 A,170895,176,0,171000,A_sktB102,
2026-01-04,가스락,서브 참여형 리스트 배너,소재 A,1537,38,0,20000,A_gasB105,
2026-01-04,가스락,서브 텍스트 배너,소재 A,26442,236,0,60000,A_gasB103,
2026-01-04,가스락,혜택 상단 배너,소재 A,8905,8,0,0,A_gasB104,
2026-01-04,가스락,홈 참여형 리스트 배너,소재 A,388360,202,0,63000,A_gasB102,
2026-01-04,가스락,홈 토스트 배너,소재 A,35401,657,0,101000,A_gasB101,
2026-01-05,KT PASS,PUSH,소재 A,59901,32,0,463000,A_pasB101,
2026-01-05,KT PASS,하단배너,소재 A,1921,16,0,17000,A_pasB102,
2026-01-05,T멤버십,PUSH,소재 A,0,4005,200000,1250000,A_sktB101,"(광고) 4세대 실비 80%보장, 마지막!"
2026-01-05,T멤버십,미션탭,소재 A,172972,152,0,173000,A_sktB102,
2026-01-05,가스락,서브 참여형 리스트 배너,소재 A,1741,52,0,23000,A_gasB105,
2026-01-05,가스락,서브 텍스트 배너,소재 A,48526,356,0,110000,A_gasB103,
2026-01-05,가스락,혜택 상단 배너,소재 A,9229,22,0,0,A_gasB104,
2026-01-05,가스락,홈 참여형 리스트 배너,소재 A,448435,264,0,72000,A_gasB102,
2026-01-05,가스락,홈 토스트 배너,소재 A,40669,894,0,116000,A_gasB101,
2026-01-05,카카오페이,TMS,소재 A,60035,1012,109957,5082000,A_kpaB102,기본 텍스트형_발송당일
2026-01-05,카카오페이,혜택A,소재 A,806612,306015,0,1677000,A_kpaB101,"4세대 실비\n80% 보장, 마지막!"
2026-01-06,KT PASS,PUSH,소재 A,50119,26,0,387000,A_pasB101,
2026-01-06,KT PASS,하단배너,소재 A,2842,53,0,25000,A_pasB102,
2026-01-06,T멤버십,PUSH,소재 A,0,6259,300000,1875000,A_sktB101,"(광고) 4세대 실비 80%보장, 마지막!"
2026-01-06,T멤버십,미션탭,소재 A,170938,142,0,171000,A_sktB102,
2026-01-06,가스락,서브 참여형 리스트 배너,소재 A,2707,83,0,35000,A_gasB105,
2026-01-06,가스락,서브 텍스트 배너,소재 A,85154,725,0,193000,A_gasB103,
2026-01-06,가스락,혜택 상단 배너,소재 A,9085,16,0,0,A_gasB104,
2026-01-06,가스락,홈 참여형 리스트 배너,소재 A,647129,507,0,104000,A_gasB102,
2026-01-06,가스락,홈 토스트 배너,소재 A,60196,1178,0,171000,A_gasB101,
2026-01-06,카카오페이,혜택A,소재 A,812899,307145,0,1690000,A_kpaB101,"4세대 실비\n80% 보장, 마지막!"
2026-01-07,KT PASS,PUSH,소재 A,45794,30,0,354000,A_pasB101,
2026-01-07,KT PASS,하단배너,소재 A,2023,22,0,18000,A_pasB102,
2026-01-07,T멤버십,PUSH,소재 A,0,3767,200000,1250000,A_sktB101,"(광고) 4세대 실비 80%보장, 마지막!"
2026-01-07,T멤버십,미션탭,소재 A,160988,143,0,161000,A_sktB102,
2026-01-07,가스락,서브 참여형 리스트 배너,소재 A,2899,53,0,38000,A_gasB105,
2026-01-07,가스락,서브 텍스트 배너,소재 A,50466,440,0,115000,A_gasB103,
2026-01-07,가스락,혜택 상단 배너,소재 A,8775,13,0,0,A_gasB104,
2026-01-07,가스락,홈 참여형 리스트 배너,소재 A,492967,364,0,80000,A_gasB102,
2026-01-07,가스락,홈 토스트 배너,소재 A,40235,845,0,115000,A_gasB101,
2026-01-07,카카오페이,TMS,미확인,,,,,A_kpaB912,
2026-01-07,카카오페이,혜택A,소재 A,787801,303804,0,1638000,A_kpaB101,"4세대 실비\n80% 보장, 마지막!"
2026-01-08,KT PASS,PUSH,소재 A,53969,41,0,417000,A_pasB101,
2026-01-08,KT PASS,하단배너,소재 A,1970,18,0,18000,A_pasB102,
2026-01-08,T멤버십,PUSH,소재 A,0,5612,300000,1875000,A_sktB101,"(광고) 4세대 실비 80%보장, 마지막!"
2026-01-08,T멤버십,미션탭,소재 A,160993,122,0,161000,A_sktB102,
2026-01-08,가스락,서브 참여형 리스트 배너,소재 A,1636,53,0,21000,A_gasB105,
2026-01-08,가스락,서브 텍스트 배너,소재 A,46317,433,0,105000,A_gasB103,
2026-01-08,가스락,혜택 상단 배너,소재 A,8386,14,0,0,A_gasB104,
2026-01-08,가스락,홈 참여형 리스트 배너,소재 A,488691,356,0,79000,A_gasB102,
2026-01-08,가스락,홈 토스트 배너,소재 A,40260,803,0,115000,A_gasB101,
2026-01-08,카카오페이,혜택A,소재 A,487978,211575,0,1014000,A_kpaB101,"4세대 실비\n80% 보장, 마지막!"
2026-01-08,카카오페이,혜택A,소재 B,413710,215393,0,860000,A_kpaB010,보장 축소된 5세대!\n4세대 80%보장 막차!
2026-01-09,KT PASS,PUSH,소재 B,54377,53,0,420000,A_pasB010,
2026-01-09,KT PASS,하단배너,소재 B,2152,9,0,19000,A_pasB020,
2026-01-09,T멤버십,PUSH,소재 A,0,3629,200000,1250000,A_sktB101,"(광고) 4세대 실비 80%보장, 마지막!"
2026-01-09,T멤버십,미션탭,소재 A,159991,152,0,160000,A_sktB102,
2026-01-09,가스락,서브 참여형 리스트 배너,소재 A,1987,44,0,26000,A_gasB105,
2026-01-09,가스락,서브 텍스트 배너,소재 A,70694,668,0,161000,A_gasB103,
2026-01-09,가스락,혜택 상단 배너,소재 A,8702,13,0,0,A_gasB104,
2026-01-09,가스락,홈 참여형 리스트 배너,소재 A,628613,370,0,101000,A_gasB102,
2026-01-09,가스락,홈 토스트 배너,소재 A,65371,1133,0,186000,A_gasB101,
2026-01-09,카카오페이,혜택A,소재 B,665982,296397,0,1384000,A_kpaB010,보장 축소된 5세대!\n4세대 80%보장 막차!
2026-01-10,KT PASS,PUSH,소재 B,18168,29,0,140000,A_pasB010,
2026-01-10,KT PASS,하단배너,소재 B,1116,6,0,10000,A_pasB020,
2026-01-10,T멤버십,PUSH,소재 A,0,0,0,0,A_sktB101,"(광고) 4세대 실비 80%보장, 마지막!"
2026-01-10,T멤버십,미션탭,소재 A,159996,223,0,160000,A_sktB102,
2026-01-10,가스락,서브 참여형 리스트 배너,소재 B,1596,44,0,21000,A_gasB050,
2026-01-10,가스락,서브 텍스트 배너,소재 B,39667,406,0,90000,A_gasB030,
2026-01-10,가스락,혜택 상단 배너,소재 B,8209,9,0,0,A_gasB040,
2026-01-10,가스락,홈 참여형 리스트 배너,소재 B,451236,278,0,73000,A_gasB020,
2026-01-10,가스락,홈 토스트 배너,소재 B,38495,986,0,110000,A_gasB010,
2026-01-10,카카오페이,혜택A,소재 B,619875,288015,0,1289000,A_kpaB010,보장 축소된 5세대!\n4세대 80%보장 막차!
2026-01-11,KT PASS,PUSH,소재 B,14409,24,0,111000,A_pasB010,
2026-01-11,KT PASS,하단배너,소재 B,1142,8,0,10000,A_pasB020,
2026-01-11,T멤버십,PUSH,소재 A,0,0,0,0,A_sktB101,"(광고) 4세대 실비 80%보장, 마지막!"
2026-01-11,T멤버십,미션탭,소재 A,160000,170,0,160000,A_sktB102,
2026-01-11,가스락,서브 참여형 리스트 배너,소재 B,1623,38,0,21000,A_gasB050,
2026-01-11,가스락,서브 텍스트 배너,소재 B,34869,323,0,79000,A_gasB030,
2026-01-11,가스락,혜택 상단 배너,소재 B,8428,7,0,0,A_gasB040,
2026-01-11,가스락,홈 참여형 리스트 배너,소재 B,424339,281,0,68000,A_gasB020,
2026-01-11,가스락,홈 토스트 배너,소재 B,34384,978,0,98000,A_gasB010,
2026-01-11,카카오페이,혜택A,소재 B,593891,290230,0,1234000,A_kpaB010,보장 축소된 5세대!\n4세대 80%보장 막차!
2026-01-12,KT PASS,PUSH,소재 B,53932,66,0,417000,A_pasB010,
2026-01-12,KT PASS,하단배너,소재 B,2592,19,0,23000,A_pasB020,
2026-01-12,T멤버십,PUSH,소재 A,0,5138,300000,1875000,A_sktB101,"(광고) 4세대 실비 80%보장, 마지막!"
2026-01-12,T멤버십,미션탭,소재 A,159988,160,0,160000,A_sktB102,
2026-01-12,가스락,서브 참여형 리스트 배너,소재 B,1632,65,0,21000,A_gasB050,
2026-01-12,가스락,서브 텍스트 배너,소재 B,64920,639,0,148000,A_gasB030,
2026-01-12,가스락,혜택 상단 배너,소재 B,8746,14,0,0,A_gasB040,
2026-01-12,가스락,홈 참여형 리스트 배너,소재 B,576370,397,0,93000,A_gasB020,
2026-01-12,가스락,홈 토스트 배너,소재 B,41020,1141,0,117000,A_gasB010,
2026-01-13,KT PASS,PUSH,소재 B,55369,55,0,428000,A_pasB010,
2026-01-13,KT PASS,하단배너,소재 B,1993,15,0,18000,A_pasB020,
2026-01-13,T멤버십,PUSH,소재 B,0,3499,200000,1250000,A_sktB109,"(광고) 4세대 실비 80%보장, 마지막!"
2026-01-13,T멤버십,미션탭,소재 B,159932,180,0,160000,A_sktB020,
2026-01-13,가스락,서브 참여형 리스트 배너,소재 B,1570,57,0,20000,A_gasB050,
2026-01-13,가스락,서브 텍스트 배너,소재 B,41531,353,0,94000,A_gasB030,
2026-01-13,가스락,혜택 상단 배너,소재 B,7942,9,0,0,A_gasB040,
2026-01-13,가스락,홈 참여형 리스트 배너,소재 B,507193,309,0,82000,A_gasB020,
2026-01-13,가스락,홈 토스트 배너,소재 B,34605,948,0,99000,A_gasB010,
2026-01-13,카카오페이,TMS,소재 B,56345,1419,109949,5082000,A_kpaB020,기본 텍스트형_발송당일
2026-01-14,KT PASS,PUSH,소재 B,54444,63,0,421000,A_pasB010,
2026-01-14,KT PASS,하단배너,소재 B,1953,16,0,17000,A_pasB020,
2026-01-14,T멤버십,PUSH,소재 B,0,5250,300000,1875000,A_sktB109,"(광고) 4세대 실비 80%보장, 마지막!"
2026-01-14,T멤버십,미션탭,소재 B,159994,170,0,160000,A_sktB020,
2026-01-14,가스락,서브 참여형 리스트 배너,소재 B,3862,81,0,50000,A_gasB050,
2026-01-14,가스락,서브 텍스트 배너,소재 B,39186,277,0,89000,A_gasB030,
2026-01-14,가스락,혜택 상단 배너,소재 B,7947,9,0,0,A_gasB040,
2026-01-14,가스락,홈 참여형 리스트 배너,소재 B,525023,381,0,85000,A_gasB020,
2026-01-14,가스락,홈 토스트 배너,소재 B,35150,980,0,100000,A_gasB010,
2026-01-14,카카오페이,TMS,미확인,,,,,A_kpaB312,
2026-01-15,KT PASS,PUSH,소재 B,55263,60,0,427000,A_pasB010,
2026-01-15,KT PASS,하단배너,소재 B,2079,23,0,19000,A_pasB020,
2026-01-15,T멤버십,PUSH,소재 B,0,3969,200000,1250000,A_sktB109,"(광고) 4세대 실비 80%보장, 마지막!"
2026-01-15,T멤버십,미션탭,소재 B,159004,143,0,159000,A_sktB020,
2026-01-15,가스락,서브 참여형 리스트 배너,소재 B,6375,73,0,83000,A_gasB050,
2026-01-15,가스락,서브 텍스트 배너,소재 B,51804,354,0,118000,A_gasB030,
2026-01-15,가스락,혜택 상단 배너,소재 B,7774,12,0,0,A_gasB040,
2026-01-15,가스락,홈 참여형 리스트 배너,소재 B,605805,356,0,98000,A_gasB020,
2026-01-15,가스락,홈 토스트 배너,소재 B,46850,1141,0,133000,A_gasB010,
2026-01-16,KT PASS,PUSH,소재 B,56407,48,0,436000,A_pasB010,
2026-01-16,KT PASS,하단배너,소재 B,2169,3,0,19000,A_pasB020,
2026-01-16,T멤버십,PUSH,소재 B,0,6028,300000,1875000,A_sktB109,"(광고) 4세대 실비 80%보장, 마지막!"
2026-01-16,T멤버십,미션탭,소재 B,158636,148,0,159000,A_sktB020,
2026-01-16,가스락,서브 참여형 리스트 배너,소재 B,6474,82,0,84000,A_gasB050,
2026-01-16,가스락,서브 텍스트 배너,소재 B,69238,528,0,157000,A_gasB030,
2026-01-16,가스락,혜택 상단 배너,소재 B,7160,16,0,0,A_gasB040,
2026-01-16,가스락,홈 참여형 리스트 배너,소재 B,626871,351,0,101000,A_gasB020,
2026-01-16,가스락,홈 토스트 배너,소재 B,47091,1131,0,134000,A_gasB010,
2026-01-17,KT PASS,PUSH,소재 B,17605,18,0,136000,A_pasB010,
2026-01-17,KT PASS,하단배너,소재 B,1161,10,0,10000,A_pasB020,
2026-01-17,T멤버십,PUSH,소재 B,0,0,0,0,A_sktB109,"(광고) 4세대 실비 80%보장, 마지막!"
2026-01-17,T멤버십,미션탭,소재 B,158616,147,0,159000,A_sktB020,
2026-01-17,가스락,서브 참여형 리스트 배너,소재 B,5632,55,0,73000,A_gasB050,
2026-01-17,가스락,서브 텍스트 배너,소재 B,34972,251,0,79000,A_gasB030,
2026-01-17,가스락,혜택 상단 배너,소재 B,10190,18,0,0,A_gasB040,
2026-01-17,가스락,홈 참여형 리스트 배너,소재 B,411325,261,0,66000,A_gasB020,
2026-01-17,가스락,홈 토스트 배너,소재 B,25732,676,0,73000,A_gasB010,
2026-01-18,KT PASS,PUSH,소재 B,15150,24,0,117000,A_pasB010,
2026-01-18,KT PASS,하단배너,소재 B,1119,13,0,10000,A_pasB020,
2026-01-18,T멤버십,PUSH,소재 B,0,0,0,0,A_sktB109,"(광고) 4세대 실비 80%보장, 마지막!"
2026-01-18,T멤버십,미션탭,소재 B,158649,152,0,159000,A_sktB020,
2026-01-18,가스락,서브 참여형 리스트 배너,소재 B,5922,76,0,77000,A_gasB050,
2026-01-18,가스락,서브 텍스트 배너,소재 B,36141,274,0,82000,A_gasB030,
2026-01-18,가스락,혜택 상단 배너,소재 B,10223,13,0,0,A_gasB040,
2026-01-18,가스락,홈 참여형 리스트 배너,소재 B,425208,222,0,69000,A_gasB020,
2026-01-18,가스락,홈 토스트 배너,소재 B,26428,687,0,75000,A_gasB010,
2026-01-19,KT PASS,PUSH,소재 B,56775,46,0,439000,A_pasB010,
2026-01-19,KT PASS,하단배너,소재 B,1974,9,0,18000,A_pasB020,
2026-01-19,T멤버십,PUSH,소재 B,0,2883,200000,1250000,A_sktB109,"(광고) 4세대 실비, 더 나은 조건은 이번 달 뿐!"
2026-01-19,T멤버십,미션탭,소재 B,157750,130,0,158000,A_sktB020,
2026-01-19,가스락,서브 참여형 리스트 배너,소재 B,6971,79,0,91000,A_gasB050,
2026-01-19,가스락,서브 텍스트 배너,소재 B,90036,691,0,205000,A_gasB030,
2026-01-19,가스락,혜택 상단 배너,소재 B,8323,23,0,0,A_gasB040,
2026-01-19,가스락,홈 참여형 리스트 배너,소재 B,774786,372,0,125000,A_gasB020,
2026-01-19,가스락,홈 토스트 배너,소재 B,63215,1334,0,180000,A_gasB010,
2026-01-19,카카오페이,혜택A,소재 C,734536,306763,0,1527000,A_kpaB109,만원대 4세대 실비\n이번달 80%보장 막차!
2026-01-20,KT PASS,PUSH,소재 B,62026,78,0,479000,A_pasB010,
2026-01-20,KT PASS,하단배너,소재 B,2701,24,0,24000,A_pasB020,
2026-01-20,T멤버십,PUSH,소재 B,0,5566,300000,1875000,A_sktB109,"(광고) 4세대 실비, 더 나은 조건은 이번 달 뿐!"
2026-01-20,T멤버십,미션탭,소재 B,158629,185,0,159000,A_sktB020,
2026-01-20,가스락,서브 참여형 리스트 배너,소재 B,5708,52,0,74000,A_gasB050,
2026-01-20,가스락,서브 텍스트 배너,소재 B,19234,153,0,44000,A_gasB030,
2026-01-20,가스락,혜택 상단 배너,소재 B,7072,21,0,0,A_gasB040,
2026-01-20,가스락,홈 참여형 리스트 배너,소재 B,657935,345,0,106000,A_gasB020,
2026-01-20,가스락,홈 토스트 배너,소재 B,50589,1282,0,144000,A_gasB010,
2026-01-20,카카오페이,TMS,소재 B,53868,1499,102849,4754000,A_kpaB020,기본 텍스트형_발송당일
2026-01-20,카카오페이,혜택A,소재 C,662732,301216,0,1378000,A_kpaB109,만원대 4세대 실비\n이번달 80%보장 막차!
2026-01-21,KT PASS,PUSH,소재 B,55031,54,0,425000,A_pasB010,
2026-01-21,KT PASS,하단배너,소재 B,2093,19,0,19000,A_pasB020,
2026-01-21,T멤버십,PUSH,소재 B,0,3862,200000,1250000,A_sktB109,"(광고) 4세대 실비, 더 나은 조건은 이번 달 뿐!"
2026-01-21,T멤버십,미션탭,소재 B,158443,161,0,158000,A_sktB020,
2026-01-21,가스락,서브 참여형 리스트 배너,소재 B,4409,38,0,57000,A_gasB050,
2026-01-21,가스락,서브 텍스트 배너,소재 B,23289,158,0,53000,A_gasB030,
2026-01-21,가스락,혜택 상단 배너,소재 B,5883,26,0,0,A_gasB040,
2026-01-21,가스락,홈 참여형 리스트 배너,소재 B,547379,326,0,88000,A_gasB020,
2026-01-21,가스락,홈 토스트 배너,소재 B,38272,1100,0,109000,A_gasB010,
2026-01-21,카카오페이,혜택A,소재 C,642843,300617,0,1336000,A_kpaB109,만원대 4세대 실비\n이번달 80%보장 막차!
2026-01-22,KT PASS,PUSH,소재 B,56002,83,0,433000,A_pasB010,
2026-01-22,KT PASS,하단배너,소재 B,1775,14,0,16000,A_pasB020,
2026-01-22,T멤버십,PUSH,소재 B,0,4806,300000,1875000,A_sktB109,"(광고) 4세대 실비, 더 나은 조건은 이번 달 뿐!"
2026-01-22,T멤버십,미션탭,소재 B,158018,162,0,158000,A_sktB020,
2026-01-22,가스락,서브 참여형 리스트 배너,소재 B,4383,64,0,57000,A_gasB050,
2026-01-22,가스락,서브 텍스트 배너,소재 B,20465,115,0,47000,A_gasB030,
2026-01-22,가스락,혜택 상단 배너,소재 B,7412,21,0,0,A_gasB040,
2026-01-22,가스락,홈 참여형 리스트 배너,소재 B,553918,326,0,89000,A_gasB020,
2026-01-22,가스락,홈 토스트 배너,소재 B,38063,1138,0,108000,A_gasB010,
2026-01-22,카카오페이,혜택A,소재 C,621663,300294,0,1292000,A_kpaB109,만원대 4세대 실비\n이번달 80%보장 막차!
2026-01-23,KT PASS,PUSH,소재 B,56444,86,0,436000,A_pasB010,
2026-01-23,KT PASS,하단배너,소재 B,2288,7,0,20000,A_pasB020,
2026-01-23,T멤버십,PUSH,소재 B,0,4584,300000,1875000,A_sktB109,"(광고) 4세대 실비, 더 나은 조건은 이번 달 뿐!"
2026-01-23,T멤버십,미션탭,소재 B,158300,132,0,158000,A_sktB020,
2026-01-23,가스락,서브 참여형 리스트 배너,소재 B,4345,50,0,57000,A_gasB050,
2026-01-23,가스락,서브 텍스트 배너,소재 B,23309,162,0,53000,A_gasB030,
2026-01-23,가스락,혜택 상단 배너,소재 B,7521,23,0,0,A_gasB040,
2026-01-23,가스락,홈 참여형 리스트 배너,소재 B,508954,292,0,82000,A_gasB020,
2026-01-23,가스락,홈 토스트 배너,소재 B,35182,999,0,100000,A_gasB010,
2026-01-23,카카오페이,혜택A,소재 C,611352,295501,0,1271000,A_kpaB109,만원대 4세대 실비\n이번달 80%보장 막차!
2026-01-24,KT PASS,PUSH,소재 B,18137,32,0,140000,A_pasB010,
2026-01-24,KT PASS,하단배너,소재 B,1113,14,0,10000,A_pasB020,
2026-01-24,T멤버십,PUSH,소재 B,0,0,0,0,A_sktB109,"(광고) 4세대 실비, 더 나은 조건은 이번 달 뿐!"
2026-01-24,T멤버십,미션탭,소재 B,158302,146,0,158000,A_sktB020,
2026-01-24,가스락,서브 참여형 리스트 배너,소재 B,4074,45,0,53000,A_gasB050,
2026-01-24,가스락,서브 텍스트 배너,소재 B,21979,170,0,50000,A_gasB030,
2026-01-24,가스락,혜택 상단 배너,소재 B,6766,11,0,0,A_gasB040,
2026-01-24,가스락,홈 참여형 리스트 배너,소재 B,457406,275,0,74000,A_gasB020,
2026-01-24,가스락,홈 토스트 배너,소재 B,30505,740,0,87000,A_gasB010,
2026-01-24,카카오페이,혜택A,소재 C,569156,286636,0,1183000,A_kpaB109,만원대 4세대 실비\n이번달 80%보장 막차!
2026-01-25,KT PASS,PUSH,소재 B,14742,28,0,114000,A_pasB010,
2026-01-25,KT PASS,하단배너,소재 B,1137,12,0,10000,A_pasB020,
2026-01-25,T멤버십,PUSH,소재 B,0,0,0,0,A_sktB109,"(광고) 4세대 실비, 더 나은 조건은 이번 달 뿐!"
2026-01-25,T멤버십,미션탭,소재 B,158306,136,0,158000,A_sktB020,
2026-01-25,가스락,서브 참여형 리스트 배너,소재 B,4160,59,0,54000,A_gasB050,
2026-01-25,가스락,서브 텍스트 배너,소재 B,23319,186,0,53000,A_gasB030,
2026-01-25,가스락,혜택 상단 배너,소재 B,7232,16,0,0,A_gasB040,
2026-01-25,가스락,홈 참여형 리스트 배너,소재 B,492152,285,0,79000,A_gasB020,
2026-01-25,가스락,홈 토스트 배너,소재 B,32177,947,0,92000,A_gasB010,
2026-01-25,카카오페이,혜택A,소재 C,590593,291310,0,1227000,A_kpaB109,만원대 4세대 실비\n이번달 80%보장 막차!
2026-01-26,KT PASS,PUSH,소재 B,57239,62,0,442000,A_pasB010,
2026-01-26,KT PASS,하단배너,소재 B,2324,22,0,21000,A_pasB020,
2026-01-26,T멤버십,PUSH,소재 B,0,4205,300000,1875000,A_sktB109,"(광고) 4세대 실비, 더 나은 조건은 이번 달 뿐!"
2026-01-26,T멤버십,미션탭,소재 B,158277,128,0,158000,A_sktB020,
2026-01-26,가스락,서브 참여형 리스트 배너,소재 B,4450,57,0,58000,A_gasB050,
2026-01-26,가스락,서브 텍스트 배너,소재 B,44799,479,0,102000,A_gasB030,
2026-01-26,가스락,혜택 상단 배너,소재 B,6909,25,0,0,A_gasB040,
2026-01-26,가스락,홈 참여형 리스트 배너,소재 B,586409,284,0,95000,A_gasB020,
2026-01-26,가스락,홈 토스트 배너,소재 B,41588,1056,0,118000,A_gasB010,
2026-01-27,KT PASS,PUSH,소재 B,59480,55,0,460000,A_pasB010,
2026-01-27,KT PASS,하단배너,소재 B,1954,13,0,17000,A_pasB020,
2026-01-27,T멤버십,PUSH,소재 B,0,4174,300000,1875000,A_sktB109,"(광고) 4세대 실비, 더 나은 조건은 이번 달 뿐!"
2026-01-27,T멤버십,미션탭,소재 B,158090,123,0,158000,A_sktB020,
2026-01-27,가스락,서브 참여형 리스트 배너,소재 B,5216,76,0,68000,A_gasB050,
2026-01-27,가스락,서브 텍스트 배너,소재 B,60181,604,0,137000,A_gasB030,
2026-01-27,가스락,혜택 상단 배너,소재 B,7489,18,0,0,A_gasB040,
2026-01-27,가스락,홈 참여형 리스트 배너,소재 B,582855,295,0,94000,A_gasB020,
2026-01-27,가스락,홈 토스트 배너,소재 B,42784,1095,0,122000,A_gasB010,
2026-01-27,카카오페이,TMS,소재 B,61024,1877,109941,5082000,A_kpaB020,기본 텍스트형_발송당일
2026-01-28,KT PASS,PUSH,소재 B,59083,82,0,457000,A_pasB010,
2026-01-28,KT PASS,하단배너,소재 B,1929,10,0,17000,A_pasB020,
2026-01-28,T멤버십,PUSH,소재 B,0,4400,300000,1875000,A_sktB109,"(광고) 4세대 실비, 더 나은 조건은 이번 달 뿐!"
2026-01-28,T멤버십,미션탭,소재 B,158124,135,0,158000,A_sktB020,
2026-01-28,가스락,서브 참여형 리스트 배너,소재 B,4419,60,0,57000,A_gasB050,
2026-01-28,가스락,서브 텍스트 배너,소재 B,41596,393,0,95000,A_gasB030,
2026-01-28,가스락,혜택 상단 배너,소재 B,7229,16,0,0,A_gasB040,
2026-01-28,가스락,홈 참여형 리스트 배너,소재 B,503486,262,0,81000,A_gasB020,
2026-01-28,가스락,홈 토스트 배너,소재 B,34445,957,0,98000,A_gasB010,
2026-01-29,KT PASS,PUSH,소재 B,59967,61,0,463000,A_pasB010,
2026-01-29,KT PASS,하단배너,소재 B,2207,23,0,20000,A_pasB020,
2026-01-29,T멤버십,PUSH,소재 B,0,4244,300000,1875000,A_sktB109,"(광고) 4세대 실비, 더 나은 조건은 이번 달 뿐!"
2026-01-29,T멤버십,미션탭,소재 B,158084,149,0,158000,A_sktB020,
2026-01-29,가스락,서브 참여형 리스트 배너,소재 B,5256,74,0,68000,A_gasB050,
2026-01-29,가스락,서브 텍스트 배너,소재 B,69976,649,0,159000,A_gasB030,
2026-01-29,가스락,혜택 상단 배너,소재 B,9144,22,0,0,A_gasB040,
2026-01-29,가스락,홈 참여형 리스트 배너,소재 B,644177,307,0,104000,A_gasB020,
2026-01-29,가스락,홈 토스트 배너,소재 B,50981,1103,0,145000,A_gasB010,
2026-01-30,KT PASS,PUSH,소재 B,65692,45,0,509000,A_pasB010,
2026-01-30,KT PASS,하단배너,소재 B,1501,8,0,13000,A_pasB020,
2026-01-30,T멤버십,PUSH,소재 B,0,4695,300000,1875000,A_sktB109,"(광고) 4세대 실비, 더 나은 조건은 이번 달 뿐!"
2026-01-30,T멤버십,미션탭,소재 B,157962,138,0,158000,A_sktB020,
2026-01-30,가스락,서브 참여형 리스트 배너,소재 B,4224,30,0,55000,A_gasB050,
2026-01-30,가스락,서브 텍스트 배너,소재 B,50684,509,0,115000,A_gasB030,
2026-01-30,가스락,혜택 상단 배너,소재 B,9710,19,0,0,A_gasB040,
2026-01-30,가스락,홈 참여형 리스트 배너,소재 B,534469,282,0,86000,A_gasB020,
2026-01-30,가스락,홈 토스트 배너,소재 B,39545,933,0,113000,A_gasB010,
2026-01-31,KT PASS,PUSH,소재 B,21974,36,0,171000,A_pasB010,
2026-01-31,KT PASS,하단배너,소재 B,731,9,0,8000,A_pasB020,
2026-01-31,T멤버십,PUSH,소재 B,0,0,0,0,A_sktB109,"(광고) 4세대 실비, 더 나은 조건은 이번 달 뿐!"
2026-01-31,T멤버십,미션탭,소재 B,158155,153,0,158000,A_sktB020,
2026-01-31,가스락,서브 참여형 리스트 배너,소재 B,4164,30,0,54000,A_gasB050,
2026-01-31,가스락,서브 텍스트 배너,소재 B,34926,331,0,78000,A_gasB030,
2026-01-31,가스락,혜택 상단 배너,소재 B,9783,16,0,0,A_gasB040,
2026-01-31,가스락,홈 참여형 리스트 배너,소재 B,455065,225,0,74000,A_gasB020,
2026-01-31,가스락,홈 토스트 배너,소재 B,30615,755,0,88000,A_gasB010,
2026-02-01,KT PASS,PUSH,소재 B,21404,36,0,197000,A_pasB010,
2026-02-01,KT PASS,하단배너,소재 B,820,4,0,18000,A_pasB020,
2026-02-01,T멤버십,PUSH,소재 A,0,0,0,0,A_sktB201,
2026-02-01,T멤버십,미션탭,소재 A,183142,215,0,183000,A_sktB202,
2026-02-01,가스락,서브 참여형 리스트 배너,소재 B,5256,54,0,63000,A_gasB050,
2026-02-01,가스락,서브 텍스트 배너,소재 B,37668,353,0,84000,A_gasB030,
2026-02-01,가스락,혜택 상단 배너,소재 B,15966,25,0,0,A_gasB040,
2026-02-01,가스락,홈 참여형 리스트 배너,소재 B,505818,320,0,84000,A_gasB020,
2026-02-01,가스락,홈 토스트 배너,소재 B,45870,1122,0,133000,A_gasB010,
2026-02-02,KT PASS,PUSH,소재 B,69105,49,0,636000,A_pasB010,
2026-02-02,KT PASS,하단배너,소재 B,1370,8,0,30000,A_pasB020,
2026-02-02,T멤버십,PUSH,소재 A,0,4191,300000,2059000,A_sktB201,(광고) 보장 축소된 5세대 실비 출시가 코앞?!
2026-02-02,T멤버십,미션탭,소재 A,188765,194,0,189000,A_sktB202,
2026-02-02,가스락,서브 참여형 리스트 배너,소재 B,5049,11,0,61000,A_gasB050,
2026-02-02,가스락,서브 텍스트 배너,소재 B,51473,464,0,115000,A_gasB030,
2026-02-02,가스락,혜택 상단 배너,소재 B,15237,30,0,0,A_gasB040,
2026-02-02,가스락,홈 참여형 리스트 배너,소재 B,535593,273,0,89000,A_gasB020,
2026-02-02,가스락,홈 토스트 배너,소재 B,49261,1251,0,143000,A_gasB010,
2026-02-02,카카오페이,혜택A,소재 A,596632,306399,0,1314000,A_kpaB201,5세대는 반토막\n4세대는 80% 보장
2026-02-03,KT PASS,PUSH,소재 B,62112,58,0,572000,A_pasB010,
2026-02-03,KT PASS,하단배너,소재 B,1292,11,0,28000,A_pasB020,
2026-02-03,T멤버십,PUSH,소재 A,0,4188,300000,2059000,A_sktB201,(광고) 보장 축소된 5세대 실비 출시가 코앞?!
2026-02-03,T멤버십,미션탭,소재 A,183726,164,0,184000,A_sktB202,
2026-02-03,가스락,서브 참여형 리스트 배너,소재 B,4400,0,0,53000,A_gasB050,
2026-02-03,가스락,서브 텍스트 배너,소재 B,36693,333,0,82000,A_gasB030,
2026-02-03,가스락,혜택 상단 배너,소재 B,14775,10,0,0,A_gasB040,
2026-02-03,가스락,홈 참여형 리스트 배너,소재 B,494160,229,0,82000,A_gasB020,
2026-02-03,가스락,홈 토스트 배너,소재 B,39064,1044,0,113000,A_gasB010,
2026-02-03,카카오페이,TMS,소재 A,58815,1647,108191,5095000,A_kpaB202,기본 텍스트형_발송당일
2026-02-03,카카오페이,혜택A,소재 A,579417,342316,0,1276000,A_kpaB101,"4세대 실비\n80%보장, 마지막!"
2026-02-04,KT PASS,PUSH,소재 B,58289,61,0,536000,A_pasB010,
2026-02-04,KT PASS,하단배너,소재 B,1787,13,0,39000,A_pasB020,
2026-02-04,T멤버십,PUSH,소재 A,0,4466,300000,2059000,A_sktB201,(광고) 보장 축소된 5세대 실비 출시가 코앞?!
2026-02-04,T멤버십,미션탭,소재 A,178907,183,0,179000,A_sktB202,
2026-02-04,가스락,서브 참여형 리스트 배너,소재 B,4588,0,0,55000,A_gasB050,
2026-02-04,가스락,서브 텍스트 배너,소재 B,55713,581,0,125000,A_gasB030,
2026-02-04,가스락,혜택 상단 배너,소재 B,12214,22,0,0,A_gasB040,
2026-02-04,가스락,홈 참여형 리스트 배너,소재 B,568964,342,0,94000,A_gasB020,
2026-02-04,가스락,홈 토스트 배너,소재 B,48415,1222,0,140000,A_gasB010,
2026-02-04,카카오페이,혜택A,소재 A,603909,304568,0,1330000,A_kpaB101,"4세대 실비\n80%보장, 마지막!"
2026-02-05,KT PASS,PUSH,소재 B,57828,54,0,532000,A_pasB010,
2026-02-05,KT PASS,하단배너,소재 B,1207,9,0,27000,A_pasB020,
2026-02-05,T멤버십,PUSH,소재 A,0,4737,300000,2059000,A_sktB201,(광고) 보장 축소된 5세대 실비 출시가 코앞?!
2026-02-05,T멤버십,미션탭,소재 A,179005,155,0,179000,A_sktB202,
2026-02-05,가스락,서브 참여형 리스트 배너,소재 B,4548,0,0,55000,A_gasB050,
2026-02-05,가스락,서브 텍스트 배너,소재 B,36832,422,0,82000,A_gasB030,
2026-02-05,가스락,혜택 상단 배너,소재 B,10451,39,0,0,A_gasB040,
2026-02-05,가스락,홈 참여형 리스트 배너,소재 B,486753,262,0,80000,A_gasB020,
2026-02-05,가스락,홈 토스트 배너,소재 B,33388,915,0,97000,A_gasB010,
2026-02-05,카카오페이,혜택A,소재 A,596748,302918,0,1314000,A_kpaB101,"4세대 실비\n80%보장, 마지막!"
2026-02-06,KT PASS,PUSH,소재 B,59892,61,0,551000,A_pasB010,
2026-02-06,KT PASS,하단배너,소재 B,1545,11,0,34000,A_pasB020,
2026-02-06,T멤버십,PUSH,소재 A,0,4927,300000,2059000,A_sktB201,(광고) 보장 축소된 5세대 실비 출시가 코앞?!
2026-02-06,T멤버십,미션탭,소재 A,178459,152,0,178000,A_sktB202,
2026-02-06,가스락,서브 참여형 리스트 배너,소재 B,4889,27,0,59000,A_gasB050,
2026-02-06,가스락,서브 텍스트 배너,소재 B,60614,467,0,136000,A_gasB030,
2026-02-06,가스락,혜택 상단 배너,소재 B,10024,26,0,0,A_gasB040,
2026-02-06,가스락,홈 참여형 리스트 배너,소재 B,532765,285,0,88000,A_gasB020,
2026-02-06,가스락,홈 토스트 배너,소재 B,35885,880,0,104000,A_gasB010,
2026-02-06,카카오페이,혜택A,소재 A,581278,299089,0,1280000,A_kpaB101,"4세대 실비\n80%보장, 마지막!"
2026-02-07,KT PASS,PUSH,소재 B,19884,27,0,183000,A_pasB010,
2026-02-07,KT PASS,하단배너,소재 B,658,8,0,14000,A_pasB020,
2026-02-07,T멤버십,PUSH,소재 A,0,0,0,0,A_sktB201,(광고) 보장 축소된 5세대 실비 출시가 코앞?!
2026-02-07,T멤버십,미션탭,소재 A,178458,163,0,178000,A_sktB202,
2026-02-07,가스락,서브 참여형 리스트 배너,소재 B,4063,35,0,49000,A_gasB050,
2026-02-07,가스락,서브 텍스트 배너,소재 B,40448,390,0,91000,A_gasB030,
2026-02-07,가스락,혜택 상단 배너,소재 B,10282,23,0,0,A_gasB040,
2026-02-07,가스락,홈 참여형 리스트 배너,소재 B,427595,247,0,71000,A_gasB020,
2026-02-07,가스락,홈 토스트 배너,소재 B,25834,675,0,75000,A_gasB010,
2026-02-07,카카오페이,혜택A,소재 A,529673,292242,0,1166000,A_kpaB101,"4세대 실비\n80%보장, 마지막!"
2026-02-08,KT PASS,PUSH,소재 B,14645,27,0,135000,A_pasB010,
2026-02-08,KT PASS,하단배너,소재 B,712,6,0,16000,A_pasB020,
2026-02-08,T멤버십,PUSH,소재 A,0,0,0,0,A_sktB201,(광고) 보장 축소된 5세대 실비 출시가 코앞?!
2026-02-08,T멤버십,미션탭,소재 A,178378,177,0,178000,A_sktB202,
2026-02-08,가스락,서브 참여형 리스트 배너,소재 B,4980,31,0,60000,A_gasB050,
2026-02-08,가스락,서브 텍스트 배너,소재 B,37683,343,0,84000,A_gasB030,
2026-02-08,가스락,혜택 상단 배너,소재 B,10378,15,0,0,A_gasB040,
2026-02-08,가스락,홈 참여형 리스트 배너,소재 B,426768,251,0,71000,A_gasB020,
2026-02-08,가스락,홈 토스트 배너,소재 B,25281,666,0,73000,A_gasB010,
2026-02-08,카카오페이,혜택A,소재 A,534094,297178,0,1176000,A_kpaB101,"4세대 실비\n80%보장, 마지막!"
2026-02-09,KT PASS,PUSH,소재 A,53649,37,0,494000,A_pasB201,
2026-02-09,KT PASS,하단배너,소재 B,1214,7,0,27000,A_pasB020,
2026-02-09,T멤버십,PUSH,소재 A,0,3620,300000,2059000,A_sktB201,(광고) 보장 축소된 5세대 실비 출시가 코앞?!
2026-02-09,T멤버십,미션탭,소재 A,177988,159,0,178000,A_sktB202,
2026-02-09,가스락,서브 참여형 리스트 배너,소재 B,5338,52,0,64000,A_gasB050,
2026-02-09,가스락,서브 텍스트 배너,소재 B,91032,855,0,204000,A_gasB030,
2026-02-09,가스락,혜택 상단 배너,소재 B,10491,24,0,0,A_gasB040,
2026-02-09,가스락,홈 참여형 리스트 배너,소재 B,770710,399,0,127000,A_gasB020,
2026-02-09,가스락,홈 토스트 배너,소재 B,60238,1202,0,175000,A_gasB010,
2026-02-09,카카오페이,혜택A,소재 B,726520,310654,0,1600000,A_kpaB209,5세대 보장축소 확정\n80%보장 4세대 끝
2026-02-10,KT PASS,PUSH,소재 A,58440,31,0,538000,A_pasB201,
2026-02-10,KT PASS,하단배너,소재 A,1757,13,0,39000,A_pasB202,
2026-02-10,T멤버십,PUSH,소재 A,0,4463,300000,2059000,A_sktB201,(광고) 보장 축소된 5세대 실비 출시가 코앞?!
2026-02-10,T멤버십,미션탭,소재 A,176541,164,0,177000,A_sktB202,
2026-02-10,가스락,서브 참여형 리스트 배너,소재 B,4933,39,0,59000,A_gasB050,
2026-02-10,가스락,서브 텍스트 배너,소재 B,79339,766,0,178000,A_gasB030,
2026-02-10,가스락,혜택 상단 배너,소재 B,10855,25,0,0,A_gasB040,
2026-02-10,가스락,홈 참여형 리스트 배너,소재 B,756488,410,0,125000,A_gasB020,
2026-02-10,가스락,홈 토스트 배너,소재 B,59444,1276,0,172000,A_gasB010,
2026-02-10,카카오페이,TMS,소재 B,52025,839,101809,4795000,A_kpaB020,기본 텍스트형_발송당일
2026-02-10,카카오페이,혜택A,소재 B,723384,307264,0,1593000,A_kpaB209,5세대 보장축소 확정\n80%보장 4세대 끝
2026-02-11,KT PASS,PUSH,소재 A,53202,32,0,490000,A_pasB201,
2026-02-11,KT PASS,하단배너,소재 A,1278,11,0,28000,A_pasB202,
2026-02-11,T멤버십,PUSH,소재 A,0,4998,300000,2059000,A_sktB201,(광고) 보장 축소된 5세대 실비 출시가 코앞?!
2026-02-11,T멤버십,미션탭,소재 A,177944,155,0,178000,A_sktB202,
2026-02-11,가스락,서브 참여형 리스트 배너,소재 B,4556,48,0,55000,A_gasB050,
2026-02-11,가스락,서브 텍스트 배너,소재 B,43175,468,0,97000,A_gasB030,
2026-02-11,가스락,혜택 상단 배너,소재 B,10056,18,0,0,A_gasB040,
2026-02-11,가스락,홈 참여형 리스트 배너,소재 B,570796,319,0,94000,A_gasB020,
2026-02-11,가스락,홈 토스트 배너,소재 B,39821,954,0,115000,A_gasB010,
2026-02-11,카카오페이,혜택A,소재 B,742224,302182,0,1634000,A_kpaB209,5세대 보장축소 확정\n80%보장 4세대 끝
2026-02-12,KT PASS,PUSH,소재 A,40382,23,0,372000,A_pasB201,
2026-02-12,KT PASS,하단배너,소재 A,1376,21,0,30000,A_pasB202,
2026-02-12,T멤버십,PUSH,소재 A,0,5116,300000,2059000,A_sktB201,(광고) 보장 축소된 5세대 실비 출시가 코앞?!
2026-02-12,T멤버십,미션탭,소재 A,177992,158,0,178000,A_sktB202,
2026-02-12,가스락,서브 참여형 리스트 배너,소재 B,4343,28,0,52000,A_gasB050,
2026-02-12,가스락,서브 텍스트 배너,소재 B,58844,480,0,132000,A_gasB030,
2026-02-12,가스락,혜택 상단 배너,소재 B,9809,21,0,0,A_gasB040,
2026-02-12,가스락,홈 참여형 리스트 배너,소재 B,654910,368,0,108000,A_gasB020,
2026-02-12,가스락,홈 토스트 배너,소재 B,49358,1118,0,143000,A_gasB010,
2026-02-12,카카오페이,혜택A,소재 B,723985,298601,0,1594000,A_kpaB209,5세대 보장축소 확정\n80%보장 4세대 끝
2026-02-13,KT PASS,PUSH,소재 A,51385,24,0,473000,A_pasB201,
2026-02-13,KT PASS,하단배너,소재 A,558,13,0,12000,A_pasB202,
2026-02-13,T멤버십,PUSH,소재 A,0,4087,300000,2059000,A_sktB201,(광고) 보장 축소된 5세대 실비 출시가 코앞?!
2026-02-13,T멤버십,미션탭,소재 A,177990,164,0,178000,A_sktB202,
2026-02-13,가스락,서브 참여형 리스트 배너,소재 B,4283,24,0,51000,A_gasB050,
2026-02-13,가스락,서브 텍스트 배너,소재 B,59868,502,0,134000,A_gasB030,
2026-02-13,가스락,혜택 상단 배너,소재 B,8824,17,0,0,A_gasB040,
2026-02-13,가스락,홈 참여형 리스트 배너,소재 B,619073,285,0,102000,A_gasB020,
2026-02-13,가스락,홈 토스트 배너,소재 B,48291,962,0,140000,A_gasB010,
2026-02-13,카카오페이,혜택A,소재 B,715915,295204,0,1576000,A_kpaB209,5세대 보장축소 확정\n80%보장 4세대 끝
2026-02-14,KT PASS,PUSH,소재 A,13089,12,0,120000,A_pasB201,
2026-02-14,KT PASS,하단배너,소재 A,301,2,0,7000,A_pasB202,
2026-02-14,T멤버십,PUSH,소재 A,0,0,0,0,A_sktB201,(광고) 보장 축소된 5세대 실비 출시가 코앞?!
2026-02-14,T멤버십,미션탭,소재 A,177941,161,0,178000,A_sktB202,
2026-02-14,가스락,서브 참여형 리스트 배너,소재 B,3814,21,0,46000,A_gasB050,
2026-02-14,가스락,서브 텍스트 배너,소재 B,28689,312,0,64000,A_gasB030,
2026-02-14,가스락,혜택 상단 배너,소재 B,9849,13,0,0,A_gasB040,
2026-02-14,가스락,홈 참여형 리스트 배너,소재 B,411203,218,0,68000,A_gasB020,
2026-02-14,가스락,홈 토스트 배너,소재 B,27160,613,0,79000,A_gasB010,
2026-02-14,카카오페이,혜택A,소재 B,726300,295658,0,1599000,A_kpaB209,5세대 보장축소 확정\n80%보장 4세대 끝
2026-02-15,KT PASS,PUSH,소재 A,8731,11,0,80000,A_pasB201,
2026-02-15,KT PASS,하단배너,소재 A,301,8,0,7000,A_pasB202,
2026-02-15,T멤버십,PUSH,소재 A,0,0,0,0,A_sktB201,(광고) 보장 축소된 5세대 실비 출시가 코앞?!
2026-02-15,T멤버십,미션탭,소재 A,177945,137,0,178000,A_sktB202,
2026-02-15,가스락,서브 참여형 리스트 배너,소재 B,3652,22,0,44000,A_gasB050,
2026-02-15,가스락,서브 텍스트 배너,소재 B,18098,198,0,41000,A_gasB030,
2026-02-15,가스락,혜택 상단 배너,소재 B,10025,10,0,0,A_gasB040,
2026-02-15,가스락,홈 참여형 리스트 배너,소재 B,341364,185,0,56000,A_gasB020,
2026-02-15,가스락,홈 토스트 배너,소재 B,19684,498,0,57000,A_gasB010,
2026-02-15,카카오페이,혜택A,소재 B,702607,293273,0,1548000,A_kpaB209,5세대 보장축소 확정\n80%보장 4세대 끝
2026-02-16,KT PASS,PUSH,소재 A,9673,4,0,89000,A_pasB201,
2026-02-16,KT PASS,하단배너,소재 A,312,3,0,7000,A_pasB202,
2026-02-16,T멤버십,PUSH,소재 A,0,0,0,0,A_sktB201,(광고) 보장 축소된 5세대 실비 출시가 코앞?!
2026-02-16,T멤버십,미션탭,소재 A,177981,177,0,178000,A_sktB202,
2026-02-16,가스락,서브 참여형 리스트 배너,소재 B,3743,25,0,45000,A_gasB050,
2026-02-16,가스락,서브 텍스트 배너,소재 B,38432,321,0,86000,A_gasB030,
2026-02-16,가스락,혜택 상단 배너,소재 B,8043,12,0,0,A_gasB040,
2026-02-16,가스락,홈 참여형 리스트 배너,소재 B,375201,213,0,62000,A_gasB020,
2026-02-16,가스락,홈 토스트 배너,소재 B,21757,508,0,63000,A_gasB010,
2026-02-17,KT PASS,PUSH,소재 A,9081,3,0,84000,A_pasB201,
2026-02-17,KT PASS,하단배너,소재 A,336,4,0,7000,A_pasB202,
2026-02-17,T멤버십,PUSH,소재 A,0,0,0,0,A_sktB201,(광고) 보장 축소된 5세대 실비 출시가 코앞?!
2026-02-17,T멤버십,미션탭,소재 A,177621,148,0,178000,A_sktB202,
2026-02-17,가스락,서브 참여형 리스트 배너,소재 B,3519,12,0,42000,A_gasB050,
2026-02-17,가스락,서브 텍스트 배너,소재 B,25757,205,0,58000,A_gasB030,
2026-02-17,가스락,혜택 상단 배너,소재 B,7397,2,0,0,A_gasB040,
2026-02-17,가스락,홈 참여형 리스트 배너,소재 B,341468,181,0,56000,A_gasB020,
2026-02-17,가스락,홈 토스트 배너,소재 B,19252,441,0,56000,A_gasB010,
2026-02-18,KT PASS,PUSH,소재 A,10367,18,0,95000,A_pasB201,
2026-02-18,KT PASS,하단배너,소재 A,348,10,0,8000,A_pasB202,
2026-02-18,T멤버십,PUSH,소재 A,0,0,0,0,A_sktB201,(광고) 보장 축소된 5세대 실비 출시가 코앞?!
2026-02-18,T멤버십,미션탭,소재 A,177592,145,0,178000,A_sktB202,
2026-02-18,가스락,서브 참여형 리스트 배너,소재 B,3926,18,0,47000,A_gasB050,
2026-02-18,가스락,서브 텍스트 배너,소재 B,36440,340,0,82000,A_gasB030,
2026-02-18,가스락,혜택 상단 배너,소재 B,8563,9,0,0,A_gasB040,
2026-02-18,가스락,홈 참여형 리스트 배너,소재 B,413453,218,0,68000,A_gasB020,
2026-02-18,가스락,홈 토스트 배너,소재 B,25528,599,0,74000,A_gasB010,
2026-02-19,KT PASS,PUSH,소재 A,52298,30,0,481000,A_pasB201,
2026-02-19,KT PASS,하단배너,소재 A,668,9,0,15000,A_pasB202,
2026-02-19,T멤버십,PUSH,소재 B,0,5240,300000,2059000,A_sktB209,(광고) 다음 달 5세대 실비 출시! 보장 축소 확정!
2026-02-19,T멤버십,미션탭,소재 A,177306,130,0,177000,A_sktB202,
2026-02-19,가스락,서브 참여형 리스트 배너,소재 B,4748,44,0,57000,A_gasB050,
2026-02-19,가스락,서브 텍스트 배너,소재 B,90675,769,0,203000,A_gasB030,
2026-02-19,가스락,혜택 상단 배너,소재 B,10060,18,0,0,A_gasB040,
2026-02-19,가스락,홈 참여형 리스트 배너,소재 B,821499,440,0,136000,A_gasB020,
2026-02-19,가스락,홈 토스트 배너,소재 B,80473,1639,0,233000,A_gasB010,
2026-02-19,카카오페이,TMS,소재 C,56737,1446,109902,5176000,A_kpaB220,기본 텍스트형_발송당일
2026-02-20,KT PASS,PUSH,소재 A,56806,41,0,523000,A_pasB201,
2026-02-20,KT PASS,하단배너,소재 A,637,8,0,14000,A_pasB202,
2026-02-20,T멤버십,PUSH,소재 B,0,6024,300000,2059000,A_sktB209,(광고) 다음 달 5세대 실비 출시! 보장 축소 확정!
2026-02-20,T멤버십,미션탭,소재 A,177959,125,0,178000,A_sktB202,
2026-02-20,가스락,서브 참여형 리스트 배너,소재 B,4250,29,0,51000,A_gasB050,
2026-02-20,가스락,서브 텍스트 배너,소재 B,64590,598,0,145000,A_gasB030,
2026-02-20,가스락,혜택 상단 배너,소재 B,9989,12,0,0,A_gasB040,
2026-02-20,가스락,홈 참여형 리스트 배너,소재 B,675047,381,0,112000,A_gasB020,
2026-02-20,가스락,홈 토스트 배너,소재 B,63821,1583,0,185000,A_gasB010,
2026-02-21,KT PASS,PUSH,소재 A,18303,24,0,168000,A_pasB201,
2026-02-21,KT PASS,하단배너,소재 A,341,4,0,7000,A_pasB202,
2026-02-21,T멤버십,PUSH,소재 B,0,0,0,0,A_sktB209,(광고) 다음 달 5세대 실비 출시! 보장 축소 확정!
2026-02-21,T멤버십,미션탭,소재 A,177963,142,0,178000,A_sktB202,
2026-02-21,가스락,서브 참여형 리스트 배너,소재 B,3847,34,0,46000,A_gasB050,
2026-02-21,가스락,서브 텍스트 배너,소재 B,32613,322,0,73000,A_gasB030,
2026-02-21,가스락,혜택 상단 배너,소재 B,9772,11,0,0,A_gasB040,
2026-02-21,가스락,홈 참여형 리스트 배너,소재 B,428944,238,0,71000,A_gasB020,
2026-02-21,가스락,홈 토스트 배너,소재 B,32232,872,0,93000,A_gasB010,
2026-02-22,KT PASS,PUSH,소재 A,13612,11,0,125000,A_pasB201,
2026-02-22,KT PASS,하단배너,소재 A,376,8,0,8000,A_pasB202,
2026-02-22,T멤버십,PUSH,소재 B,0,0,0,0,A_sktB209,(광고) 다음 달 5세대 실비 출시! 보장 축소 확정!
2026-02-22,T멤버십,미션탭,소재 A,177994,140,0,178000,A_sktB202,
2026-02-22,가스락,서브 참여형 리스트 배너,소재 B,3892,20,0,47000,A_gasB050,
2026-02-22,가스락,서브 텍스트 배너,소재 B,31684,320,0,71000,A_gasB030,
2026-02-22,가스락,혜택 상단 배너,소재 B,10905,18,0,0,A_gasB040,
2026-02-22,가스락,홈 참여형 리스트 배너,소재 B,421078,222,0,70000,A_gasB020,
2026-02-22,가스락,홈 토스트 배너,소재 B,30805,845,0,89000,A_gasB010,
2026-02-23,KT PASS,PUSH,소재 A,56509,42,0,520000,A_pasB201,
2026-02-23,KT PASS,하단배너,소재 A,847,10,0,19000,A_pasB202,
2026-02-23,T멤버십,PUSH,소재 B,0,5162,300000,2059000,A_sktB209,(광고) 다음 달 5세대 실비 출시! 보장 축소 확정!
2026-02-23,T멤버십,미션탭,소재 A,177748,126,0,178000,A_sktB202,
2026-02-23,가스락,서브 참여형 리스트 배너,소재 B,4272,30,0,51000,A_gasB050,
2026-02-23,가스락,서브 텍스트 배너,소재 B,61163,498,0,137000,A_gasB030,
2026-02-23,가스락,혜택 상단 배너,소재 B,11590,15,0,0,A_gasB040,
2026-02-23,가스락,홈 참여형 리스트 배너,소재 B,694018,335,0,115000,A_gasB020,
2026-02-23,가스락,홈 토스트 배너,소재 B,62530,1526,0,181000,A_gasB010,
2026-02-24,KT PASS,PUSH,소재 A,58408,31,0,538000,A_pasB201,
2026-02-24,KT PASS,하단배너,소재 A,639,9,0,14000,A_pasB202,
2026-02-24,T멤버십,PUSH,소재 B,0,5303,300000,2059000,A_sktB209,(광고) 다음 달 5세대 실비 출시! 보장 축소 확정!
2026-02-24,T멤버십,미션탭,소재 A,175540,123,0,176000,A_sktB202,
2026-02-24,가스락,서브 참여형 리스트 배너,소재 B,4388,25,0,53000,A_gasB050,
2026-02-24,가스락,서브 텍스트 배너,소재 B,38187,485,0,85000,A_gasB030,
2026-02-24,가스락,혜택 상단 배너,소재 B,15800,35,0,0,A_gasB040,
2026-02-24,가스락,홈 참여형 리스트 배너,소재 B,663040,402,0,110000,A_gasB020,
2026-02-24,가스락,홈 토스트 배너,소재 B,57626,1622,0,167000,A_gasB010,
2026-02-24,카카오페이,TMS,소재 C,48772,1277,104758,4934000,A_kpaB220,기본 텍스트형_발송당일
2026-02-25,KT PASS,PUSH,소재 A,59232,29,0,545000,A_pasB201,
2026-02-25,KT PASS,하단배너,소재 A,633,13,0,14000,A_pasB202,
2026-02-25,T멤버십,PUSH,소재 B,0,5282,300000,2058000,A_sktB209,(광고) 다음 달 5세대 실비 출시! 보장 축소 확정!
2026-02-25,T멤버십,미션탭,소재 A,177981,124,0,177000,A_sktB202,
2026-02-25,가스락,서브 참여형 리스트 배너,소재 B,4011,35,0,48000,A_gasB050,
2026-02-25,가스락,서브 텍스트 배너,소재 B,54229,551,0,121000,A_gasB030,
2026-02-25,가스락,혜택 상단 배너,소재 B,18015,27,0,0,A_gasB040,
2026-02-25,가스락,홈 참여형 리스트 배너,소재 B,778826,454,0,129000,A_gasB020,
2026-02-25,가스락,홈 토스트 배너,소재 B,74719,1771,0,217000,A_gasB010,
2026-02-26,KT PASS,PUSH,소재 A,62423,29,0,575000,A_pasB201,
2026-02-26,KT PASS,하단배너,소재 A,506,10,0,11000,A_pasB202,
2026-02-26,T멤버십,PUSH,소재 B,0,6082,300000,2058000,A_sktB209,(광고) 다음 달 5세대 실비 출시! 보장 축소 확정!
2026-02-26,T멤버십,미션탭,소재 A,177917,121,0,177000,A_sktB202,
2026-02-26,가스락,서브 참여형 리스트 배너,소재 B,4369,42,0,52000,A_gasB050,
2026-02-26,가스락,서브 텍스트 배너,소재 B,93640,903,0,210000,A_gasB030,
2026-02-26,가스락,혜택 상단 배너,소재 B,16841,40,0,0,A_gasB040,
2026-02-26,가스락,홈 참여형 리스트 배너,소재 B,977425,511,0,162000,A_gasB020,
2026-02-26,가스락,홈 참여형 리스트 배너,미확인,,,,,A_gasB302,
2026-02-26,가스락,홈 토스트 배너,소재 B,78957,1635,0,229000,A_gasB010,
2026-02-27,KT PASS,PUSH,소재 A,69700,27,0,641000,A_pasB201,
2026-02-27,KT PASS,하단배너,소재 A,627,8,0,14000,A_pasB202,
2026-02-27,T멤버십,PUSH,소재 B,0,6468,300000,2058000,A_sktB209,(광고) 다음 달 5세대 실비 출시! 보장 축소 확정!
2026-02-27,T멤버십,미션탭,소재 A,177956,121,0,177000,A_sktB202,
2026-02-27,가스락,서브 참여형 리스트 배너,소재 B,6493,27,0,78000,A_gasB050,
2026-02-27,가스락,서브 텍스트 배너,소재 B,46465,432,0,104000,A_gasB030,
2026-02-27,가스락,혜택 상단 배너,소재 B,16962,36,0,0,A_gasB040,
2026-02-27,가스락,홈 참여형 리스트 배너,소재 B,559133,298,0,91000,A_gasB020,
2026-02-27,가스락,홈 토스트 배너,소재 B,48110,1112,0,140000,A_gasB010,
2026-02-28,KT PASS,PUSH,소재 A,22438,15,0,207000,A_pasB201,
2026-02-28,KT PASS,하단배너,소재 A,297,5,0,6000,A_pasB202,
2026-02-28,T멤버십,PUSH,소재 B,0,0,0,0,A_sktB209,(광고) 다음 달 5세대 실비 출시! 보장 축소 확정!
2026-02-28,T멤버십,미션탭,소재 A,177988,186,0,177000,A_sktB202,
2026-02-28,가스락,서브 참여형 리스트 배너,소재 B,4870,22,0,57000,A_gasB050,
2026-02-28,가스락,서브 텍스트 배너,소재 B,34572,336,0,76000,A_gasB030,
2026-02-28,가스락,혜택 상단 배너,소재 B,15958,18,0,0,A_gasB040,
2026-02-28,가스락,홈 참여형 리스트 배너,소재 B,482201,285,0,79000,A_gasB020,
2026-02-28,가스락,홈 토스트 배너,소재 B,38861,898,0,114000,A_gasB010,
2026-03-01,KT PASS,PUSH,소재 A,24758,15,0,130000,A_pasB301,
2026-03-01,KT PASS,PUSH,미확인,,,,,A_pasB201,
2026-03-01,KT PASS,하단배너,소재 A,636,12,0,18000,A_pasB302,
2026-03-01,T멤버십,PUSH,소재 A,0,0,0,0,A_sktB301,
2026-03-01,T멤버십,PUSH,미확인,,,,,A_sktB209,
2026-03-01,T멤버십,미션탭,소재 A,150476,142,0,150000,A_sktB302,
2026-03-01,가스락,서브 참여형 리스트 배너,소재 A,6136,37,0,69000,A_gasB305,
2026-03-01,가스락,서브 텍스트 배너,소재 A,31448,426,0,123000,A_gasB303,
2026-03-01,가스락,홈 중앙 배너,소재 A,0,0,0,0,A_gasB306,
2026-03-01,가스락,홈 토스트 배너,소재 A,44657,708,0,113000,A_gasB301,
2026-03-01,가스락,홈 혜택 퀵 배너,소재 A,451970,1590,0,144000,A_gasB307,
2026-03-02,KT PASS,PUSH,소재 A,28708,13,0,150000,A_pasB301,
2026-03-02,KT PASS,하단배너,소재 A,622,7,0,17000,A_pasB302,
2026-03-02,T멤버십,PUSH,소재 A,0,0,0,0,A_sktB301,
2026-03-02,T멤버십,미션탭,소재 A,159452,127,0,159000,A_sktB302,
2026-03-02,가스락,서브 참여형 리스트 배너,소재 A,6194,37,0,69000,A_gasB305,
2026-03-02,가스락,서브 텍스트 배너,소재 A,47255,485,0,184000,A_gasB303,
2026-03-02,가스락,홈 중앙 배너,소재 A,0,0,0,0,A_gasB306,
2026-03-02,가스락,홈 토스트 배너,소재 A,55216,928,0,140000,A_gasB301,
2026-03-02,가스락,홈 혜택 퀵 배너,소재 A,509481,1031,0,162000,A_gasB307,
2026-03-03,KT PASS,PUSH,소재 A,93834,36,0,491000,A_pasB301,
2026-03-03,KT PASS,하단배너,소재 A,767,10,0,21000,A_pasB302,
2026-03-03,T멤버십,PUSH,소재 A,0,4119,300000,1780000,A_sktB301,"(광고) 더 안 좋아지는 5세대실비, 폭탄 예고!!"
2026-03-03,T멤버십,미션탭,소재 A,163411,121,0,163000,A_sktB302,
2026-03-03,가스락,서브 참여형 리스트 배너,소재 A,9643,31,0,108000,A_gasB305,
2026-03-03,가스락,서브 텍스트 배너,소재 A,76617,666,0,299000,A_gasB303,
2026-03-03,가스락,홈 중앙 배너,소재 A,0,0,0,0,A_gasB306,
2026-03-03,가스락,홈 토스트 배너,소재 A,80536,1036,0,204000,A_gasB301,
2026-03-03,가스락,홈 혜택 퀵 배너,소재 A,668570,974,0,212000,A_gasB307,
2026-03-04,KT PASS,PUSH,소재 A,88194,39,0,461000,A_pasB301,
2026-03-04,KT PASS,하단배너,소재 A,1117,12,0,31000,A_pasB302,
2026-03-04,T멤버십,PUSH,소재 A,0,4029,300000,1780000,A_sktB301,"(광고) 더 안 좋아지는 5세대실비, 폭탄 예고!!"
2026-03-04,T멤버십,미션탭,소재 A,160762,115,0,161000,A_sktB302,
2026-03-04,가스락,서브 참여형 리스트 배너,소재 A,6977,31,0,78000,A_gasB305,
2026-03-04,가스락,서브 텍스트 배너,소재 A,42770,424,0,167000,A_gasB303,
2026-03-04,가스락,홈 중앙 배너,소재 A,0,0,0,0,A_gasB306,
2026-03-04,가스락,홈 토스트 배너,소재 A,61635,813,0,156000,A_gasB301,
2026-03-04,가스락,홈 혜택 퀵 배너,소재 A,584255,825,0,186000,A_gasB307,
2026-03-05,KT PASS,PUSH,소재 A,85210,34,0,446000,A_pasB301,
2026-03-05,KT PASS,하단배너,소재 A,842,9,0,23000,A_pasB302,
2026-03-05,T멤버십,PUSH,소재 A,0,4285,300000,1780000,A_sktB301,"(광고) 더 안 좋아지는 5세대실비, 폭탄 예고!!"
2026-03-05,T멤버십,미션탭,소재 A,164424,102,0,164000,A_sktB302,
2026-03-05,가스락,서브 참여형 리스트 배너,소재 A,7690,32,0,86000,A_gasB305,
2026-03-05,가스락,서브 텍스트 배너,소재 A,42303,458,0,165000,A_gasB303,
2026-03-05,가스락,홈 중앙 배너,소재 A,199904,167,0,0,A_gasB306,
2026-03-05,가스락,홈 토스트 배너,소재 A,68608,875,0,174000,A_gasB301,
2026-03-05,가스락,홈 혜택 퀵 배너,소재 A,623632,852,0,198000,A_gasB307,
2026-03-05,카카오페이,TMS,소재 A,58478,1071,109954,5324000,A_kpaB302,기본 텍스트형_발송당일
2026-03-06,KT PASS,PUSH,소재 A,83073,30,0,435000,A_pasB301,
2026-03-06,KT PASS,하단배너,소재 A,922,14,0,25000,A_pasB302,
2026-03-06,T멤버십,PUSH,소재 A,0,4596,300000,1780000,A_sktB301,"(광고) 더 안 좋아지는 5세대실비, 폭탄 예고!!"
2026-03-06,T멤버십,미션탭,소재 A,162749,119,0,163000,A_sktB302,
2026-03-06,가스락,서브 참여형 리스트 배너,소재 A,5910,34,0,66000,A_gasB305,
2026-03-06,가스락,서브 텍스트 배너,소재 A,63426,542,0,247000,A_gasB303,
2026-03-06,가스락,홈 중앙 배너,소재 A,199355,163,0,0,A_gasB306,
2026-03-06,가스락,홈 토스트 배너,소재 A,66536,852,0,169000,A_gasB301,
2026-03-06,가스락,홈 혜택 퀵 배너,소재 A,617680,743,0,196000,A_gasB307,
2026-03-07,KT PASS,PUSH,소재 A,27637,30,0,145000,A_pasB301,
2026-03-07,KT PASS,하단배너,소재 A,487,12,0,13000,A_pasB302,
2026-03-07,T멤버십,PUSH,소재 A,0,0,0,0,A_sktB301,"(광고) 더 안 좋아지는 5세대실비, 폭탄 예고!!"
2026-03-07,T멤버십,미션탭,소재 A,162680,132,0,163000,A_sktB302,
2026-03-07,가스락,서브 참여형 리스트 배너,소재 A,5366,33,0,60000,A_gasB305,
2026-03-07,가스락,서브 텍스트 배너,소재 A,34758,356,0,136000,A_gasB303,
2026-03-07,가스락,홈 중앙 배너,소재 A,0,0,0,0,A_gasB306,
2026-03-07,가스락,홈 토스트 배너,소재 A,43651,610,0,111000,A_gasB301,
2026-03-07,가스락,홈 혜택 퀵 배너,소재 A,455629,668,0,145000,A_gasB307,
2026-03-08,KT PASS,PUSH,소재 A,22044,20,0,115000,A_pasB301,
2026-03-08,KT PASS,하단배너,소재 A,498,3,0,14000,A_pasB302,
2026-03-08,T멤버십,PUSH,소재 A,0,0,0,0,A_sktB301,"(광고) 더 안 좋아지는 5세대실비, 폭탄 예고!!"
2026-03-08,T멤버십,미션탭,소재 A,162715,105,0,163000,A_sktB302,
2026-03-08,가스락,서브 참여형 리스트 배너,소재 A,5509,32,0,62000,A_gasB305,
2026-03-08,가스락,서브 텍스트 배너,소재 A,30028,299,0,117000,A_gasB303,
2026-03-08,가스락,홈 중앙 배너,소재 A,0,0,0,0,A_gasB306,
2026-03-08,가스락,홈 토스트 배너,소재 A,38867,570,0,99000,A_gasB301,
2026-03-08,가스락,홈 혜택 퀵 배너,소재 A,428667,596,0,136000,A_gasB307,
2026-03-09,KT PASS,PUSH,소재 A,83708,36,0,438000,A_pasB301,
2026-03-09,KT PASS,하단배너,소재 A,884,10,0,24000,A_pasB302,
2026-03-09,T멤버십,PUSH,소재 A,0,3828,300000,1780000,A_sktB301,"(광고) 더 안 좋아지는 5세대실비, 폭탄 예고!!"
2026-03-09,T멤버십,미션탭,소재 A,162729,81,0,163000,A_sktB302,
2026-03-09,가스락,서브 참여형 리스트 배너,소재 A,5990,51,0,67000,A_gasB305,
2026-03-09,가스락,서브 텍스트 배너,소재 A,68822,575,0,268000,A_gasB303,
2026-03-09,가스락,홈 중앙 배너,소재 A,225901,152,0,0,A_gasB306,
2026-03-09,가스락,홈 토스트 배너,소재 A,87601,863,0,222000,A_gasB301,
2026-03-09,가스락,홈 혜택 퀵 배너,소재 A,726897,779,0,231000,A_gasB307,
2026-03-09,카카오페이,혜택A,소재 A,727350,281295,0,1421000,A_kpaB301,5세대 보장 축소!\n4세대 80% 막차!
2026-03-10,KT PASS,PUSH,소재 A,86549,38,0,453000,A_pasB301,
2026-03-10,KT PASS,하단배너,소재 A,624,6,0,17000,A_pasB302,
2026-03-10,T멤버십,PUSH,소재 A,0,3804,300000,1780000,A_sktB301,"(광고) 더 안 좋아지는 5세대실비, 폭탄 예고!!"
2026-03-10,T멤버십,미션탭,소재 A,161852,130,0,162000,A_sktB302,
2026-03-10,가스락,서브 참여형 리스트 배너,소재 A,5657,47,0,63000,A_gasB305,
2026-03-10,가스락,서브 텍스트 배너,소재 A,45743,475,0,178000,A_gasB303,
2026-03-10,가스락,홈 중앙 배너,소재 A,208637,162,0,0,A_gasB306,
2026-03-10,가스락,홈 토스트 배너,소재 A,72524,865,0,184000,A_gasB301,
2026-03-10,가스락,홈 혜택 퀵 배너,소재 A,623816,794,0,198000,A_gasB307,
2026-03-10,카카오페이,TMS,소재 B,50808,1404,101212,4900000,A_kpaB020,기본 텍스트형_발송당일
2026-03-10,카카오페이,혜택A,소재 A,704301,277376,0,1376000,A_kpaB301,5세대 보장 축소!\n4세대 80% 막차!
2026-03-11,KT PASS,PUSH,소재 A,82215,36,0,430000,A_pasB301,
2026-03-11,KT PASS,하단배너,소재 A,525,4,0,14000,A_pasB302,
2026-03-11,T멤버십,PUSH,소재 A,0,4246,300000,1780000,A_sktB301,"(광고) 더 안 좋아지는 5세대실비, 폭탄 예고!!"
2026-03-11,T멤버십,미션탭,소재 A,162701,125,0,163000,A_sktB302,
2026-03-11,가스락,서브 참여형 리스트 배너,소재 A,7707,36,0,86000,A_gasB305,
2026-03-11,가스락,서브 텍스트 배너,소재 A,43692,402,0,170000,A_gasB303,
2026-03-11,가스락,홈 중앙 배너,소재 A,182672,151,0,0,A_gasB306,
2026-03-11,가스락,홈 토스트 배너,소재 A,51774,633,0,131000,A_gasB301,
2026-03-11,가스락,홈 혜택 퀵 배너,소재 A,548612,682,0,174000,A_gasB307,
2026-03-11,카카오페이,혜택A,소재 A,708164,278741,0,1384000,A_kpaB301,5세대 보장 축소!\n4세대 80% 막차!
2026-03-12,KT PASS,PUSH,소재 A,78529,42,0,411000,A_pasB301,
2026-03-12,KT PASS,하단배너,소재 A,526,3,0,15000,A_pasB302,
2026-03-12,T멤버십,PUSH,소재 A,0,3908,300000,1780000,A_sktB301,"(광고) 더 안 좋아지는 5세대실비, 폭탄 예고!!"
2026-03-12,T멤버십,미션탭,소재 A,162745,116,0,163000,A_sktB302,
2026-03-12,가스락,서브 참여형 리스트 배너,소재 A,5268,24,0,59000,A_gasB305,
2026-03-12,가스락,서브 텍스트 배너,소재 A,36815,370,0,144000,A_gasB303,
2026-03-12,가스락,홈 중앙 배너,소재 A,173410,116,0,0,A_gasB306,
2026-03-12,가스락,홈 토스트 배너,소재 A,40005,477,0,101000,A_gasB301,
2026-03-12,가스락,홈 혜택 퀵 배너,소재 A,507977,617,0,161000,A_gasB307,
2026-03-12,카카오페이,혜택A,소재 A,698954,278779,0,1366000,A_kpaB301,5세대 보장 축소!\n4세대 80% 막차!
2026-03-13,KT PASS,PUSH,소재 A,76834,37,0,402000,A_pasB301,
2026-03-13,KT PASS,하단배너,소재 A,601,4,0,17000,A_pasB302,
2026-03-13,T멤버십,PUSH,소재 A,0,4223,300000,1780000,A_sktB301,"(광고) 더 안 좋아지는 5세대실비, 폭탄 예고!!"
2026-03-13,T멤버십,미션탭,소재 A,162497,127,0,162000,A_sktB302,
2026-03-13,가스락,서브 참여형 리스트 배너,소재 A,5145,26,0,58000,A_gasB305,
2026-03-13,가스락,서브 텍스트 배너,소재 A,40037,258,0,156000,A_gasB303,
2026-03-13,가스락,홈 중앙 배너,소재 A,173172,172,0,0,A_gasB306,
2026-03-13,가스락,홈 토스트 배너,소재 A,44627,491,0,113000,A_gasB301,
2026-03-13,가스락,홈 혜택 퀵 배너,소재 A,530059,562,0,168000,A_gasB307,
2026-03-13,카카오페이,혜택A,소재 A,697001,272742,0,1362000,A_kpaB301,5세대 보장 축소!\n4세대 80% 막차!
2026-03-13,카카오페이,혜택A,미확인,,,,,A_kpaB311,
2026-03-14,KT PASS,PUSH,소재 A,25456,17,0,133000,A_pasB301,
2026-03-14,KT PASS,하단배너,소재 A,326,5,0,9000,A_pasB302,
2026-03-14,T멤버십,PUSH,소재 A,0,0,0,0,A_sktB301,"(광고) 더 안 좋아지는 5세대실비, 폭탄 예고!!"
2026-03-14,T멤버십,미션탭,소재 A,162481,115,0,162000,A_sktB302,
2026-03-14,가스락,서브 참여형 리스트 배너,소재 A,6230,26,0,70000,A_gasB305,
2026-03-14,가스락,서브 텍스트 배너,소재 A,25476,216,0,99000,A_gasB303,
2026-03-14,가스락,홈 중앙 배너,소재 A,0,0,0,0,A_gasB306,
2026-03-14,가스락,홈 토스트 배너,소재 A,32229,370,0,82000,A_gasB301,
2026-03-14,가스락,홈 혜택 퀵 배너,소재 A,433967,491,0,138000,A_gasB307,
2026-03-14,카카오페이,혜택A,소재 A,673866,275380,0,1317000,A_kpaB301,5세대 보장 축소!\n4세대 80% 막차!
2026-03-15,KT PASS,PUSH,소재 A,19509,13,0,102000,A_pasB301,
2026-03-15,KT PASS,하단배너,소재 A,300,6,0,8000,A_pasB302,
2026-03-15,T멤버십,PUSH,소재 A,0,0,0,0,A_sktB301,"(광고) 더 안 좋아지는 5세대실비, 폭탄 예고!!"
2026-03-15,T멤버십,미션탭,소재 A,162472,114,0,162000,A_sktB302,
2026-03-15,가스락,서브 참여형 리스트 배너,소재 A,6752,30,0,75000,A_gasB305,
2026-03-15,가스락,서브 텍스트 배너,소재 A,17515,201,0,68000,A_gasB303,
2026-03-15,가스락,홈 중앙 배너,소재 A,0,0,0,0,A_gasB306,
2026-03-15,가스락,홈 토스트 배너,소재 A,25891,369,0,66000,A_gasB301,
2026-03-15,가스락,홈 혜택 퀵 배너,소재 A,394897,482,0,125000,A_gasB307,
2026-03-15,카카오페이,혜택A,소재 A,673349,280454,0,1316000,A_kpaB301,5세대 보장 축소!\n4세대 80% 막차!
2026-03-16,KT PASS,PUSH,소재 A,78971,38,0,413000,A_pasB301,
2026-03-16,KT PASS,하단배너,소재 A,794,10,0,22000,A_pasB302,
2026-03-16,T멤버십,PUSH,소재 B,0,2655,200000,1187000,A_sktB309,"(광고) 4세대 실비, 더 나은 조건은 이번 달 뿐!"
2026-03-16,T멤버십,미션탭,소재 B,162418,120,0,162000,A_sktB030,
2026-03-16,가스락,서브 참여형 리스트 배너,소재 A,4518,36,0,51000,A_gasB305,
2026-03-16,가스락,서브 텍스트 배너,소재 A,49419,535,0,193000,A_gasB303,
2026-03-16,가스락,홈 중앙 배너,소재 A,136830,119,0,0,A_gasB306,
2026-03-16,가스락,홈 토스트 배너,소재 A,58267,888,0,148000,A_gasB301,
2026-03-16,가스락,홈 혜택 퀵 배너,소재 A,672185,858,0,214000,A_gasB307,
2026-03-17,KT PASS,PUSH,소재 A,78303,43,0,410000,A_pasB301,
2026-03-17,KT PASS,하단배너,소재 A,570,8,0,16000,A_pasB302,
2026-03-17,T멤버십,PUSH,소재 B,0,4158,300000,1780000,A_sktB309,"(광고) 4세대 실비, 더 나은 조건은 이번 달 뿐!"
2026-03-17,T멤버십,미션탭,소재 B,161850,102,0,162000,A_sktB030,
2026-03-17,가스락,서브 참여형 리스트 배너,소재 A,4318,35,0,48000,A_gasB305,
2026-03-17,가스락,서브 텍스트 배너,소재 A,38739,389,0,151000,A_gasB303,
2026-03-17,가스락,홈 중앙 배너,소재 A,254506,202,0,0,A_gasB306,
2026-03-17,가스락,홈 토스트 배너,소재 A,51017,846,0,129000,A_gasB301,
2026-03-17,가스락,홈 혜택 퀵 배너,소재 A,600955,805,0,191000,A_gasB307,
2026-03-17,카카오페이,TMS,소재 B,52499,1003,100979,4889000,A_kpaB020,기본 텍스트형_발송당일
2026-03-18,KT PASS,PUSH,소재 A,73146,42,0,383000,A_pasB301,
2026-03-18,KT PASS,하단배너,소재 A,540,10,0,15000,A_pasB302,
2026-03-18,T멤버십,PUSH,소재 B,0,4516,300000,1780000,A_sktB309,"(광고) 4세대 실비, 더 나은 조건은 이번 달 뿐!"
2026-03-18,T멤버십,미션탭,소재 B,162432,111,0,162000,A_sktB030,
2026-03-18,가스락,서브 참여형 리스트 배너,소재 A,4297,40,0,48000,A_gasB305,
2026-03-18,가스락,서브 텍스트 배너,소재 A,46003,333,0,179000,A_gasB303,
2026-03-18,가스락,홈 중앙 배너,소재 A,262375,179,0,0,A_gasB306,
2026-03-18,가스락,홈 토스트 배너,소재 A,58966,793,0,150000,A_gasB301,
2026-03-18,가스락,홈 혜택 퀵 배너,소재 A,655353,853,0,208000,A_gasB307,
2026-03-19,KT PASS,PUSH,소재 A,77552,32,0,406000,A_pasB301,
2026-03-19,KT PASS,하단배너,소재 A,532,7,0,15000,A_pasB302,
2026-03-19,T멤버십,PUSH,소재 B,0,4169,300000,1780000,A_sktB309,"(광고) 4세대 실비, 더 나은 조건은 이번 달 뿐!"
2026-03-19,T멤버십,미션탭,소재 B,162458,102,0,162000,A_sktB030,
2026-03-19,가스락,서브 참여형 리스트 배너,소재 A,3948,32,0,44000,A_gasB305,
2026-03-19,가스락,서브 텍스트 배너,소재 A,52012,380,0,203000,A_gasB303,
2026-03-19,가스락,홈 중앙 배너,소재 A,262200,176,0,0,A_gasB306,
2026-03-19,가스락,홈 토스트 배너,소재 A,64247,781,0,163000,A_gasB301,
2026-03-19,가스락,홈 혜택 퀵 배너,소재 A,671032,712,0,213000,A_gasB307,
2026-03-20,KT PASS,PUSH,소재 A,78536,41,0,411000,A_pasB301,
2026-03-20,KT PASS,하단배너,소재 A,712,13,0,20000,A_pasB302,
2026-03-20,T멤버십,PUSH,소재 B,0,2853,200000,1186000,A_sktB309,"(광고) 4세대 실비, 더 나은 조건은 이번 달 뿐!"
2026-03-20,T멤버십,미션탭,소재 B,162499,130,0,162000,A_sktB030,
2026-03-20,가스락,서브 참여형 리스트 배너,소재 A,3084,16,0,34000,A_gasB305,
2026-03-20,가스락,서브 텍스트 배너,소재 A,41564,333,0,162000,A_gasB303,
2026-03-20,가스락,홈 중앙 배너,소재 A,239202,155,0,0,A_gasB306,
2026-03-20,가스락,홈 토스트 배너,소재 A,54530,718,0,138000,A_gasB301,
2026-03-20,가스락,홈 혜택 퀵 배너,소재 A,581822,596,0,185000,A_gasB307,
2026-03-21,KT PASS,PUSH,소재 A,25566,15,0,134000,A_pasB301,
2026-03-21,KT PASS,하단배너,소재 A,293,1,0,8000,A_pasB302,
2026-03-21,T멤버십,PUSH,소재 B,0,0,0,0,A_sktB309,"(광고) 4세대 실비, 더 나은 조건은 이번 달 뿐!"
2026-03-21,T멤버십,미션탭,소재 B,162468,135,0,162000,A_sktB030,
2026-03-21,가스락,서브 참여형 리스트 배너,소재 A,3378,25,0,38000,A_gasB305,
2026-03-21,가스락,서브 텍스트 배너,소재 A,23457,228,0,91000,A_gasB303,
2026-03-21,가스락,홈 중앙 배너,소재 A,179250,123,0,0,A_gasB306,
2026-03-21,가스락,홈 토스트 배너,소재 A,37083,611,0,94000,A_gasB301,
2026-03-21,가스락,홈 혜택 퀵 배너,소재 A,401647,510,0,128000,A_gasB307,
2026-03-22,KT PASS,PUSH,소재 A,19335,12,0,101000,A_pasB301,
2026-03-22,KT PASS,하단배너,소재 A,283,2,0,8000,A_pasB302,
2026-03-22,T멤버십,PUSH,소재 B,0,0,0,0,A_sktB309,"(광고) 4세대 실비, 더 나은 조건은 이번 달 뿐!"
2026-03-22,T멤버십,미션탭,소재 B,162478,121,0,162000,A_sktB030,
2026-03-22,가스락,서브 참여형 리스트 배너,소재 A,3362,12,0,38000,A_gasB305,
2026-03-22,가스락,서브 텍스트 배너,소재 A,18107,259,0,71000,A_gasB303,
2026-03-22,가스락,홈 중앙 배너,소재 A,168510,117,0,0,A_gasB306,
2026-03-22,가스락,홈 토스트 배너,소재 A,33572,585,0,85000,A_gasB301,
2026-03-22,가스락,홈 혜택 퀵 배너,소재 A,384179,445,0,122000,A_gasB307,
2026-03-23,KT PASS,PUSH,소재 A,77335,35,0,405000,A_pasB301,
2026-03-23,KT PASS,하단배너,소재 A,529,4,0,15000,A_pasB302,
2026-03-23,T멤버십,PUSH,소재 B,0,2727,200000,1186000,A_sktB309,"(광고) 4세대 실비, 더 나은 조건은 이번 달 뿐!"
2026-03-23,T멤버십,미션탭,소재 B,162408,109,0,162000,A_sktB030,
2026-03-23,가스락,서브 참여형 리스트 배너,소재 A,2881,15,0,32000,A_gasB305,
2026-03-23,가스락,서브 텍스트 배너,소재 A,23919,207,0,93000,A_gasB303,
2026-03-23,가스락,홈 중앙 배너,소재 A,199606,128,0,0,A_gasB306,
2026-03-23,가스락,홈 토스트 배너,소재 A,34350,515,0,87000,A_gasB301,
2026-03-23,가스락,홈 혜택 퀵 배너,소재 A,462005,517,0,147000,A_gasB307,
2026-03-23,카카오페이,혜택A,소재 B,704028,281990,0,1376000,A_kpaB309,만원대로 80%보장!\n4세대 실비보험 막차
2026-03-24,KT PASS,PUSH,소재 A,79878,35,0,418000,A_pasB301,
2026-03-24,KT PASS,하단배너,소재 A,862,6,0,24000,A_pasB302,
2026-03-24,T멤버십,PUSH,소재 B,0,4188,300000,1779000,A_sktB309,"(광고) 4세대 실비, 더 나은 조건은 이번 달 뿐!"
2026-03-24,T멤버십,미션탭,소재 B,162452,119,0,162000,A_sktB030,
2026-03-24,가스락,서브 참여형 리스트 배너,소재 A,3054,11,0,34000,A_gasB305,
2026-03-24,가스락,서브 텍스트 배너,소재 A,21431,211,0,84000,A_gasB303,
2026-03-24,가스락,홈 중앙 배너,소재 A,211509,161,0,0,A_gasB306,
2026-03-24,가스락,홈 토스트 배너,소재 A,35933,571,0,91000,A_gasB301,
2026-03-24,가스락,홈 혜택 퀵 배너,소재 A,482928,643,0,153000,A_gasB307,
2026-03-24,카카오페이,TMS,소재 C,50990,835,100942,4887000,A_kpaB308,기본 텍스트형_발송당일
2026-03-24,카카오페이,TMS,미확인,,,,,A_kpaB220,
2026-03-24,카카오페이,혜택A,소재 B,716539,282559,0,1400000,A_kpaB309,만원대로 80%보장!\n4세대 실비보험 막차
2026-03-25,KT PASS,PUSH,소재 A,85895,42,0,449000,A_pasB301,
2026-03-25,KT PASS,하단배너,소재 A,488,3,0,13000,A_pasB302,
2026-03-25,T멤버십,PUSH,소재 B,0,4037,300000,1779000,A_sktB309,"(광고) 4세대 실비, 더 나은 조건은 이번 달 뿐!"
2026-03-25,T멤버십,미션탭,소재 B,162459,120,0,162000,A_sktB030,
2026-03-25,가스락,서브 참여형 리스트 배너,소재 A,3287,27,0,37000,A_gasB305,
2026-03-25,가스락,서브 텍스트 배너,소재 A,37077,373,0,145000,A_gasB303,
2026-03-25,가스락,홈 중앙 배너,소재 A,301552,193,0,0,A_gasB306,
2026-03-25,가스락,홈 토스트 배너,소재 A,86955,1416,0,221000,A_gasB301,
2026-03-25,가스락,홈 혜택 퀵 배너,소재 A,703121,749,0,223000,A_gasB307,
2026-03-25,카카오페이,혜택A,소재 B,741803,283876,0,1449000,A_kpaB309,만원대로 80%보장!\n4세대 실비보험 막차
2026-03-26,KT PASS,PUSH,소재 A,87167,38,0,456000,A_pasB301,
2026-03-26,KT PASS,하단배너,소재 A,491,7,0,14000,A_pasB302,
2026-03-26,T멤버십,PUSH,소재 B,0,4033,300000,1779000,A_sktB309,"(광고) 4세대 실비, 더 나은 조건은 이번 달 뿐!"
2026-03-26,T멤버십,미션탭,소재 B,159501,115,0,160000,A_sktB030,
2026-03-26,가스락,서브 참여형 리스트 배너,소재 A,3298,24,0,37000,A_gasB305,
2026-03-26,가스락,서브 텍스트 배너,소재 A,48511,452,0,189000,A_gasB303,
2026-03-26,가스락,홈 중앙 배너,소재 A,266899,185,0,0,A_gasB306,
2026-03-26,가스락,홈 토스트 배너,소재 A,70758,1069,0,179000,A_gasB301,
2026-03-26,가스락,홈 혜택 퀵 배너,소재 A,642688,676,0,204000,A_gasB307,
2026-03-26,카카오페이,혜택A,소재 B,795053,282031,0,1553000,A_kpaB309,만원대로 80%보장!\n4세대 실비보험 막차
2026-03-27,KT PASS,PUSH,소재 A,86589,40,0,453000,A_pasB301,
2026-03-27,KT PASS,하단배너,소재 A,570,4,0,16000,A_pasB302,
2026-03-27,T멤버십,PUSH,소재 B,0,2850,200000,1186000,A_sktB309,"(광고) 4세대 실비, 더 나은 조건은 이번 달 뿐!"
2026-03-27,T멤버십,미션탭,소재 B,159202,106,0,159000,A_sktB030,
2026-03-27,가스락,서브 참여형 리스트 배너,소재 A,3404,21,0,38000,A_gasB305,
2026-03-27,가스락,서브 텍스트 배너,소재 A,52813,420,0,206000,A_gasB303,
2026-03-27,가스락,홈 중앙 배너,소재 A,260131,182,0,0,A_gasB306,
2026-03-27,가스락,홈 토스트 배너,소재 A,75363,1033,0,191000,A_gasB301,
2026-03-27,가스락,홈 혜택 퀵 배너,소재 A,686464,726,0,218000,A_gasB307,
2026-03-27,카카오페이,혜택A,소재 B,821710,273904,0,1606000,A_kpaB309,만원대로 80%보장!\n4세대 실비보험 막차
2026-03-28,KT PASS,PUSH,소재 A,28474,18,0,149000,A_pasB301,
2026-03-28,KT PASS,하단배너,소재 A,269,1,0,7000,A_pasB302,
2026-03-28,T멤버십,PUSH,소재 B,0,0,0,0,A_sktB309,"(광고) 4세대 실비, 더 나은 조건은 이번 달 뿐!"
2026-03-28,T멤버십,미션탭,소재 B,159206,109,0,160000,A_sktB030,
2026-03-28,가스락,서브 참여형 리스트 배너,소재 A,4612,34,0,52000,A_gasB305,
2026-03-28,가스락,서브 텍스트 배너,소재 A,29726,291,0,116000,A_gasB303,
2026-03-28,가스락,홈 중앙 배너,소재 A,179209,113,0,0,A_gasB306,
2026-03-28,가스락,홈 토스트 배너,소재 A,35889,606,0,91000,A_gasB301,
2026-03-28,가스락,홈 혜택 퀵 배너,소재 A,405757,471,0,129000,A_gasB307,
2026-03-28,카카오페이,혜택A,소재 B,783285,272727,0,1530000,A_kpaB309,만원대로 80%보장!\n4세대 실비보험 막차
2026-03-29,KT PASS,PUSH,소재 A,22066,21,0,115000,A_pasB301,
2026-03-29,KT PASS,하단배너,소재 A,262,3,0,7000,A_pasB302,
2026-03-29,T멤버십,PUSH,소재 B,0,0,0,0,A_sktB309,"(광고) 4세대 실비, 더 나은 조건은 이번 달 뿐!"
2026-03-29,T멤버십,미션탭,소재 B,159196,103,0,160000,A_sktB030,
2026-03-29,가스락,서브 참여형 리스트 배너,소재 A,4920,32,0,55000,A_gasB305,
2026-03-29,가스락,서브 텍스트 배너,소재 A,27849,310,0,109000,A_gasB303,
2026-03-29,가스락,홈 중앙 배너,소재 A,173112,122,0,0,A_gasB306,
2026-03-29,가스락,홈 토스트 배너,소재 A,34433,580,0,87000,A_gasB301,
2026-03-29,가스락,홈 혜택 퀵 배너,소재 A,407315,501,0,129000,A_gasB307,
2026-03-29,카카오페이,혜택A,소재 B,790600,279068,0,1544000,A_kpaB309,만원대로 80%보장!\n4세대 실비보험 막차
2026-03-30,KT PASS,PUSH,소재 A,93865,35,0,490000,A_pasB301,
2026-03-30,KT PASS,하단배너,소재 A,666,10,0,18000,A_pasB302,
2026-03-30,T멤버십,PUSH,소재 B,0,3867,300000,1779000,A_sktB309,"(광고) 4세대 실비, 더 나은 조건은 이번 달 뿐!"
2026-03-30,T멤버십,미션탭,소재 B,157990,110,0,159000,A_sktB030,
2026-03-30,가스락,서브 참여형 리스트 배너,소재 A,6908,28,0,77000,A_gasB305,
2026-03-30,가스락,서브 텍스트 배너,소재 A,37147,335,0,145000,A_gasB303,
2026-03-30,가스락,홈 중앙 배너,소재 A,204268,137,0,0,A_gasB306,
2026-03-30,가스락,홈 토스트 배너,소재 A,58102,858,0,148000,A_gasB301,
2026-03-30,가스락,홈 혜택 퀵 배너,소재 A,549576,580,0,175000,A_gasB307,
2026-03-31,KT PASS,PUSH,소재 A,108222,39,0,565000,A_pasB301,
2026-03-31,KT PASS,하단배너,소재 A,567,9,0,16000,A_pasB302,
2026-03-31,T멤버십,PUSH,소재 B,0,3756,300000,1779000,A_sktB309,"(광고) 4세대 실비, 더 나은 조건은 이번 달 뿐!"
2026-03-31,T멤버십,미션탭,소재 B,157504,98,0,159000,A_sktB030,
2026-03-31,가스락,서브 참여형 리스트 배너,소재 A,5589,27,0,61000,A_gasB305,
2026-03-31,가스락,서브 텍스트 배너,소재 A,36388,292,0,142000,A_gasB303,
2026-03-31,가스락,홈 중앙 배너,소재 A,169942,110,0,0,A_gasB306,
2026-03-31,가스락,홈 토스트 배너,소재 A,52196,736,0,133000,A_gasB301,
2026-03-31,가스락,홈 혜택 퀵 배너,소재 A,586252,638,0,187000,A_gasB307,
2026-04-01,KT PASS,PUSH,소재 A,65314,32,0,544000,A_pasB401,
2026-04-01,KT PASS,하단배너,소재 A,939,12,0,22000,A_pasB402,
2026-04-01,T멤버십,PUSH,소재 B,0,3741,300000,1875000,A_sktB309,(광고) 5세대 실비 출시! 역대급 보험료 인하 예고!!
2026-04-01,T멤버십,PUSH,미확인,,,,,A_sktB209,
2026-04-01,T멤버십,미션탭,소재 A,166700,165,0,167000,A_sktB402,
2026-04-01,가스락,내 정보 배너,소재 A,97677,22,0,39000,A_gasB408,
2026-04-01,가스락,서브 참여형 리스트 배너,소재 A,5518,24,0,47000,A_gasB455,
2026-04-01,가스락,서브 텍스트 배너,소재 A,32492,416,0,105000,A_gas403,
2026-04-01,가스락,홈 참여형 리스트 배너,소재 A,423138,185,0,70000,A_gasB402,
2026-04-01,가스락,홈 토스트 배너,소재 A,43097,753,0,141000,A_gasB401,
2026-04-02,KT PASS,PUSH,소재 A,54586,18,0,454000,A_pasB401,
2026-04-02,KT PASS,하단배너,소재 A,864,5,0,20000,A_pasB402,
2026-04-02,T멤버십,PUSH,소재 A,0,3631,300000,1875000,A_sktB401,(광고) 5세대 실비 출시! 역대급 보험료 인하 예고!!
2026-04-02,T멤버십,미션탭,소재 A,166669,126,0,167000,A_sktB402,
2026-04-02,가스락,내 정보 배너,소재 A,79439,26,0,32000,A_gasB408,
2026-04-02,가스락,서브 참여형 리스트 배너,소재 A,6993,30,0,59000,A_gasB455,
2026-04-02,가스락,서브 텍스트 배너,소재 A,26954,304,0,87000,A_gas403,
2026-04-02,가스락,홈 참여형 리스트 배너,소재 A,402446,155,0,67000,A_gasB402,
2026-04-02,가스락,홈 토스트 배너,소재 A,39174,638,0,128000,A_gasB401,
2026-04-03,KT PASS,PUSH,소재 A,52376,26,0,436000,A_pasB401,
2026-04-03,KT PASS,하단배너,소재 A,944,9,0,22000,A_pasB402,
2026-04-03,T멤버십,PUSH,소재 A,0,3858,300000,1875000,A_sktB401,(광고) 5세대 실비 출시! 역대급 보험료 인하 예고!!
2026-04-03,T멤버십,미션탭,소재 A,166699,161,0,167000,A_sktB402,
2026-04-03,가스락,내 정보 배너,소재 A,83481,19,0,33000,A_gasB408,
2026-04-03,가스락,서브 참여형 리스트 배너,소재 A,5734,33,0,49000,A_gasB455,
2026-04-03,가스락,서브 텍스트 배너,소재 A,41083,400,0,133000,A_gas403,
2026-04-03,가스락,홈 참여형 리스트 배너,소재 A,449679,119,0,75000,A_gasB402,
2026-04-03,가스락,홈 토스트 배너,소재 A,41119,628,0,134000,A_gasB401,
2026-04-03,카카오페이,혜택A,미확인,,,,,A_kpaB311,
2026-04-04,KT PASS,PUSH,소재 A,15744,14,0,131000,A_pasB401,
2026-04-04,KT PASS,하단배너,소재 A,547,5,0,13000,A_pasB402,
2026-04-04,T멤버십,PUSH,소재 A,0,0,0,0,A_sktB401,(광고) 5세대 실비 출시! 역대급 보험료 인하 예고!!
2026-04-04,T멤버십,미션탭,소재 A,166669,135,0,167000,A_sktB402,
2026-04-04,가스락,내 정보 배너,소재 A,45273,14,0,18000,A_gasB408,
2026-04-04,가스락,서브 참여형 리스트 배너,소재 A,4414,16,0,38000,A_gasB455,
2026-04-04,가스락,서브 텍스트 배너,소재 A,18754,304,0,61000,A_gas403,
2026-04-04,가스락,홈 참여형 리스트 배너,소재 A,341903,139,0,57000,A_gasB402,
2026-04-04,가스락,홈 토스트 배너,소재 A,22430,423,0,73000,A_gasB401,
2026-04-05,KT PASS,PUSH,소재 A,11523,8,0,96000,A_pasB401,
2026-04-05,KT PASS,하단배너,소재 A,417,1,0,10000,A_pasB402,
2026-04-05,T멤버십,PUSH,소재 A,0,0,0,0,A_sktB401,(광고) 5세대 실비 출시! 역대급 보험료 인하 예고!!
2026-04-05,T멤버십,미션탭,소재 A,166678,131,0,167000,A_sktB402,
2026-04-05,가스락,내 정보 배너,소재 A,42465,8,0,17000,A_gasB408,
2026-04-05,가스락,서브 참여형 리스트 배너,소재 A,4498,18,0,38000,A_gasB455,
2026-04-05,가스락,서브 텍스트 배너,소재 A,17134,206,0,55000,A_gas403,
2026-04-05,가스락,홈 참여형 리스트 배너,소재 A,339281,128,0,56000,A_gasB402,
2026-04-05,가스락,홈 토스트 배너,소재 A,21159,369,0,69000,A_gasB401,
2026-04-06,KT PASS,PUSH,소재 A,50431,26,0,420000,A_pasB401,
2026-04-06,KT PASS,하단배너,소재 A,1213,11,0,29000,A_pasB402,
2026-04-06,T멤버십,PUSH,소재 A,0,3756,300000,1875000,A_sktB401,(광고) 5세대 실비 출시! 역대급 보험료 인하 예고!!
2026-04-06,T멤버십,미션탭,소재 A,166702,128,0,167000,A_sktB402,
2026-04-06,가스락,내 정보 배너,소재 A,96216,18,0,39000,A_gasB408,
2026-04-06,가스락,서브 참여형 리스트 배너,소재 A,5786,43,0,49000,A_gasB455,
2026-04-06,가스락,서브 텍스트 배너,소재 A,49527,616,0,160000,A_gas403,
2026-04-06,가스락,홈 참여형 리스트 배너,소재 A,477761,140,0,79000,A_gasB402,
2026-04-06,가스락,홈 토스트 배너,소재 A,36476,638,0,119000,A_gasB401,
2026-04-06,카카오페이,혜택A,소재 A,955228,292857,0,1565000,A_kpaB401,"4세대 실비\n80% 보장, 마지막!"
2026-04-07,KT PASS,PUSH,소재 A,50067,31,0,417000,A_pasB401,
2026-04-07,KT PASS,하단배너,소재 A,1017,14,0,24000,A_pasB402,
2026-04-07,T멤버십,PUSH,소재 A,0,3604,300000,1875000,A_sktB401,(광고) 5세대 실비 출시! 역대급 보험료 인하 예고!!
2026-04-07,T멤버십,미션탭,소재 A,166718,103,0,167000,A_sktB402,
2026-04-07,가스락,내 정보 배너,소재 A,76321,24,0,31000,A_gasB408,
2026-04-07,가스락,서브 참여형 리스트 배너,소재 A,5123,26,0,44000,A_gasB455,
2026-04-07,가스락,서브 텍스트 배너,소재 A,29115,338,0,94000,A_gas403,
2026-04-07,가스락,홈 참여형 리스트 배너,소재 A,438669,122,0,73000,A_gasB402,
2026-04-07,가스락,홈 토스트 배너,소재 A,44601,679,0,146000,A_gasB401,
2026-04-07,카카오페이,TMS,소재 A,64356,2713,100409,4979000,A_kpaB402,기본 텍스트형_발송당일
2026-04-07,카카오페이,혜택A,소재 A,916744,289725,0,1502000,A_kpaB401,"4세대 실비\n80% 보장, 마지막!"
2026-04-08,KT PASS,PUSH,소재 A,50681,29,0,422000,A_pasB401,
2026-04-08,KT PASS,하단배너,소재 A,874,12,0,21000,A_pasB402,
2026-04-08,T멤버십,PUSH,소재 A,0,3598,300000,1875000,A_sktB401,(광고) 5세대 실비 출시! 역대급 보험료 인하 예고!!
2026-04-08,T멤버십,미션탭,소재 A,166721,126,0,167000,A_sktB402,
2026-04-08,가스락,내 정보 배너,소재 A,69977,22,0,28000,A_gasB408,
2026-04-08,가스락,서브 참여형 리스트 배너,소재 A,4932,25,0,42000,A_gasB455,
2026-04-08,가스락,서브 텍스트 배너,소재 A,25377,269,0,82000,A_gas403,
2026-04-08,가스락,홈 참여형 리스트 배너,소재 A,422837,124,0,70000,A_gasB402,
2026-04-08,가스락,홈 토스트 배너,소재 A,43332,652,0,141000,A_gasB401,
2026-04-08,카카오페이,혜택A,소재 A,926960,289704,0,1519000,A_kpaB401,"4세대 실비\n80% 보장, 마지막!"
2026-04-09,KT PASS,PUSH,소재 A,48159,29,0,401000,A_pasB401,
2026-04-09,KT PASS,하단배너,소재 A,1198,7,0,28000,A_pasB402,
2026-04-09,T멤버십,PUSH,소재 A,0,2760,200000,1250000,A_sktB401,(광고) 5세대 실비 출시! 역대급 보험료 인하 예고!!
2026-04-09,T멤버십,미션탭,소재 A,166692,97,0,167000,A_sktB402,
2026-04-09,가스락,내 정보 배너,소재 A,90667,31,0,36000,A_gasB408,
2026-04-09,가스락,서브 참여형 리스트 배너,소재 A,6133,39,0,52000,A_gasB455,
2026-04-09,가스락,서브 텍스트 배너,소재 A,47225,461,0,153000,A_gas403,
2026-04-09,가스락,홈 참여형 리스트 배너,소재 A,569752,161,0,95000,A_gasB402,
2026-04-09,가스락,홈 토스트 배너,소재 A,53673,720,0,175000,A_gasB401,
2026-04-09,카카오페이,혜택A,소재 A,921767,289713,0,1511000,A_kpaB401,"4세대 실비\n80% 보장, 마지막!"
2026-04-10,KT PASS,PUSH,소재 A,50525,39,0,421000,A_pasB401,
2026-04-10,KT PASS,하단배너,소재 A,946,7,0,22000,A_pasB402,
2026-04-10,T멤버십,PUSH,소재 A,0,3984,300000,1875000,A_sktB401,(광고) 5세대 실비 출시! 역대급 보험료 인하 예고!!
2026-04-10,T멤버십,미션탭,소재 A,166708,137,0,167000,A_sktB402,
2026-04-10,가스락,내 정보 배너,소재 A,83849,20,0,34000,A_gasB408,
2026-04-10,가스락,서브 참여형 리스트 배너,소재 A,5241,24,0,45000,A_gasB455,
2026-04-10,가스락,서브 텍스트 배너,소재 A,26022,244,0,84000,A_gas403,
2026-04-10,가스락,홈 참여형 리스트 배너,소재 A,447548,130,0,74000,A_gasB402,
2026-04-10,가스락,홈 토스트 배너,소재 A,38738,567,0,126000,A_gasB401,
2026-04-10,카카오페이,혜택A,소재 A,931347,287490,0,1526000,A_kpaB401,"4세대 실비\n80% 보장, 마지막!"
2026-04-11,KT PASS,PUSH,소재 A,16501,15,0,137000,A_pasB401,
2026-04-11,KT PASS,하단배너,소재 A,573,4,0,13000,A_pasB402,
2026-04-11,T멤버십,PUSH,소재 A,0,0,0,0,A_sktB401,(광고) 5세대 실비 출시! 역대급 보험료 인하 예고!!
2026-04-11,T멤버십,미션탭,소재 A,166678,115,0,167000,A_sktB402,
2026-04-11,가스락,내 정보 배너,소재 A,46608,12,0,19000,A_gasB408,
2026-04-11,가스락,서브 참여형 리스트 배너,소재 A,4752,26,0,40000,A_gasB455,
2026-04-11,가스락,서브 텍스트 배너,소재 A,17356,173,0,56000,A_gas403,
2026-04-11,가스락,홈 참여형 리스트 배너,소재 A,347811,119,0,58000,A_gasB402,
2026-04-11,가스락,홈 토스트 배너,소재 A,21217,329,0,69000,A_gasB401,
2026-04-11,카카오페이,혜택A,소재 A,815626,280461,0,1337000,A_kpaB401,"4세대 실비\n80% 보장, 마지막!"
2026-04-12,KT PASS,PUSH,소재 A,12215,15,0,102000,A_pasB401,
2026-04-12,KT PASS,하단배너,소재 A,595,11,0,14000,A_pasB402,
2026-04-12,T멤버십,PUSH,소재 A,0,0,0,0,A_sktB401,(광고) 5세대 실비 출시! 역대급 보험료 인하 예고!!
2026-04-12,T멤버십,미션탭,소재 A,166729,126,0,167000,A_sktB402,
2026-04-12,가스락,내 정보 배너,소재 A,42784,12,0,17000,A_gasB408,
2026-04-12,가스락,서브 참여형 리스트 배너,소재 A,4614,20,0,39000,A_gasB455,
2026-04-12,가스락,서브 텍스트 배너,소재 A,15468,176,0,50000,A_gas403,
2026-04-12,가스락,홈 참여형 리스트 배너,소재 A,340800,125,0,57000,A_gasB402,
2026-04-12,가스락,홈 토스트 배너,소재 A,19385,315,0,63000,A_gasB401,
2026-04-12,카카오페이,혜택A,소재 A,876716,288577,0,1437000,A_kpaB401,"4세대 실비\n80% 보장, 마지막!"
2026-04-13,KT PASS,PUSH,소재 A,49545,34,0,412000,A_pasB401,
2026-04-13,KT PASS,하단배너,소재 A,1007,6,0,24000,A_pasB402,
2026-04-13,T멤버십,PUSH,소재 A,0,3680,300000,1875000,A_sktB401,(광고) 5세대 실비 출시! 역대급 보험료 인하 예고!!
2026-04-13,T멤버십,미션탭,소재 A,166648,109,0,167000,A_sktB402,
2026-04-13,가스락,내 정보 배너,소재 A,84348,37,0,34000,A_gasB408,
2026-04-13,가스락,서브 참여형 리스트 배너,소재 A,4935,16,0,42000,A_gasB455,
2026-04-13,가스락,서브 텍스트 배너,소재 A,29216,320,0,95000,A_gas403,
2026-04-13,가스락,홈 참여형 리스트 배너,소재 A,445273,133,0,74000,A_gasB402,
2026-04-13,가스락,홈 토스트 배너,소재 A,48431,728,0,158000,A_gasB401,
2026-04-14,KT PASS,PUSH,소재 A,49059,31,0,408000,A_pasB401,
2026-04-14,KT PASS,하단배너,소재 A,915,7,0,22000,A_pasB402,
2026-04-14,T멤버십,PUSH,소재 A,0,2456,200000,1250000,A_sktB401,(광고) 5세대 실비 출시! 역대급 보험료 인하 예고!!
2026-04-14,T멤버십,미션탭,소재 A,166615,130,0,167000,A_sktB402,
2026-04-14,가스락,내 정보 배너,소재 A,77450,15,0,31000,A_gasB408,
2026-04-14,가스락,서브 참여형 리스트 배너,소재 A,5297,31,0,45000,A_gasB455,
2026-04-14,가스락,서브 텍스트 배너,소재 A,29604,256,0,96000,A_gas403,
2026-04-14,가스락,홈 참여형 리스트 배너,소재 A,467674,111,0,78000,A_gasB402,
2026-04-14,가스락,홈 토스트 배너,소재 A,55031,769,0,180000,A_gasB401,
2026-04-14,카카오페이,TMS,소재 A,63564,1407,100977,5007000,A_kpaB402,기본 텍스트형_발송당일
2026-04-15,KT PASS,PUSH,소재 A,50933,30,0,424000,A_pasB401,
2026-04-15,KT PASS,하단배너,소재 A,1184,9,0,28000,A_pasB402,
2026-04-15,T멤버십,PUSH,소재 A,0,2613,200000,1250000,A_sktB401,(광고) 5세대 실비 출시! 역대급 보험료 인하 예고!!
2026-04-15,T멤버십,미션탭,소재 A,166639,111,0,167000,A_sktB402,
2026-04-15,가스락,내 정보 배너,소재 A,76665,16,0,31000,A_gasB408,
2026-04-15,가스락,서브 참여형 리스트 배너,소재 A,6930,16,0,59000,A_gasB455,
2026-04-15,가스락,서브 텍스트 배너,소재 A,21108,258,0,68000,A_gas403,
2026-04-15,가스락,홈 참여형 리스트 배너,소재 A,463866,126,0,77000,A_gasB402,
2026-04-15,가스락,홈 토스트 배너,소재 A,47228,763,0,154000,A_gasB401,
2026-04-15,카카오페이,TMS,미확인,,,,,A_kpaB220,
2026-04-16,KT PASS,PUSH,소재 A,49118,43,0,409000,A_pasB401,
2026-04-16,KT PASS,하단배너,소재 A,927,10,0,22000,A_pasB402,
2026-04-16,T멤버십,PUSH,소재 B,0,2606,200000,1250000,A_sktB411,(광고) ‘그때 할 걸’ 후회NO! 4세대 실비 곧 단종!
2026-04-16,T멤버십,미션탭,소재 B,166684,112,0,167000,A_sktB422,
2026-04-16,가스락,내 정보 배너,소재 A,92163,23,0,37000,A_gasB408,
2026-04-16,가스락,서브 참여형 리스트 배너,소재 A,6211,22,0,53000,A_gasB455,
2026-04-16,가스락,서브 텍스트 배너,소재 A,50054,466,0,162000,A_gas403,
2026-04-16,가스락,홈 참여형 리스트 배너,소재 A,584959,146,0,97000,A_gasB402,
2026-04-16,가스락,홈 토스트 배너,소재 A,57794,926,0,189000,A_gasB401,
2026-04-17,KT PASS,PUSH,소재 A,47873,31,0,399000,A_pasB401,
2026-04-17,KT PASS,하단배너,소재 A,813,8,0,19000,A_pasB402,
2026-04-17,T멤버십,PUSH,소재 B,0,3757,300000,1875000,A_sktB411,(광고) ‘그때 할 걸’ 후회NO! 4세대 실비 곧 단종!
2026-04-17,T멤버십,미션탭,소재 B,166672,133,0,167000,A_sktB409,
2026-04-17,가스락,내 정보 배너,소재 A,80016,17,0,32000,A_gasB408,
2026-04-17,가스락,서브 참여형 리스트 배너,소재 A,4395,34,0,37000,A_gasB455,
2026-04-17,가스락,서브 텍스트 배너,소재 A,38237,286,0,124000,A_gas403,
2026-04-17,가스락,홈 참여형 리스트 배너,소재 A,568914,128,0,94000,A_gasB402,
2026-04-17,가스락,홈 토스트 배너,소재 A,47445,656,0,155000,A_gasB401,
2026-04-17,카카오페이,TMS,미확인,,,,,A_kpaB912,
2026-04-18,KT PASS,PUSH,소재 A,14340,16,0,119000,A_pasB401,
2026-04-18,KT PASS,하단배너,소재 A,283,3,0,7000,A_pasB402,
2026-04-18,T멤버십,PUSH,소재 B,0,0,0,0,A_sktB411,(광고) ‘그때 할 걸’ 후회NO! 4세대 실비 곧 단종!
2026-04-18,T멤버십,미션탭,소재 B,166698,127,0,167000,A_sktB409,
2026-04-18,가스락,내 정보 배너,소재 A,41414,14,0,17000,A_gasB408,
2026-04-18,가스락,서브 참여형 리스트 배너,소재 A,3686,13,0,31000,A_gasB455,
2026-04-18,가스락,서브 텍스트 배너,소재 A,15174,169,0,49000,A_gas403,
2026-04-18,가스락,홈 참여형 리스트 배너,소재 A,363227,105,0,60000,A_gasB402,
2026-04-18,가스락,홈 토스트 배너,소재 A,22914,369,0,75000,A_gasB401,
2026-04-19,KT PASS,PUSH,소재 A,10811,15,0,90000,A_pasB401,
2026-04-19,KT PASS,하단배너,소재 A,294,5,0,7000,A_pasB402,
2026-04-19,T멤버십,PUSH,소재 B,0,0,0,0,A_sktB411,(광고) ‘그때 할 걸’ 후회NO! 4세대 실비 곧 단종!
2026-04-19,T멤버십,미션탭,소재 B,166705,110,0,167000,A_sktB409,
2026-04-19,가스락,내 정보 배너,소재 A,44933,7,0,18000,A_gasB408,
2026-04-19,가스락,서브 참여형 리스트 배너,소재 A,5128,23,0,44000,A_gasB455,
2026-04-19,가스락,서브 텍스트 배너,소재 A,13480,135,0,44000,A_gas403,
2026-04-19,가스락,홈 참여형 리스트 배너,소재 A,367775,101,0,61000,A_gasB402,
2026-04-19,가스락,홈 토스트 배너,소재 A,23888,372,0,78000,A_gasB401,
2026-04-20,KT PASS,PUSH,소재 A,49122,38,0,409000,A_pasB401,
2026-04-20,KT PASS,하단배너,소재 A,510,7,0,12000,A_pasB402,
2026-04-20,T멤버십,PUSH,소재 B,0,3624,300000,1875000,A_sktB411,(광고) ‘그때 할 걸’ 후회NO! 4세대 실비 곧 단종!
2026-04-20,T멤버십,미션탭,소재 B,166669,90,0,166000,A_sktB409,
2026-04-20,가스락,내 정보 배너,소재 A,99379,25,0,40000,A_gasB408,
2026-04-20,가스락,서브 참여형 리스트 배너,소재 A,5522,30,0,47000,A_gasB455,
2026-04-20,가스락,서브 텍스트 배너,소재 A,30058,278,0,97000,A_gas403,
2026-04-20,가스락,홈 참여형 리스트 배너,소재 A,566124,123,0,94000,A_gasB402,
2026-04-20,가스락,홈 토스트 배너,소재 A,29933,454,0,98000,A_gasB401,
2026-04-20,카카오페이,혜택A,소재 B,860863,281279,0,1411000,A_kpaB411,"4세대 실비\n80% 보장, 마지막!"
2026-04-21,KT PASS,PUSH,소재 A,49730,40,0,414000,A_pasB401,
2026-04-21,KT PASS,하단배너,소재 A,539,5,0,13000,A_pasB402,
2026-04-21,T멤버십,PUSH,소재 B,0,2565,200000,1250000,A_sktB411,(광고) ‘그때 할 걸’ 후회NO! 4세대 실비 곧 단종!
2026-04-21,T멤버십,미션탭,소재 B,166687,115,0,166000,A_sktB409,
2026-04-21,가스락,내 정보 배너,소재 A,88363,20,0,35000,A_gasB408,
2026-04-21,가스락,서브 참여형 리스트 배너,소재 A,6605,33,0,56000,A_gasB455,
2026-04-21,가스락,서브 텍스트 배너,소재 A,26430,228,0,86000,A_gas403,
2026-04-21,가스락,홈 참여형 리스트 배너,소재 A,494416,136,0,82000,A_gasB402,
2026-04-21,가스락,홈 토스트 배너,소재 A,30366,438,0,99000,A_gasB401,
2026-04-21,카카오페이,TMS,소재 B,63790,795,100979,5007000,A_kpaB422,기본 텍스트형_발송당일
2026-04-21,카카오페이,혜택A,소재 B,856583,279051,0,1404000,A_kpaB411,"4세대 실비\n80% 보장, 마지막!"
2026-04-22,KT PASS,PUSH,소재 A,48567,31,0,404000,A_pasB401,
2026-04-22,KT PASS,하단배너,소재 A,538,7,0,13000,A_pasB402,
2026-04-22,T멤버십,PUSH,소재 B,0,2577,200000,1250000,A_sktB411,(광고) ‘그때 할 걸’ 후회NO! 4세대 실비 곧 단종!
2026-04-22,T멤버십,미션탭,소재 B,166670,138,0,166000,A_sktB409,
2026-04-22,가스락,내 정보 배너,소재 A,76024,20,0,30000,A_gasB408,
2026-04-22,가스락,서브 참여형 리스트 배너,소재 A,5243,23,0,45000,A_gasB455,
2026-04-22,가스락,서브 텍스트 배너,소재 A,19585,195,0,63000,A_gas403,
2026-04-22,가스락,홈 참여형 리스트 배너,소재 A,432990,133,0,72000,A_gasB402,
2026-04-22,가스락,홈 토스트 배너,소재 A,21040,424,0,69000,A_gasB401,
2026-04-22,카카오페이,혜택A,소재 B,850064,278575,0,1393000,A_kpaB411,"4세대 실비\n80% 보장, 마지막!"
2026-04-23,KT PASS,PUSH,소재 A,48682,24,0,405000,A_pasB401,
2026-04-23,KT PASS,하단배너,소재 A,630,12,0,15000,A_pasB402,
2026-04-23,T멤버십,PUSH,소재 B,0,2552,200000,1250000,A_sktB411,(광고) ‘그때 할 걸’ 후회NO! 4세대 실비 곧 단종!
2026-04-23,T멤버십,미션탭,소재 B,166605,140,0,166000,A_sktB409,
2026-04-23,가스락,내 정보 배너,소재 A,68569,17,0,27000,A_gasB408,
2026-04-23,가스락,서브 참여형 리스트 배너,소재 A,5036,20,0,43000,A_gasB455,
2026-04-23,가스락,서브 텍스트 배너,소재 A,14702,164,0,48000,A_gas403,
2026-04-23,가스락,홈 참여형 리스트 배너,소재 A,429177,132,0,71000,A_gasB402,
2026-04-23,가스락,홈 토스트 배너,소재 A,19430,338,0,63000,A_gasB401,
2026-04-23,카카오페이,혜택A,소재 B,832325,275314,0,1364000,A_kpaB411,"4세대 실비\n80% 보장, 마지막!"
2026-04-24,KT PASS,PUSH,소재 A,47838,23,0,398000,A_pasB401,
2026-04-24,KT PASS,하단배너,소재 A,618,7,0,15000,A_pasB402,
2026-04-24,T멤버십,PUSH,소재 B,0,3535,300000,1875000,A_sktB411,(광고) ‘그때 할 걸’ 후회NO! 4세대 실비 곧 단종!
2026-04-24,T멤버십,미션탭,소재 B,166612,131,0,166000,A_sktB409,
2026-04-24,가스락,내 정보 배너,소재 A,82057,16,0,33000,A_gasB408,
2026-04-24,가스락,서브 참여형 리스트 배너,소재 A,4993,15,0,42000,A_gasB455,
2026-04-24,가스락,서브 텍스트 배너,소재 A,20844,173,0,68000,A_gas403,
2026-04-24,가스락,홈 참여형 리스트 배너,소재 A,466863,124,0,78000,A_gasB402,
2026-04-24,가스락,홈 토스트 배너,소재 A,28601,413,0,93000,A_gasB401,
2026-04-24,카카오페이,혜택A,소재 B,848301,273217,0,1390000,A_kpaB411,"4세대 실비\n80% 보장, 마지막!"
2026-04-25,KT PASS,PUSH,소재 A,15222,12,0,127000,A_pasB401,
2026-04-25,KT PASS,하단배너,소재 A,283,5,0,7000,A_pasB402,
2026-04-25,T멤버십,PUSH,소재 B,0,0,0,0,A_sktB411,(광고) ‘그때 할 걸’ 후회NO! 4세대 실비 곧 단종!
2026-04-25,T멤버십,미션탭,소재 B,166590,130,0,166000,A_sktB409,
2026-04-25,가스락,내 정보 배너,소재 A,54366,11,0,22000,A_gasB408,
2026-04-25,가스락,서브 참여형 리스트 배너,소재 A,4698,15,0,40000,A_gasB455,
2026-04-25,가스락,서브 텍스트 배너,소재 A,16164,159,0,52000,A_gas403,
2026-04-25,가스락,홈 참여형 리스트 배너,소재 A,413166,98,0,69000,A_gasB402,
2026-04-25,가스락,홈 토스트 배너,소재 A,22181,311,0,72000,A_gasB401,
2026-04-25,카카오페이,혜택A,소재 B,804751,270823,0,1319000,A_kpaB411,"4세대 실비\n80% 보장, 마지막!"
2026-04-26,KT PASS,PUSH,소재 A,11944,15,0,99000,A_pasB401,
2026-04-26,KT PASS,하단배너,소재 A,276,4,0,6000,A_pasB402,
2026-04-26,T멤버십,PUSH,소재 B,0,0,0,0,A_sktB411,(광고) ‘그때 할 걸’ 후회NO! 4세대 실비 곧 단종!
2026-04-26,T멤버십,미션탭,소재 B,166643,100,0,166000,A_sktB409,
2026-04-26,가스락,내 정보 배너,소재 A,52906,11,0,21000,A_gasB408,
2026-04-26,가스락,서브 참여형 리스트 배너,소재 A,4859,22,0,41000,A_gasB455,
2026-04-26,가스락,서브 텍스트 배너,소재 A,26257,306,0,85000,A_gas403,
2026-04-26,가스락,홈 참여형 리스트 배너,소재 A,418007,104,0,69000,A_gasB402,
2026-04-26,가스락,홈 토스트 배너,소재 A,20328,358,0,66000,A_gasB401,
2026-04-26,카카오페이,혜택A,소재 B,807477,275378,0,1322000,A_kpaB411,"4세대 실비\n80% 보장, 마지막!"
2026-04-27,KT PASS,PUSH,소재 A,54318,40,0,452000,A_pasB401,
2026-04-27,KT PASS,하단배너,소재 A,721,10,0,17000,A_pasB402,
2026-04-27,T멤버십,PUSH,소재 B,0,0,0,0,A_sktB411,(광고) ‘그때 할 걸’ 후회NO! 4세대 실비 곧 단종!
2026-04-27,T멤버십,미션탭,소재 B,166632,108,0,167000,A_sktB409,
2026-04-27,가스락,내 정보 배너,소재 A,89403,21,0,36000,A_gasB408,
2026-04-27,가스락,서브 참여형 리스트 배너,소재 A,5643,20,0,48000,A_gasB455,
2026-04-27,가스락,서브 텍스트 배너,소재 A,25522,276,0,83000,A_gas403,
2026-04-27,가스락,홈 참여형 리스트 배너,소재 A,471115,134,0,78000,A_gasB402,
2026-04-27,가스락,홈 토스트 배너,소재 A,39603,706,0,129000,A_gasB401,
2026-04-28,KT PASS,PUSH,소재 A,57586,33,0,479000,A_pasB401,
2026-04-28,KT PASS,하단배너,소재 A,535,6,0,12000,A_pasB402,
2026-04-28,T멤버십,PUSH,소재 B,0,3491,300000,1875000,A_sktB411,(광고) ‘그때 할 걸’ 후회NO! 4세대 실비 곧 단종!
2026-04-28,T멤버십,미션탭,소재 B,166586,117,0,166000,A_sktB409,
2026-04-28,가스락,내 정보 배너,소재 A,79882,19,0,32000,A_gasB408,
2026-04-28,가스락,서브 참여형 리스트 배너,소재 A,5330,13,0,45000,A_gasB455,
2026-04-28,가스락,서브 텍스트 배너,소재 A,25678,246,0,83000,A_gas403,
2026-04-28,가스락,홈 참여형 리스트 배너,소재 A,456100,107,0,76000,A_gasB402,
2026-04-28,가스락,홈 토스트 배너,소재 A,39770,727,0,130000,A_gasB401,
2026-04-28,카카오페이,TMS,소재 C,62912,1203,100990,5007000,A_kpaB409,기본 텍스트형_발송당일
2026-04-28,카카오페이,TMS,미확인,,,,,A_kpaB020,
2026-04-29,KT PASS,PUSH,소재 A,60202,36,0,502000,A_pasB401,
2026-04-29,KT PASS,하단배너,소재 A,591,12,0,13000,A_pasB402,
2026-04-29,T멤버십,PUSH,소재 B,0,3610,300000,1875000,A_sktB411,(광고) ‘그때 할 걸’ 후회NO! 4세대 실비 곧 단종!
2026-04-29,T멤버십,미션탭,소재 B,166609,108,0,166000,A_sktB409,
2026-04-29,가스락,내 정보 배너,소재 A,102811,28,0,41000,A_gasB408,
2026-04-29,가스락,서브 참여형 리스트 배너,소재 A,5370,31,0,46000,A_gasB455,
2026-04-29,가스락,서브 텍스트 배너,소재 A,46717,349,0,152000,A_gas403,
2026-04-29,가스락,홈 참여형 리스트 배너,소재 A,613675,143,0,102000,A_gasB402,
2026-04-29,가스락,홈 토스트 배너,소재 A,69157,844,0,227000,A_gasB401,
2026-04-30,KT PASS,PUSH,소재 A,68187,41,0,569000,A_pasB401,
2026-04-30,KT PASS,하단배너,소재 A,454,11,0,10000,A_pasB402,
2026-04-30,T멤버십,PUSH,소재 B,0,3310,300000,1875000,A_sktB411,(광고) ‘그때 할 걸’ 후회NO! 4세대 실비 곧 단종!
2026-04-30,T멤버십,미션탭,소재 B,166972,118,0,166000,A_sktB409,
2026-04-30,가스락,내 정보 배너,소재 A,99172,26,0,40000,A_gasB408,
2026-04-30,가스락,서브 참여형 리스트 배너,소재 A,5137,30,0,44000,A_gasB455,
2026-04-30,가스락,서브 텍스트 배너,소재 A,38363,272,0,125000,A_gas403,
2026-04-30,가스락,홈 참여형 리스트 배너,소재 A,520892,119,0,87000,A_gasB402,
2026-04-30,가스락,홈 토스트 배너,소재 A,55188,809,0,181000,A_gasB401,
2026-05-01,KT PASS,PUSH,소재 A,28660,26,0,259000,A_pasB501,
2026-05-01,KT PASS,하단배너,소재 A,272,8,0,16000,A_pasB502,
2026-05-01,T멤버십,PUSH,소재 A,0,0,0,0,A_sktB501,
2026-05-01,T멤버십,PUSH,미확인,,,,,A_sktB411,
2026-05-01,T멤버십,미션탭,소재 A,170560,142,0,171000,A_sktB502,
2026-05-01,가스락,내 정보 배너,소재 A,0,0,0,0,A_gasB508,
2026-05-01,가스락,서브 참여형 리스트 배너,소재 A,2502,10,0,22000,A_gasB505,
2026-05-01,가스락,서브 텍스트 배너,소재 A,25223,340,0,80000,A_gasB503,
2026-05-01,가스락,홈 이벤트 배너,소재 A,0,0,0,0,A_gasB509,
2026-05-01,가스락,홈 중앙 배너,소재 A,0,0,0,0,A_gasB506,
2026-05-01,가스락,홈 참여형 리스트 배너,소재 A,0,0,0,0,A_gasB502,
2026-05-01,가스락,홈 토스트 배너,소재 A,36451,422,0,134000,A_gasB501,
2026-05-01,카카오페이,TMS,미확인,,,,,A_kpaB409,기본 텍스트형_발송당일
2026-05-02,KT PASS,PUSH,소재 A,15514,11,0,140000,A_pasB501,
2026-05-02,KT PASS,하단배너,소재 A,206,4,0,12000,A_pasB502,
2026-05-02,T멤버십,PUSH,소재 A,0,0,0,0,A_sktB501,
2026-05-02,T멤버십,미션탭,소재 A,168986,143,0,169000,A_sktB502,
2026-05-02,가스락,내 정보 배너,소재 A,0,0,0,0,A_gasB508,
2026-05-02,가스락,서브 참여형 리스트 배너,소재 A,5176,18,0,46000,A_gasB505,
2026-05-02,가스락,서브 텍스트 배너,소재 A,16594,182,0,53000,A_gasB503,
2026-05-02,가스락,홈 이벤트 배너,소재 A,0,0,0,0,A_gasB509,
2026-05-02,가스락,홈 중앙 배너,소재 A,0,0,0,0,A_gasB506,
2026-05-02,가스락,홈 참여형 리스트 배너,소재 A,0,0,0,0,A_gasB502,
2026-05-02,가스락,홈 토스트 배너,소재 A,25050,283,0,92000,A_gasB501,
2026-05-03,KT PASS,PUSH,소재 A,14428,10,0,130000,A_pasB501,
2026-05-03,KT PASS,하단배너,소재 A,260,1,0,15000,A_pasB502,
2026-05-03,T멤버십,PUSH,소재 A,0,0,0,0,A_sktB501,
2026-05-03,T멤버십,미션탭,소재 A,168832,107,0,169000,A_sktB502,
2026-05-03,가스락,내 정보 배너,소재 A,0,0,0,0,A_gasB508,
2026-05-03,가스락,서브 참여형 리스트 배너,소재 A,5361,26,0,48000,A_gasB505,
2026-05-03,가스락,서브 텍스트 배너,소재 A,15944,224,0,51000,A_gasB503,
2026-05-03,가스락,홈 이벤트 배너,소재 A,0,0,0,0,A_gasB509,
2026-05-03,가스락,홈 중앙 배너,소재 A,0,0,0,0,A_gasB506,
2026-05-03,가스락,홈 참여형 리스트 배너,소재 A,0,0,0,0,A_gasB502,
2026-05-03,가스락,홈 토스트 배너,소재 A,24418,295,0,90000,A_gasB501,
2026-05-04,KT PASS,PUSH,소재 A,63127,41,0,570000,A_pasB501,
2026-05-04,KT PASS,하단배너,소재 A,379,7,0,22000,A_pasB502,
2026-05-04,T멤버십,PUSH,소재 A,0,3434,300000,1945000,A_sktB501,5세대 실비 출시! 역대급 보험료 인하 예고!!
2026-05-04,T멤버십,미션탭,소재 A,173845,128,0,174000,A_sktB502,
2026-05-04,가스락,내 정보 배너,소재 A,0,0,0,0,A_gasB508,
2026-05-04,가스락,서브 참여형 리스트 배너,소재 A,5202,15,0,47000,A_gasB505,
2026-05-04,가스락,서브 텍스트 배너,소재 A,28652,241,0,91000,A_gasB503,
2026-05-04,가스락,홈 이벤트 배너,소재 A,0,0,0,0,A_gasB509,
2026-05-04,가스락,홈 중앙 배너,소재 A,0,0,0,0,A_gasB506,
2026-05-04,가스락,홈 참여형 리스트 배너,소재 A,0,0,0,0,A_gasB502,
2026-05-04,가스락,홈 토스트 배너,소재 A,33256,329,0,122000,A_gasB501,
2026-05-04,카카오페이,혜택A,소재 A,770477,267609,0,1078000,A_kpaB501,NEW실비보험 출시!\n보험료 부담해소OK!
2026-05-05,KT PASS,PUSH,소재 A,21003,22,0,190000,A_pasB501,
2026-05-05,KT PASS,하단배너,소재 A,266,4,0,15000,A_pasB502,
2026-05-05,T멤버십,PUSH,소재 A,0,0,0,0,A_sktB501,5세대 실비 출시! 역대급 보험료 인하 예고!!
2026-05-05,T멤버십,미션탭,소재 A,168163,126,0,168000,A_sktB502,
2026-05-05,가스락,내 정보 배너,소재 A,0,0,0,0,A_gasB508,
2026-05-05,가스락,서브 참여형 리스트 배너,소재 A,5038,18,0,45000,A_gasB505,
2026-05-05,가스락,서브 텍스트 배너,소재 A,14320,170,0,45000,A_gasB503,
2026-05-05,가스락,홈 이벤트 배너,소재 A,0,0,0,0,A_gasB509,
2026-05-05,가스락,홈 중앙 배너,소재 A,0,0,0,0,A_gasB506,
2026-05-05,가스락,홈 참여형 리스트 배너,소재 A,0,0,0,0,A_gasB502,
2026-05-05,가스락,홈 토스트 배너,소재 A,21046,233,0,77000,A_gasB501,
2026-05-05,카카오페이,혜택A,소재 A,729902,269194,0,1021000,A_kpaB501,NEW실비보험 출시!\n보험료 부담해소OK!
2026-05-06,KT PASS,PUSH,소재 A,61707,41,0,557000,A_pasB501,
2026-05-06,KT PASS,하단배너,소재 A,608,2,0,35000,A_pasB502,
2026-05-06,T멤버십,PUSH,소재 A,0,3707,300000,1945000,A_sktB501,5세대 실비 출시! 역대급 보험료 인하 예고!!
2026-05-06,T멤버십,미션탭,소재 A,172466,132,0,172000,A_sktB502,
2026-05-06,가스락,내 정보 배너,소재 A,3117,2,0,5000,A_gasB508,
2026-05-06,가스락,서브 참여형 리스트 배너,소재 A,5855,29,0,52000,A_gasB505,
2026-05-06,가스락,서브 텍스트 배너,소재 A,35901,346,0,114000,A_gasB503,
2026-05-06,가스락,홈 이벤트 배너,소재 A,0,0,0,0,A_gasB509,
2026-05-06,가스락,홈 중앙 배너,소재 A,0,0,0,0,A_gasB506,
2026-05-06,가스락,홈 참여형 리스트 배너,소재 A,0,0,0,0,A_gasB502,
2026-05-06,가스락,홈 토스트 배너,소재 A,28931,353,0,107000,A_gasB501,
2026-05-06,카카오페이,혜택A,소재 A,687923,268289,0,963000,A_kpaB501,NEW실비보험 출시!\n보험료 부담해소OK!
2026-05-07,KT PASS,PUSH,소재 A,63480,48,0,573000,A_pasB501,
2026-05-07,KT PASS,하단배너,소재 A,310,3,0,18000,A_pasB502,
2026-05-07,T멤버십,PUSH,소재 A,0,3440,300000,1945000,A_sktB501,5세대 실비 출시! 역대급 보험료 인하 예고!!
2026-05-07,T멤버십,미션탭,소재 A,171314,118,0,171000,A_sktB502,
2026-05-07,가스락,내 정보 배너,소재 A,25897,8,0,43000,A_gasB508,
2026-05-07,가스락,서브 참여형 리스트 배너,소재 A,5249,17,0,47000,A_gasB505,
2026-05-07,가스락,서브 텍스트 배너,소재 A,34164,306,0,108000,A_gasB503,
2026-05-07,가스락,홈 이벤트 배너,소재 A,0,0,0,0,A_gasB509,
2026-05-07,가스락,홈 중앙 배너,소재 A,0,0,0,0,A_gasB506,
2026-05-07,가스락,홈 참여형 리스트 배너,소재 A,0,0,0,0,A_gasB502,
2026-05-07,가스락,홈 토스트 배너,소재 A,31060,304,0,114000,A_gasB501,
2026-05-07,카카오페이,TMS,소재 A,91976,1505,149971,8751000,A_kpaB502,기본 텍스트형_발송당일
2026-05-07,카카오페이,혜택A,소재 A,682701,269026,0,955000,A_kpaB501,NEW실비보험 출시!\n보험료 부담해소OK!
2026-05-08,KT PASS,PUSH,소재 A,59710,52,0,539000,A_pasB501,
2026-05-08,KT PASS,하단배너,소재 A,337,5,0,19000,A_pasB502,
2026-05-08,T멤버십,PUSH,소재 A,0,3679,300000,1945000,A_sktB501,5세대 실비 출시! 역대급 보험료 인하 예고!!
2026-05-08,T멤버십,미션탭,소재 A,160486,105,0,160000,A_sktB502,
2026-05-08,가스락,내 정보 배너,소재 A,29011,11,0,48000,A_gasB508,
2026-05-08,가스락,서브 참여형 리스트 배너,소재 A,5073,26,0,45000,A_gasB505,
2026-05-08,가스락,서브 텍스트 배너,소재 A,47916,338,0,152000,A_gasB503,
2026-05-08,가스락,홈 이벤트 배너,소재 A,0,0,0,0,A_gasB509,
2026-05-08,가스락,홈 중앙 배너,소재 A,0,0,0,0,A_gasB506,
2026-05-08,가스락,홈 참여형 리스트 배너,소재 A,0,0,0,0,A_gasB502,
2026-05-08,가스락,홈 토스트 배너,소재 A,46038,373,0,169000,A_gasB501,
2026-05-08,카카오페이,혜택A,소재 A,780498,265480,0,1092000,A_kpaB501,NEW실비보험 출시!\n보험료 부담해소OK!
2026-05-09,KT PASS,PUSH,소재 A,18336,23,0,166000,A_pasB501,
2026-05-09,KT PASS,하단배너,소재 A,194,2,0,11000,A_pasB502,
2026-05-09,T멤버십,PUSH,소재 A,0,0,0,0,A_sktB501,5세대 실비 출시! 역대급 보험료 인하 예고!!
2026-05-09,T멤버십,미션탭,소재 A,160505,99,0,161000,A_sktB502,
2026-05-09,가스락,내 정보 배너,소재 A,14682,2,0,24000,A_gasB508,
2026-05-09,가스락,서브 참여형 리스트 배너,소재 A,4645,16,0,42000,A_gasB505,
2026-05-09,가스락,서브 텍스트 배너,소재 A,16983,134,0,54000,A_gasB503,
2026-05-09,가스락,홈 이벤트 배너,소재 A,0,0,0,0,A_gasB509,
2026-05-09,가스락,홈 중앙 배너,소재 A,0,0,0,0,A_gasB506,
2026-05-09,가스락,홈 참여형 리스트 배너,소재 A,0,0,0,0,A_gasB502,
2026-05-09,가스락,홈 토스트 배너,소재 A,20993,232,0,77000,A_gasB501,
2026-05-09,카카오페이,혜택A,소재 A,734319,265974,0,1028000,A_kpaB501,NEW실비보험 출시!\n보험료 부담해소OK!
2026-05-10,KT PASS,PUSH,소재 A,13565,13,0,123000,A_pasB501,
2026-05-10,KT PASS,하단배너,소재 A,181,0,0,10000,A_pasB502,
2026-05-10,T멤버십,PUSH,소재 A,0,0,0,0,A_sktB501,5세대 실비 출시! 역대급 보험료 인하 예고!!
2026-05-10,T멤버십,미션탭,소재 A,160412,107,0,160000,A_sktB502,
2026-05-10,가스락,내 정보 배너,소재 A,15795,2,0,26000,A_gasB508,
2026-05-10,가스락,서브 참여형 리스트 배너,소재 A,4912,30,0,44000,A_gasB505,
2026-05-10,가스락,서브 텍스트 배너,소재 A,19403,188,0,62000,A_gasB503,
2026-05-10,가스락,홈 이벤트 배너,소재 A,0,0,0,0,A_gasB509,
2026-05-10,가스락,홈 중앙 배너,소재 A,0,0,0,0,A_gasB506,
2026-05-10,가스락,홈 참여형 리스트 배너,소재 A,0,0,0,0,A_gasB502,
2026-05-10,가스락,홈 토스트 배너,소재 A,24275,269,0,89000,A_gasB501,
2026-05-10,카카오페이,혜택A,소재 A,759599,272489,0,1063000,A_kpaB501,NEW실비보험 출시!\n보험료 부담해소OK!
2026-05-11,KT PASS,PUSH,소재 A,54469,42,0,492000,A_pasB501,
2026-05-11,KT PASS,하단배너,소재 A,304,6,0,18000,A_pasB502,
2026-05-11,T멤버십,PUSH,소재 A,0,3352,300000,1945000,A_sktB501,5세대 실비 출시! 역대급 보험료 인하 예고!!
2026-05-11,T멤버십,미션탭,소재 A,159482,106,0,159000,A_sktB502,
2026-05-11,가스락,내 정보 배너,소재 A,28558,6,0,47000,A_gasB508,
2026-05-11,가스락,서브 참여형 리스트 배너,소재 A,5188,20,0,46000,A_gasB505,
2026-05-11,가스락,서브 텍스트 배너,소재 A,23587,208,0,75000,A_gasB503,
2026-05-11,가스락,홈 이벤트 배너,소재 A,0,0,0,0,A_gasB509,
2026-05-11,가스락,홈 중앙 배너,소재 A,0,0,0,0,A_gasB506,
2026-05-11,가스락,홈 참여형 리스트 배너,소재 A,0,0,0,0,A_gasB502,
2026-05-11,가스락,홈 토스트 배너,소재 A,28794,312,0,106000,A_gasB501,
2026-05-11,카카오페이,TMS,소재 A,92705,947,149976,8751000,A_kpaB502,기본 텍스트형_발송당일
2026-05-11,카카오페이,혜택A,소재 A,908323,275913,0,1271000,A_kpaB501,NEW실비보험 출시!\n보험료 부담해소OK!
2026-05-12,KT PASS,PUSH,소재 A,54751,33,0,495000,A_pasB501,
2026-05-12,KT PASS,하단배너,소재 A,536,7,0,31000,A_pasB502,
2026-05-12,T멤버십,PUSH,소재 A,0,3272,300000,1945000,A_sktB501,5세대 실비 출시! 역대급 보험료 인하 예고!!
2026-05-12,T멤버십,미션탭,소재 A,159430,101,0,159000,A_sktB502,
2026-05-12,가스락,내 정보 배너,소재 A,28363,6,0,47000,A_gasB508,
2026-05-12,가스락,서브 참여형 리스트 배너,소재 A,4981,15,0,45000,A_gasB505,
2026-05-12,가스락,서브 텍스트 배너,소재 A,36281,317,0,115000,A_gasB503,
2026-05-12,가스락,홈 이벤트 배너,소재 A,0,0,0,0,A_gasB509,
2026-05-12,가스락,홈 중앙 배너,소재 A,0,0,0,0,A_gasB506,
2026-05-12,가스락,홈 참여형 리스트 배너,소재 A,185891,110,0,49000,A_gasB502,
2026-05-12,가스락,홈 토스트 배너,소재 A,35998,335,0,133000,A_gasB501,
2026-05-12,카카오페이,혜택A,소재 A,868766,272914,0,1216000,A_kpaB501,NEW실비보험 출시!\n보험료 부담해소OK!
2026-05-13,KT PASS,PUSH,소재 A,52174,34,0,471000,A_pasB501,
2026-05-13,KT PASS,하단배너,소재 A,301,3,0,17000,A_pasB502,
2026-05-13,T멤버십,PUSH,소재 A,0,3401,300000,1945000,A_sktB501,5세대 실비 출시! 역대급 보험료 인하 예고!!
2026-05-13,T멤버십,미션탭,소재 A,158961,145,0,159000,A_sktB502,
2026-05-13,가스락,내 정보 배너,소재 A,22757,10,0,38000,A_gasB508,
2026-05-13,가스락,서브 참여형 리스트 배너,소재 A,5079,15,0,45000,A_gasB505,
2026-05-13,가스락,서브 텍스트 배너,소재 A,20894,204,0,66000,A_gasB503,
2026-05-13,가스락,홈 이벤트 배너,소재 A,0,0,0,0,A_gasB509,
2026-05-13,가스락,홈 중앙 배너,소재 A,0,0,0,0,A_gasB506,
2026-05-13,가스락,홈 참여형 리스트 배너,소재 A,350243,169,0,93000,A_gasB502,
2026-05-13,가스락,홈 토스트 배너,소재 A,26168,273,0,96000,A_gasB501,
2026-05-13,카카오페이,TMS,소재 B,91931,1397,149990,8752000,A_kpaB522,기본 텍스트형_발송당일
2026-05-13,카카오페이,혜택A,소재 A,930895,273217,0,1303000,A_kpaB501,NEW실비보험 출시!\n보험료 부담해소OK!
2026-05-14,KT PASS,PUSH,소재 A,50735,45,0,458000,A_pasB501,
2026-05-14,KT PASS,하단배너,소재 A,252,4,0,15000,A_pasB502,
2026-05-14,T멤버십,PUSH,소재 A,0,3175,300000,1945000,A_sktB501,5세대 실비 출시! 역대급 보험료 인하 예고!!
2026-05-14,T멤버십,미션탭,소재 A,158978,126,0,159000,A_sktB502,
2026-05-14,가스락,내 정보 배너,소재 A,21492,2,0,36000,A_gasB508,
2026-05-14,가스락,서브 참여형 리스트 배너,소재 A,4688,19,0,42000,A_gasB505,
2026-05-14,가스락,서브 텍스트 배너,소재 A,28375,203,0,90000,A_gasB503,
2026-05-14,가스락,홈 이벤트 배너,소재 A,0,0,0,0,A_gasB509,
2026-05-14,가스락,홈 중앙 배너,소재 A,0,0,0,0,A_gasB506,
2026-05-14,가스락,홈 참여형 리스트 배너,소재 A,372342,172,0,99000,A_gasB502,
2026-05-14,가스락,홈 토스트 배너,소재 A,33470,299,0,123000,A_gasB501,
2026-05-14,카카오페이,혜택A,소재 A,877411,273217,0,1228000,A_kpaB501,NEW실비보험 출시!\n보험료 부담해소OK!
2026-05-15,KT PASS,PUSH,소재 A,52005,41,0,470000,A_pasB501,
2026-05-15,KT PASS,하단배너,소재 A,308,6,0,18000,A_pasB502,
2026-05-15,T멤버십,PUSH,소재 A,0,3199,300000,1944000,A_sktB501,5세대 실비 출시! 역대급 보험료 인하 예고!!
2026-05-15,T멤버십,미션탭,소재 A,158967,106,0,159000,A_sktB502,
2026-05-15,가스락,내 정보 배너,소재 A,21984,9,0,37000,A_gasB508,
2026-05-15,가스락,서브 참여형 리스트 배너,소재 A,5125,15,0,46000,A_gasB505,
2026-05-15,가스락,서브 텍스트 배너,소재 A,23262,215,0,74000,A_gasB503,
2026-05-15,가스락,홈 이벤트 배너,소재 A,0,0,0,0,A_gasB509,
2026-05-15,가스락,홈 중앙 배너,소재 A,0,0,0,0,A_gasB506,
2026-05-15,가스락,홈 참여형 리스트 배너,소재 A,372189,174,0,99000,A_gasB502,
2026-05-15,가스락,홈 토스트 배너,소재 A,29259,336,0,108000,A_gasB501,
2026-05-15,카카오페이,TMS,소재 B,88995,1376,149945,8749000,A_kpaB522,기본 텍스트형_발송당일
2026-05-15,카카오페이,혜택A,소재 A,800439,259955,0,1120000,A_kpaB501,NEW실비보험 출시!\n보험료 부담해소OK!
2026-05-16,KT PASS,PUSH,소재 A,16694,19,0,151000,A_pasB501,
2026-05-16,KT PASS,하단배너,소재 A,147,3,0,8000,A_pasB502,
2026-05-16,T멤버십,PUSH,소재 A,0,0,0,0,A_sktB501,5세대 실비 출시! 역대급 보험료 인하 예고!!
2026-05-16,T멤버십,미션탭,소재 A,158972,98,0,159000,A_sktB502,
2026-05-16,가스락,내 정보 배너,소재 A,18024,13,0,30000,A_gasB508,
2026-05-16,가스락,서브 참여형 리스트 배너,소재 A,4534,22,0,41000,A_gasB505,
2026-05-16,가스락,서브 텍스트 배너,소재 A,38843,351,0,123000,A_gasB503,
2026-05-16,가스락,홈 이벤트 배너,소재 A,0,0,0,0,A_gasB509,
2026-05-16,가스락,홈 중앙 배너,소재 A,0,0,0,0,A_gasB506,
2026-05-16,가스락,홈 참여형 리스트 배너,소재 A,420724,214,0,112000,A_gasB502,
2026-05-16,가스락,홈 토스트 배너,소재 A,31269,349,0,115000,A_gasB501,
2026-05-16,카카오페이,혜택A,소재 A,774907,258554,0,1084000,A_kpaB501,NEW실비보험 출시!\n보험료 부담해소OK!
2026-05-17,KT PASS,PUSH,소재 A,12098,15,0,109000,A_pasB501,
2026-05-17,KT PASS,하단배너,소재 A,154,1,0,9000,A_pasB502,
2026-05-17,T멤버십,PUSH,소재 A,0,0,0,0,A_sktB501,5세대 실비 출시! 역대급 보험료 인하 예고!!
2026-05-17,T멤버십,미션탭,소재 A,158965,97,0,159000,A_sktB502,
2026-05-17,가스락,내 정보 배너,소재 A,13044,3,0,22000,A_gasB508,
2026-05-17,가스락,서브 참여형 리스트 배너,소재 A,4296,12,0,38000,A_gasB505,
2026-05-17,가스락,서브 텍스트 배너,소재 A,22252,228,0,71000,A_gasB503,
2026-05-17,가스락,홈 이벤트 배너,소재 A,0,0,0,0,A_gasB509,
2026-05-17,가스락,홈 중앙 배너,소재 A,0,0,0,0,A_gasB506,
2026-05-17,가스락,홈 참여형 리스트 배너,소재 A,354765,176,0,94000,A_gasB502,
2026-05-17,가스락,홈 토스트 배너,소재 A,21464,247,0,79000,A_gasB501,
2026-05-17,카카오페이,혜택A,소재 A,854776,265499,0,1196000,A_kpaB501,NEW실비보험 출시!\n보험료 부담해소OK!
2026-05-18,KT PASS,PUSH,소재 A,22867,16,0,207000,A_pasB501,
2026-05-18,KT PASS,하단배너,소재 A,198,3,0,11000,A_pasB502,
2026-05-18,T멤버십,PUSH,소재 A,0,3078,300000,1944000,A_sktB501,5세대 실비 출시! 역대급 보험료 인하 예고!!
2026-05-18,T멤버십,미션탭,소재 A,158702,95,0,159000,A_sktB502,
2026-05-18,가스락,내 정보 배너,소재 A,26814,5,0,45000,A_gasB508,
2026-05-18,가스락,서브 참여형 리스트 배너,소재 A,5829,15,0,52000,A_gasB505,
2026-05-18,가스락,서브 텍스트 배너,소재 A,38354,342,0,122000,A_gasB503,
2026-05-18,가스락,홈 이벤트 배너,소재 A,0,0,0,0,A_gasB509,
2026-05-18,가스락,홈 중앙 배너,소재 A,0,0,0,0,A_gasB506,
2026-05-18,가스락,홈 참여형 리스트 배너,소재 A,565881,283,0,150000,A_gasB502,
2026-05-18,가스락,홈 토스트 배너,소재 A,40884,464,0,151000,A_gasB501,
2026-05-18,카카오페이,혜택A,소재 B,743903,264937,0,1041000,A_kpaB511,월 납 보험료 줄이고\n유지·부담 낮춘 실비
2026-05-19,KT PASS,PUSH,소재 A,43629,37,0,394000,A_pasB501,
2026-05-19,KT PASS,하단배너,소재 A,266,3,0,15000,A_pasB502,
2026-05-19,T멤버십,PUSH,소재 A,0,3036,300000,1944000,A_sktB501,5세대 실비 출시! 역대급 보험료 인하 예고!!
2026-05-19,T멤버십,미션탭,소재 A,158685,102,0,159000,A_sktB502,
2026-05-19,가스락,내 정보 배너,소재 A,24657,5,0,41000,A_gasB508,
2026-05-19,가스락,서브 참여형 리스트 배너,소재 A,5208,20,0,47000,A_gasB505,
2026-05-19,가스락,서브 텍스트 배너,소재 A,48581,388,0,154000,A_gasB503,
2026-05-19,가스락,홈 이벤트 배너,소재 A,0,0,0,0,A_gasB509,
2026-05-19,가스락,홈 중앙 배너,소재 A,0,0,0,0,A_gasB506,
2026-05-19,가스락,홈 참여형 리스트 배너,소재 A,614765,257,0,163000,A_gasB502,
2026-05-19,가스락,홈 토스트 배너,소재 A,47592,418,0,175000,A_gasB501,
2026-05-19,카카오페이,TMS,소재 C,88209,993,149964,8750000,A_kpaB523,기본 텍스트형_발송당일
2026-05-19,카카오페이,혜택A,소재 B,724245,262902,0,1013000,A_kpaB511,월 납 보험료 줄이고\n유지·부담 낮춘 실비
2026-05-20,KT PASS,PUSH,소재 A,50108,39,0,453000,A_pasB501,
2026-05-20,KT PASS,하단배너,소재 A,274,4,0,16000,A_pasB502,
2026-05-20,T멤버십,PUSH,소재 A,0,3284,300000,1944000,A_sktB501,5세대 실비 출시! 역대급 보험료 인하 예고!!
2026-05-20,T멤버십,미션탭,소재 A,158685,102,0,159000,A_sktB502,
2026-05-20,가스락,내 정보 배너,소재 A,27776,6,0,46000,A_gasB508,
2026-05-20,가스락,서브 참여형 리스트 배너,소재 A,5761,20,0,52000,A_gasB505,
2026-05-20,가스락,서브 텍스트 배너,소재 A,42006,339,0,133000,A_gasB503,
2026-05-20,가스락,홈 이벤트 배너,소재 A,0,0,0,0,A_gasB509,
2026-05-20,가스락,홈 중앙 배너,소재 A,0,0,0,0,A_gasB506,
2026-05-20,가스락,홈 참여형 리스트 배너,소재 A,569023,287,0,151000,A_gasB502,
2026-05-20,가스락,홈 토스트 배너,소재 A,41846,379,0,154000,A_gasB501,
2026-05-20,카카오페이,혜택A,소재 B,710163,262080,0,994000,A_kpaB511,월 납 보험료 줄이고\n유지·부담 낮춘 실비
2026-05-21,KT PASS,PUSH,소재 A,47807,43,0,432000,A_pasB501,
2026-05-21,KT PASS,하단배너,소재 A,406,4,0,23000,A_pasB502,
2026-05-21,T멤버십,PUSH,소재 A,0,3098,300000,1944000,A_sktB501,5세대 실비 출시! 역대급 보험료 인하 예고!!
2026-05-21,T멤버십,미션탭,소재 A,158693,100,0,159000,A_sktB502,
2026-05-21,가스락,내 정보 배너,소재 A,24056,6,0,40000,A_gasB508,
2026-05-21,가스락,서브 참여형 리스트 배너,소재 A,5063,23,0,45000,A_gasB505,
2026-05-21,가스락,서브 텍스트 배너,소재 A,22508,277,0,71000,A_gasB503,
2026-05-21,가스락,홈 이벤트 배너,소재 A,0,0,0,0,A_gasB509,
2026-05-21,가스락,홈 중앙 배너,소재 A,94684,60,0,0,A_gasB506,
2026-05-21,가스락,홈 참여형 리스트 배너,소재 A,435179,179,0,115000,A_gasB502,
2026-05-21,가스락,홈 토스트 배너,소재 A,24560,293,0,90000,A_gasB501,
2026-05-21,카카오페이,TMS,소재 C,88761,1301,149946,8749000,A_kpaB523,기본 텍스트형_발송당일
2026-05-21,카카오페이,혜택A,소재 B,699276,261219,0,979000,A_kpaB511,월 납 보험료 줄이고\n유지·부담 낮춘 실비
2026-05-22,KT PASS,PUSH,소재 A,47528,42,0,429000,A_pasB501,
2026-05-22,KT PASS,하단배너,소재 A,335,4,0,19000,A_pasB502,
2026-05-22,T멤버십,PUSH,소재 A,0,3320,300000,1944000,A_sktB501,5세대 실비 출시! 역대급 보험료 인하 예고!!
2026-05-22,T멤버십,미션탭,소재 A,158646,111,0,159000,A_sktB502,
2026-05-22,가스락,내 정보 배너,소재 A,22572,5,0,37000,A_gasB508,
2026-05-22,가스락,서브 참여형 리스트 배너,소재 A,4491,10,0,40000,A_gasB505,
2026-05-22,가스락,서브 텍스트 배너,소재 A,21025,165,0,67000,A_gasB503,
2026-05-22,가스락,홈 이벤트 배너,소재 A,87578,11,0,0,A_gasB509,
2026-05-22,가스락,홈 중앙 배너,소재 A,158439,104,0,0,A_gasB506,
2026-05-22,가스락,홈 참여형 리스트 배너,소재 A,416883,152,0,110000,A_gasB502,
2026-05-22,가스락,홈 토스트 배너,소재 A,24264,263,0,89000,A_gasB501,
2026-05-22,카카오페이,혜택A,소재 B,712757,255857,0,997000,A_kpaB511,월 납 보험료 줄이고\n유지·부담 낮춘 실비
2026-05-23,KT PASS,PUSH,소재 A,15523,15,0,140000,A_pasB501,
2026-05-23,KT PASS,하단배너,소재 A,135,1,0,8000,A_pasB502,
2026-05-23,T멤버십,PUSH,소재 A,0,0,0,0,A_sktB501,5세대 실비 출시! 역대급 보험료 인하 예고!!
2026-05-23,T멤버십,미션탭,소재 A,158630,103,0,159000,A_sktB502,
2026-05-23,가스락,내 정보 배너,소재 A,12785,4,0,21000,A_gasB508,
2026-05-23,가스락,서브 참여형 리스트 배너,소재 A,4263,13,0,38000,A_gasB505,
2026-05-23,가스락,서브 텍스트 배너,소재 A,12550,112,0,40000,A_gasB503,
2026-05-23,가스락,홈 이벤트 배너,소재 A,152396,17,0,0,A_gasB509,
2026-05-23,가스락,홈 중앙 배너,소재 A,136394,73,0,0,A_gasB506,
2026-05-23,가스락,홈 참여형 리스트 배너,소재 A,336930,132,0,89000,A_gasB502,
2026-05-23,가스락,홈 토스트 배너,소재 A,16196,230,0,60000,A_gasB501,
2026-05-23,카카오페이,혜택A,소재 C,632056,255408,0,884000,A_kpaB512,실비 보험료 부담\n줄이고 싶다면?
2026-05-24,KT PASS,PUSH,소재 A,11085,11,0,100000,A_pasB501,
2026-05-24,KT PASS,하단배너,소재 A,125,3,0,7000,A_pasB502,
2026-05-24,T멤버십,PUSH,소재 A,0,0,0,0,A_sktB501,5세대 실비 출시! 역대급 보험료 인하 예고!!
2026-05-24,T멤버십,미션탭,소재 A,158654,86,0,159000,A_sktB502,
2026-05-24,가스락,내 정보 배너,소재 A,11647,3,0,19000,A_gasB508,
2026-05-24,가스락,서브 참여형 리스트 배너,소재 A,4317,24,0,39000,A_gasB505,
2026-05-24,가스락,서브 텍스트 배너,소재 A,11307,115,0,36000,A_gasB503,
2026-05-24,가스락,홈 이벤트 배너,소재 A,147925,17,0,0,A_gasB509,
2026-05-24,가스락,홈 중앙 배너,소재 A,126020,73,0,0,A_gasB506,
2026-05-24,가스락,홈 참여형 리스트 배너,소재 A,325134,110,0,86000,A_gasB502,
2026-05-24,가스락,홈 토스트 배너,소재 A,15137,183,0,56000,A_gasB501,
2026-05-24,카카오페이,혜택A,소재 C,643888,258116,0,901000,A_kpaB512,실비 보험료 부담\n줄이고 싶다면?
2026-05-25,KT PASS,PUSH,소재 A,13600,20,0,123000,A_pasB501,
2026-05-25,KT PASS,하단배너,소재 A,194,3,0,11000,A_pasB502,
2026-05-25,T멤버십,PUSH,소재 A,0,0,0,0,A_sktB501,5세대 실비 출시! 역대급 보험료 인하 예고!!
2026-05-25,T멤버십,미션탭,소재 A,158659,101,0,159000,A_sktB502,
2026-05-25,가스락,내 정보 배너,소재 A,14961,7,0,25000,A_gasB508,
2026-05-25,가스락,서브 참여형 리스트 배너,소재 A,4377,16,0,39000,A_gasB505,
2026-05-25,가스락,서브 텍스트 배너,소재 A,15603,157,0,50000,A_gasB503,
2026-05-25,가스락,홈 이벤트 배너,소재 A,166640,16,0,0,A_gasB509,
2026-05-25,가스락,홈 중앙 배너,소재 A,155436,78,0,0,A_gasB506,
2026-05-25,가스락,홈 참여형 리스트 배너,소재 A,416884,164,0,110000,A_gasB502,
2026-05-25,가스락,홈 토스트 배너,소재 A,28017,351,0,103000,A_gasB501,
2026-05-25,카카오페이,혜택A,소재 C,861182,268816,0,1205000,A_kpaB512,실비 보험료 부담\n줄이고 싶다면?
2026-05-26,KT PASS,PUSH,소재 A,52643,31,0,476000,A_pasB501,
2026-05-26,KT PASS,하단배너,소재 A,214,2,0,12000,A_pasB502,
2026-05-26,T멤버십,PUSH,소재 B,0,3349,300000,1944000,A_sktB511,"(광고) 5세대 실비 출시 기념, 역대급 혜택 오픈!"
2026-05-26,T멤버십,미션탭,소재 A,158642,122,0,159000,A_sktB502,
2026-05-26,가스락,내 정보 배너,소재 A,25457,7,0,42000,A_gasB508,
2026-05-26,가스락,서브 참여형 리스트 배너,소재 A,4970,10,0,44000,A_gasB505,
2026-05-26,가스락,서브 텍스트 배너,소재 A,38609,293,0,123000,A_gasB503,
2026-05-26,가스락,홈 이벤트 배너,소재 A,191239,20,0,0,A_gasB509,
2026-05-26,가스락,홈 중앙 배너,소재 A,176971,87,0,0,A_gasB506,
2026-05-26,가스락,홈 참여형 리스트 배너,소재 A,476727,175,0,126000,A_gasB502,
2026-05-26,가스락,홈 토스트 배너,소재 A,35680,434,0,131000,A_gasB501,
2026-05-26,카카오페이,TMS,소재 D,86876,1303,149936,8748000,A_kpaB524,기본 텍스트형_발송당일
2026-05-26,카카오페이,혜택A,소재 C,776511,265381,0,1087000,A_kpaB512,실비 보험료 부담\n줄이고 싶다면?
2026-05-27,KT PASS,PUSH,소재 A,55675,30,0,503000,A_pasB501,
2026-05-27,KT PASS,하단배너,소재 A,264,6,0,15000,A_pasB502,
2026-05-27,T멤버십,PUSH,소재 B,0,3456,300000,1944000,A_sktB511,"(광고) 5세대 실비 출시 기념, 역대급 혜택 오픈!"
2026-05-27,T멤버십,미션탭,소재 A,157169,89,0,157000,A_sktB502,
2026-05-27,가스락,내 정보 배너,소재 A,23599,11,0,39000,A_gasB508,
2026-05-27,가스락,서브 참여형 리스트 배너,소재 A,4754,20,0,43000,A_gasB505,
2026-05-27,가스락,서브 텍스트 배너,소재 A,33372,273,0,106000,A_gasB503,
2026-05-27,가스락,홈 이벤트 배너,소재 A,180711,16,0,0,A_gasB509,
2026-05-27,가스락,홈 중앙 배너,소재 A,166004,105,0,0,A_gasB506,
2026-05-27,가스락,홈 참여형 리스트 배너,소재 A,466025,181,0,124000,A_gasB502,
2026-05-27,가스락,홈 토스트 배너,소재 A,41228,482,0,152000,A_gasB501,
2026-05-27,카카오페이,혜택A,소재 C,751385,258743,0,1051000,A_kpaB512,실비 보험료 부담\n줄이고 싶다면?
2026-05-28,KT PASS,PUSH,소재 A,56101,39,0,507000,A_pasB501,
2026-05-28,KT PASS,하단배너,소재 A,437,6,0,25000,A_pasB502,
2026-05-28,T멤버십,PUSH,소재 B,0,3155,300000,1944000,A_sktB511,"(광고) 5세대 실비 출시 기념, 역대급 혜택 오픈!"
2026-05-28,T멤버십,미션탭,소재 A,156878,105,0,157000,A_sktB502,
2026-05-28,가스락,내 정보 배너,소재 A,23819,10,0,40000,A_gasB508,
2026-05-28,가스락,서브 참여형 리스트 배너,소재 A,5447,15,0,49000,A_gasB505,
2026-05-28,가스락,서브 텍스트 배너,소재 A,32090,242,0,102000,A_gasB503,
2026-05-28,가스락,홈 이벤트 배너,소재 A,176303,16,0,0,A_gasB509,
2026-05-28,가스락,홈 중앙 배너,소재 A,161824,123,0,0,A_gasB506,
2026-05-28,가스락,홈 참여형 리스트 배너,소재 A,454070,174,0,120000,A_gasB502,
2026-05-28,가스락,홈 토스트 배너,소재 A,39832,409,0,147000,A_gasB501,
2026-05-28,카카오페이,TMS,소재 D,85876,1206,149967,8750000,A_kpaB524,기본 텍스트형_발송당일
2026-05-28,카카오페이,혜택A,소재 C,755657,259575,0,1057000,A_kpaB512,실비 보험료 부담\n줄이고 싶다면?
2026-05-29,KT PASS,PUSH,소재 A,59630,27,0,539000,A_pasB501,
2026-05-29,KT PASS,하단배너,소재 A,384,4,0,22000,A_pasB502,
2026-05-29,T멤버십,PUSH,소재 B,0,3067,300000,1944000,A_sktB511,"(광고) 5세대 실비 출시 기념, 역대급 혜택 오픈!"
2026-05-29,T멤버십,미션탭,소재 A,156471,105,0,156000,A_sktB502,
2026-05-29,가스락,내 정보 배너,소재 A,27464,5,0,46000,A_gasB508,
2026-05-29,가스락,서브 참여형 리스트 배너,소재 A,4729,18,0,42000,A_gasB505,
2026-05-29,가스락,서브 텍스트 배너,소재 A,44999,318,0,143000,A_gasB503,
2026-05-29,가스락,홈 이벤트 배너,소재 A,200205,25,0,0,A_gasB509,
2026-05-29,가스락,홈 중앙 배너,소재 A,178930,95,0,0,A_gasB506,
2026-05-29,가스락,홈 참여형 리스트 배너,소재 A,529945,190,0,140000,A_gasB502,
2026-05-29,가스락,홈 토스트 배너,소재 A,53090,451,0,196000,A_gasB501,
2026-05-29,카카오페이,혜택A,소재 C,755657,259575,0,1057000,A_kpaB512,실비 보험료 부담\n줄이고 싶다면?
2026-05-30,KT PASS,PUSH,소재 A,18667,23,0,168000,A_pasB501,
2026-05-30,KT PASS,하단배너,소재 A,254,1,0,15000,A_pasB502,
2026-05-30,T멤버십,PUSH,소재 B,0,0,0,0,A_sktB511,"(광고) 5세대 실비 출시 기념, 역대급 혜택 오픈!"
2026-05-30,T멤버십,미션탭,소재 A,156442,110,0,156000,A_sktB502,
2026-05-30,가스락,내 정보 배너,소재 A,14826,7,0,25000,A_gasB508,
2026-05-30,가스락,서브 참여형 리스트 배너,소재 A,4293,17,0,38000,A_gasB505,
2026-05-30,가스락,서브 텍스트 배너,소재 A,18494,203,0,58000,A_gasB503,
2026-05-30,가스락,홈 이벤트 배너,소재 A,144794,10,0,0,A_gasB509,
2026-05-30,가스락,홈 중앙 배너,소재 A,139905,93,0,0,A_gasB506,
2026-05-30,가스락,홈 참여형 리스트 배너,소재 A,373301,185,0,99000,A_gasB502,
2026-05-30,가스락,홈 토스트 배너,소재 A,28911,354,0,107000,A_gasB501,
2026-05-30,카카오페이,혜택A,소재 C,755657,259575,0,1058000,A_kpaB512,실비 보험료 부담\n줄이고 싶다면?
2026-05-31,KT PASS,PUSH,소재 A,15131,17,0,136000,A_pasB501,
2026-05-31,KT PASS,하단배너,소재 A,184,4,0,12000,A_pasB502,
2026-05-31,T멤버십,PUSH,소재 B,0,0,0,0,A_sktB511,"(광고) 5세대 실비 출시 기념, 역대급 혜택 오픈!"
2026-05-31,T멤버십,미션탭,소재 A,156462,100,0,155000,A_sktB502,
2026-05-31,가스락,내 정보 배너,소재 A,18716,7,0,31000,A_gasB508,
2026-05-31,가스락,서브 참여형 리스트 배너,소재 A,4536,13,0,41000,A_gasB505,
2026-05-31,가스락,서브 텍스트 배너,소재 A,22576,210,0,71000,A_gasB503,
2026-05-31,가스락,홈 이벤트 배너,소재 A,171768,17,0,0,A_gasB509,
2026-05-31,가스락,홈 중앙 배너,소재 A,155909,82,0,0,A_gasB506,
2026-05-31,가스락,홈 참여형 리스트 배너,소재 A,451704,202,0,121000,A_gasB502,
2026-05-31,가스락,홈 토스트 배너,소재 A,42663,465,0,158000,A_gasB501,
2026-05-31,카카오페이,혜택A,소재 C,755657,259575,0,1058000,A_kpaB512,실비 보험료 부담\n줄이고 싶다면?
2026-06-01,KT PASS,PUSH,소재 A,64675,6,0,551000,A_pasB610,
2026-06-01,KT PASS,하단배너,소재 A,1148,5,0,18000,A_pasB620,
2026-06-01,T멤버십,PUSH,소재 A,0,3405,300000,1722000,A_sktB610,"2배 오른 실비 보험료에 ""깜짝"""
2026-06-01,T멤버십,PUSH,미확인,,,,,A_sktB511,
2026-06-01,T멤버십,미션탭,소재 A,159317,117,0,159000,A_sktB620,
2026-06-01,가스락,내 정보 배너,소재 A,21234,8,0,38000,A_gasB608,
2026-06-01,가스락,서브 참여형 리스트 배너,소재 A,3138,7,0,33000,A_gasB605,
2026-06-01,가스락,서브 텍스트 배너,소재 A,26702,350,0,96000,A_gasB630,
2026-06-01,가스락,홈 참여형 리스트 배너,소재 A,407642,269,0,107000,A_gasB620,
2026-06-01,가스락,홈 토스트 배너,소재 A,36345,474,0,119000,A_gasB610,
2026-06-01,카카오페이,TMS,미확인,,,,,A_kpaB524,
2026-06-01,카카오페이,혜택A,소재 A,760285,265592,0,1064000,A_kpaB610,실비 보험료 부담\n줄이고 싶다면?
2026-06-02,KT PASS,PUSH,소재 A,57937,9,0,494000,A_pasB610,
2026-06-02,KT PASS,하단배너,소재 A,1069,3,0,17000,A_pasB620,
2026-06-02,T멤버십,PUSH,소재 A,0,3748,300000,1722000,A_sktB610,"2배 오른 실비 보험료에 ""깜짝"""
2026-06-02,T멤버십,미션탭,소재 A,164173,110,0,164000,A_sktB620,
2026-06-02,가스락,내 정보 배너,소재 A,21865,7,0,39000,A_gasB608,
2026-06-02,가스락,서브 참여형 리스트 배너,소재 A,4581,13,0,49000,A_gasB605,
2026-06-02,가스락,서브 텍스트 배너,소재 A,27697,264,0,99000,A_gasB630,
2026-06-02,가스락,홈 참여형 리스트 배너,소재 A,397115,222,0,104000,A_gasB620,
2026-06-02,가스락,홈 토스트 배너,소재 A,31598,383,0,104000,A_gasB610,
2026-06-02,카카오페이,TMS,소재 A,78206,629,140952,7777000,A_kpaB620,기본 텍스트형_발송당일
2026-06-02,카카오페이,TMS,미확인,,,,,A_kpaB502,
2026-06-02,카카오페이,혜택A,소재 A,718350,258573,0,1005000,A_kpaB610,실비 보험료 부담\n줄이고 싶다면?
2026-06-03,KT PASS,PUSH,소재 A,19016,2,0,162000,A_pasB610,
2026-06-03,KT PASS,하단배너,소재 A,779,1,0,12000,A_pasB620,
2026-06-03,T멤버십,PUSH,소재 A,0,0,0,0,A_sktB610,"2배 오른 실비 보험료에 ""깜짝"""
2026-06-03,T멤버십,미션탭,소재 A,158353,142,0,158000,A_sktB620,
2026-06-03,가스락,내 정보 배너,소재 A,13166,4,0,23000,A_gasB608,
2026-06-03,가스락,서브 참여형 리스트 배너,소재 A,4631,16,0,49000,A_gasB605,
2026-06-03,가스락,서브 텍스트 배너,소재 A,17759,189,0,64000,A_gasB630,
2026-06-03,가스락,홈 참여형 리스트 배너,소재 A,357704,187,0,94000,A_gasB620,
2026-06-03,가스락,홈 토스트 배너,소재 A,23381,295,0,77000,A_gasB610,
2026-06-03,카카오페이,혜택A,소재 A,690129,259143,0,966000,A_kpaB610,실비 보험료 부담\n줄이고 싶다면?
2026-06-04,KT PASS,PUSH,소재 A,52423,8,0,447000,A_pasB610,
2026-06-04,KT PASS,하단배너,소재 A,1432,4,0,22000,A_pasB620,
2026-06-04,T멤버십,PUSH,소재 A,0,4048,300000,1722000,A_sktB610,"2배 오른 실비 보험료에 ""깜짝"""
2026-06-04,T멤버십,미션탭,소재 A,167083,93,0,167000,A_sktB620,
2026-06-04,가스락,내 정보 배너,소재 A,17000,4,0,30000,A_gasB608,
2026-06-04,가스락,서브 참여형 리스트 배너,소재 A,4352,19,0,46000,A_gasB605,
2026-06-04,가스락,서브 텍스트 배너,소재 A,14094,119,0,50000,A_gasB630,
2026-06-04,가스락,홈 참여형 리스트 배너,소재 A,355601,170,0,93000,A_gasB620,
2026-06-04,가스락,홈 토스트 배너,소재 A,21718,327,0,71000,A_gasB610,
2026-06-04,카카오페이,TMS,소재 A,81369,497,140967,7778000,A_kpaB620,기본 텍스트형_발송당일
2026-06-04,카카오페이,혜택A,소재 A,701203,257964,0,981000,A_kpaB610,실비 보험료 부담\n줄이고 싶다면?
2026-06-05,KT PASS,PUSH,소재 A,54746,6,0,466000,A_pasB610,
2026-06-05,KT PASS,하단배너,소재 A,1475,7,0,23000,A_pasB620,
2026-06-05,T멤버십,PUSH,소재 A,0,4042,300000,1722000,A_sktB610,"2배 오른 실비 보험료에 ""깜짝"""
2026-06-05,T멤버십,미션탭,소재 A,167613,133,0,168000,A_sktB620,
2026-06-05,가스락,내 정보 배너,소재 A,16580,2,0,29000,A_gasB608,
2026-06-05,가스락,서브 참여형 리스트 배너,소재 A,4157,13,0,44000,A_gasB605,
2026-06-05,가스락,서브 텍스트 배너,소재 A,18062,170,0,65000,A_gasB630,
2026-06-05,가스락,홈 참여형 리스트 배너,소재 A,353318,268,0,93000,A_gasB620,
2026-06-05,가스락,홈 토스트 배너,소재 A,24690,281,0,81000,A_gasB610,
2026-06-05,카카오페이,혜택A,소재 A,693955,254375,0,971000,A_kpaB610,실비 보험료 부담\n줄이고 싶다면?
2026-06-06,KT PASS,PUSH,소재 A,14825,4,0,126000,A_pasB610,
2026-06-06,KT PASS,하단배너,소재 A,603,0,0,9000,A_pasB620,
2026-06-06,T멤버십,PUSH,소재 A,0,0,0,0,A_sktB610,"2배 오른 실비 보험료에 ""깜짝"""
2026-06-06,T멤버십,미션탭,소재 A,167542,140,0,168000,A_sktB620,
2026-06-06,가스락,내 정보 배너,소재 A,9458,0,0,17000,A_gasB608,
2026-06-06,가스락,서브 참여형 리스트 배너,소재 A,3913,10,0,42000,A_gasB605,
2026-06-06,가스락,서브 텍스트 배너,소재 A,9901,103,0,35000,A_gasB630,
2026-06-06,가스락,홈 참여형 리스트 배너,소재 A,290125,176,0,76000,A_gasB620,
2026-06-06,가스락,홈 토스트 배너,소재 A,15140,234,0,50000,A_gasB610,
2026-06-06,카카오페이,혜택A,소재 A,675823,252440,0,946000,A_kpaB610,실비 보험료 부담\n줄이고 싶다면?
2026-06-07,KT PASS,PUSH,소재 A,11741,7,0,100000,A_pasB610,
2026-06-07,KT PASS,하단배너,소재 A,599,5,0,9000,A_pasB620,
2026-06-07,T멤버십,PUSH,소재 A,0,0,0,0,A_sktB610,"2배 오른 실비 보험료에 ""깜짝"""
2026-06-07,T멤버십,미션탭,소재 A,167520,117,0,168000,A_sktB620,
2026-06-07,가스락,내 정보 배너,소재 A,8893,3,0,16000,A_gasB608,
2026-06-07,가스락,서브 참여형 리스트 배너,소재 A,4344,12,0,46000,A_gasB605,
2026-06-07,가스락,서브 텍스트 배너,소재 A,10107,125,0,36000,A_gasB630,
2026-06-07,가스락,홈 참여형 리스트 배너,소재 A,310700,209,0,82000,A_gasB620,
2026-06-07,가스락,홈 토스트 배너,소재 A,15987,234,0,52000,A_gasB610,
2026-06-07,카카오페이,혜택A,소재 A,804384,269010,0,1126000,A_kpaB610,실비 보험료 부담\n줄이고 싶다면?
2026-06-08,KT PASS,PUSH,소재 A,52958,6,0,451000,A_pasB610,
2026-06-08,KT PASS,하단배너,소재 A,1128,4,0,18000,A_pasB620,
2026-06-08,T멤버십,PUSH,소재 A,0,3069,300000,1722000,A_sktB610,"2배 오른 실비 보험료에 ""깜짝"""
2026-06-08,T멤버십,미션탭,소재 A,168844,117,0,169000,A_sktB620,
2026-06-08,가스락,내 정보 배너,소재 A,18758,6,0,33000,A_gasB608,
2026-06-08,가스락,서브 참여형 리스트 배너,소재 A,5623,12,0,60000,A_gasB605,
2026-06-08,가스락,서브 텍스트 배너,소재 A,16434,165,0,59000,A_gasB630,
2026-06-08,가스락,홈 참여형 리스트 배너,소재 A,375657,255,0,99000,A_gasB620,
2026-06-08,가스락,홈 토스트 배너,소재 A,31830,342,0,104000,A_gasB610,
2026-06-08,카카오페이,혜택A,소재 B,725394,259190,0,1015000,A_kpaB611,새 생명 기다린다면?\n든든한 5세대 실비!
2026-06-09,KT PASS,PUSH,소재 A,50530,13,0,431000,A_pasB610,
2026-06-09,KT PASS,하단배너,소재 A,1746,5,0,27000,A_pasB620,
2026-06-09,T멤버십,PUSH,소재 A,0,3261,300000,1722000,A_sktB610,"2배 오른 실비 보험료에 ""깜짝"""
2026-06-09,T멤버십,미션탭,소재 A,168756,113,0,169000,A_sktB620,
2026-06-09,가스락,내 정보 배너,소재 A,23372,6,0,41000,A_gasB608,
2026-06-09,가스락,서브 참여형 리스트 배너,소재 A,5088,13,0,54000,A_gasB605,
2026-06-09,가스락,서브 텍스트 배너,소재 A,44588,323,0,160000,A_gasB630,
2026-06-09,가스락,홈 참여형 리스트 배너,소재 A,453192,226,0,119000,A_gasB620,
2026-06-09,가스락,홈 토스트 배너,소재 A,58053,483,0,191000,A_gasB610,
2026-06-09,카카오페이,TMS,소재 B,78203,1210,140950,7777000,A_kpaB621,기본 텍스트형_발송당일
2026-06-09,카카오페이,혜택A,소재 B,713014,258806,0,998000,A_kpaB611,새 생명 기다린다면?\n든든한 5세대 실비!
2026-06-10,KT PASS,PUSH,소재 A,54653,5,0,466000,A_pasB610,
2026-06-10,KT PASS,하단배너,소재 A,1228,9,0,19000,A_pasB620,
2026-06-10,T멤버십,PUSH,소재 A,0,3722,300000,1722000,A_sktB610,"2배 오른 실비 보험료에 ""깜짝"""
2026-06-10,T멤버십,미션탭,소재 A,168675,128,0,169000,A_sktB620,
2026-06-10,가스락,내 정보 배너,소재 A,19273,6,0,34000,A_gasB608,
2026-06-10,가스락,서브 참여형 리스트 배너,소재 A,4594,9,0,49000,A_gasB605,
2026-06-10,가스락,서브 텍스트 배너,소재 A,20225,241,0,72000,A_gasB630,
2026-06-10,가스락,홈 참여형 리스트 배너,소재 A,272915,115,0,72000,A_gasB620,
2026-06-10,가스락,홈 토스트 배너,소재 A,34711,424,0,114000,A_gasB610,
2026-06-10,카카오페이,혜택A,소재 B,732880,258931,0,1026000,A_kpaB611,새 생명 기다린다면?\n든든한 5세대 실비!
2026-06-11,KT PASS,PUSH,소재 A,51128,5,0,436000,A_pasB610,
2026-06-11,KT PASS,하단배너,소재 A,1223,7,0,19000,A_pasB620,
2026-06-11,T멤버십,PUSH,소재 A,0,3467,300000,1721000,A_sktB610,"2배 오른 실비 보험료에 ""깜짝"""
2026-06-11,T멤버십,미션탭,소재 A,168887,103,0,169000,A_sktB620,
2026-06-11,가스락,내 정보 배너,소재 A,19991,5,0,35000,A_gasB608,
2026-06-11,가스락,서브 참여형 리스트 배너,소재 A,5099,16,0,54000,A_gasB605,
2026-06-11,가스락,서브 텍스트 배너,소재 A,43829,579,0,157000,A_gasB630,
2026-06-11,가스락,홈 참여형 리스트 배너,소재 A,242036,131,0,64000,A_gasB620,
2026-06-11,가스락,홈 토스트 배너,소재 A,42625,505,0,140000,A_gasB610,
2026-06-11,카카오페이,TMS,소재 B,80026,1154,140963,7778000,A_kpaB621,기본 텍스트형_발송당일
2026-06-11,카카오페이,혜택A,소재 B,677047,256379,0,948000,A_kpaB611,새 생명 기다린다면?\n든든한 5세대 실비!
2026-06-12,KT PASS,PUSH,소재 A,47888,8,0,408000,A_pasB610,
2026-06-12,KT PASS,하단배너,소재 A,1541,4,0,24000,A_pasB620,
2026-06-12,T멤버십,PUSH,소재 A,0,3224,300000,1721000,A_sktB610,"2배 오른 실비 보험료에 ""깜짝"""
2026-06-12,T멤버십,미션탭,소재 A,168961,117,0,169000,A_sktB620,
2026-06-12,가스락,내 정보 배너,소재 A,17233,2,0,31000,A_gasB608,
2026-06-12,가스락,서브 참여형 리스트 배너,소재 A,4519,12,0,48000,A_gasB605,
2026-06-12,가스락,서브 텍스트 배너,소재 A,38363,370,0,137000,A_gasB630,
2026-06-12,가스락,홈 참여형 리스트 배너,소재 A,224219,89,0,59000,A_gasB620,
2026-06-12,가스락,홈 토스트 배너,소재 A,39485,425,0,130000,A_gasB610,
2026-06-12,카카오페이,혜택A,소재 B,674069,253102,0,943000,A_kpaB611,새 생명 기다린다면?\n든든한 5세대 실비!
2026-06-13,KT PASS,PUSH,소재 A,14224,4,0,121000,A_pasB610,
2026-06-13,KT PASS,하단배너,소재 A,685,1,0,11000,A_pasB620,
2026-06-13,T멤버십,PUSH,소재 A,0,0,0,0,A_sktB610,"2배 오른 실비 보험료에 ""깜짝"""
2026-06-13,T멤버십,미션탭,소재 A,168639,110,0,169000,A_sktB620,
2026-06-13,가스락,내 정보 배너,소재 A,9879,2,0,17000,A_gasB608,
2026-06-13,가스락,서브 참여형 리스트 배너,소재 A,3732,6,0,40000,A_gasB605,
2026-06-13,가스락,서브 텍스트 배너,소재 A,20436,276,0,73000,A_gasB630,
2026-06-13,가스락,홈 참여형 리스트 배너,소재 A,188857,90,0,50000,A_gasB620,
2026-06-13,가스락,홈 토스트 배너,소재 A,24277,338,0,80000,A_gasB610,
2026-06-13,카카오페이,TMS,미확인,,,,,A_kpaB523,
2026-06-13,카카오페이,혜택A,소재 B,688496,255253,0,964000,A_kpaB611,새 생명 기다린다면?\n든든한 5세대 실비!
2026-06-14,KT PASS,PUSH,소재 A,10580,3,0,90000,A_pasB610,
2026-06-14,KT PASS,하단배너,소재 A,676,0,0,11000,A_pasB620,
2026-06-14,T멤버십,PUSH,소재 A,0,0,0,0,A_sktB610,"2배 오른 실비 보험료에 ""깜짝"""
2026-06-14,T멤버십,미션탭,소재 A,168907,111,0,169000,A_sktB620,
2026-06-14,가스락,내 정보 배너,소재 A,9133,3,0,16000,A_gasB608,
2026-06-14,가스락,서브 참여형 리스트 배너,소재 A,3796,7,0,40000,A_gasB605,
2026-06-14,가스락,서브 텍스트 배너,소재 A,15753,235,0,56000,A_gasB630,
2026-06-14,가스락,홈 참여형 리스트 배너,소재 A,190014,74,0,50000,A_gasB620,
2026-06-14,가스락,홈 토스트 배너,소재 A,20467,285,0,67000,A_gasB610,
2026-06-14,카카오페이,혜택A,소재 B,713490,262177,0,999000,A_kpaB611,새 생명 기다린다면?\n든든한 5세대 실비!
2026-06-15,KT PASS,PUSH,소재 A,51437,14,0,438000,A_pasB610,
2026-06-15,KT PASS,하단배너,소재 A,1223,5,0,19000,A_pasB620,
2026-06-15,T멤버십,PUSH,소재 A,0,4049,300000,1721000,A_sktB610,"2배 오른 실비 보험료에 ""깜짝"""
2026-06-15,T멤버십,미션탭,소재 A,168157,110,0,168000,A_sktB620,
2026-06-15,가스락,내 정보 배너,소재 A,19266,7,0,34000,A_gasB608,
2026-06-15,가스락,서브 참여형 리스트 배너,소재 A,4095,11,0,44000,A_gasB605,
2026-06-15,가스락,서브 텍스트 배너,소재 A,22133,238,0,79000,A_gasB630,
2026-06-15,가스락,홈 참여형 리스트 배너,소재 A,214005,67,0,56000,A_gasB620,
2026-06-15,가스락,홈 토스트 배너,소재 A,28659,353,0,94000,A_gasB610,
2026-06-15,카카오페이,TMS,미확인,,,,,A_kpaB623,
2026-06-15,카카오페이,혜택A,소재 C,875014,266486,0,1225000,A_kpaB622,여드름 치료 청구\n5세대 실비 OK!
2026-06-16,KT PASS,PUSH,소재 A,49725,5,0,424000,A_pasB610,
2026-06-16,KT PASS,하단배너,소재 A,1200,6,0,19000,A_pasB620,
2026-06-16,T멤버십,PUSH,소재 B,0,3040,300000,1721000,A_sktB611,"보장은 그대로, 보험료는 반값으로? 💸"
2026-06-16,T멤버십,미션탭,소재 B,168253,133,0,168000,A_sktB621,
2026-06-16,가스락,내 정보 배너,소재 A,17291,2,0,31000,A_gasB608,
2026-06-16,가스락,서브 참여형 리스트 배너,소재 A,4813,10,0,51000,A_gasB605,
2026-06-16,가스락,서브 텍스트 배너,소재 A,19754,266,0,71000,A_gasB630,
2026-06-16,가스락,홈 참여형 리스트 배너,소재 A,232868,86,0,61000,A_gasB620,
2026-06-16,가스락,홈 토스트 배너,소재 A,38122,483,0,125000,A_gasB610,
2026-06-16,카카오페이,TMS,소재 C,89902,352,140972,7778000,A_kpaB612,기본 텍스트형_발송당일
2026-06-16,카카오페이,TMS,미확인,,,,,A_kpaB308,
2026-06-16,카카오페이,혜택A,소재 C,861098,266547,0,1205000,A_kpaB622,여드름 치료 청구\n5세대 실비 OK!
2026-06-17,KT PASS,PUSH,소재 A,48948,5,0,417000,A_pasB610,
2026-06-17,KT PASS,하단배너,소재 A,1777,5,0,28000,A_pasB620,
2026-06-17,T멤버십,PUSH,소재 B,0,3131,300000,1721000,A_sktB611,"보장은 그대로, 보험료는 반값으로? 💸"
2026-06-17,T멤버십,미션탭,소재 B,167558,112,0,168000,A_sktB621,
2026-06-17,가스락,내 정보 배너,소재 A,17308,4,0,31000,A_gasB608,
2026-06-17,가스락,서브 참여형 리스트 배너,소재 A,4606,5,0,49000,A_gasB605,
2026-06-17,가스락,서브 텍스트 배너,소재 A,31878,289,0,114000,A_gasB630,
2026-06-17,가스락,홈 참여형 리스트 배너,소재 A,234765,102,0,62000,A_gasB620,
2026-06-17,가스락,홈 토스트 배너,소재 A,49447,502,0,162000,A_gasB610,
2026-06-17,카카오페이,혜택A,소재 C,700779,264572,0,981000,A_kpaB622,여드름 치료 청구\n5세대 실비 OK!
2026-06-18,KT PASS,PUSH,소재 A,50620,17,0,431000,A_pasB610,
2026-06-18,KT PASS,하단배너,소재 A,1016,5,0,16000,A_pasB620,
2026-06-18,T멤버십,PUSH,소재 B,0,2889,300000,1721000,A_sktB611,"보장은 그대로, 보험료는 반값으로? 💸"
2026-06-18,T멤버십,미션탭,소재 B,167122,119,0,167000,A_sktB621,
2026-06-18,가스락,내 정보 배너,소재 A,15703,3,0,28000,A_gasB608,
2026-06-18,가스락,서브 참여형 리스트 배너,소재 A,4981,8,0,53000,A_gasB605,
2026-06-18,가스락,서브 텍스트 배너,소재 A,18506,202,0,66000,A_gasB630,
2026-06-18,가스락,홈 참여형 리스트 배너,소재 A,224810,82,0,59000,A_gasB620,
2026-06-18,가스락,홈 토스트 배너,소재 A,36364,425,0,119000,A_gasB610,
2026-06-18,카카오페이,TMS,소재 C,80212,765,140975,7779000,A_kpaB612,기본 텍스트형_발송당일
2026-06-18,카카오페이,혜택A,소재 C,685544,261534,0,960000,A_kpaB622,여드름 치료 청구\n5세대 실비 OK!
2026-06-19,KT PASS,PUSH,소재 A,48036,4,0,409000,A_pasB610,
2026-06-19,KT PASS,하단배너,소재 A,1332,4,0,21000,A_pasB620,
2026-06-19,T멤버십,PUSH,소재 B,0,2967,300000,1721000,A_sktB611,"보장은 그대로, 보험료는 반값으로? 💸"
2026-06-19,T멤버십,미션탭,소재 B,167203,116,0,167000,A_sktB621,
2026-06-19,가스락,내 정보 배너,소재 A,18352,3,0,32000,A_gasB608,
2026-06-19,가스락,서브 참여형 리스트 배너,소재 A,4013,6,0,43000,A_gasB605,
2026-06-19,가스락,서브 텍스트 배너,소재 A,40142,329,0,144000,A_gasB630,
2026-06-19,가스락,홈 참여형 리스트 배너,소재 A,240133,97,0,63000,A_gasB620,
2026-06-19,가스락,홈 토스트 배너,소재 A,59684,606,0,196000,A_gasB610,
2026-06-19,카카오페이,혜택A,소재 C,673027,258113,0,942000,A_kpaB622,여드름 치료 청구\n5세대 실비 OK!
2026-06-20,KT PASS,PUSH,소재 A,13632,3,0,116000,A_pasB610,
2026-06-20,KT PASS,하단배너,소재 A,537,1,0,8000,A_pasB620,
2026-06-20,T멤버십,PUSH,소재 B,0,0,0,0,A_sktB611,"보장은 그대로, 보험료는 반값으로? 💸"
2026-06-20,T멤버십,미션탭,소재 B,167117,123,0,167000,A_sktB621,
2026-06-20,가스락,내 정보 배너,소재 A,10845,3,0,19000,A_gasB608,
2026-06-20,가스락,서브 참여형 리스트 배너,소재 A,3573,7,0,38000,A_gasB605,
2026-06-20,가스락,서브 텍스트 배너,소재 A,13827,180,0,49000,A_gasB630,
2026-06-20,가스락,홈 참여형 리스트 배너,소재 A,204616,72,0,54000,A_gasB620,
2026-06-20,가스락,홈 토스트 배너,소재 A,31131,405,0,102000,A_gasB610,
2026-06-20,카카오페이,혜택A,소재 C,673675,259452,0,943000,A_kpaB622,여드름 치료 청구\n5세대 실비 OK!
2026-06-21,KT PASS,PUSH,소재 A,12427,1,0,106000,A_pasB610,
2026-06-21,KT PASS,하단배너,소재 A,550,2,0,9000,A_pasB620,
2026-06-21,T멤버십,PUSH,소재 B,0,0,0,0,A_sktB611,"보장은 그대로, 보험료는 반값으로? 💸"
2026-06-21,T멤버십,미션탭,소재 B,167160,117,0,167000,A_sktB621,
2026-06-21,가스락,내 정보 배너,소재 A,12910,4,0,23000,A_gasB608,
2026-06-21,가스락,서브 참여형 리스트 배너,소재 A,3673,16,0,39000,A_gasB605,
2026-06-21,가스락,서브 텍스트 배너,소재 A,33682,545,0,120000,A_gasB630,
2026-06-21,가스락,홈 참여형 리스트 배너,소재 A,224933,80,0,59000,A_gasB620,
2026-06-21,가스락,홈 토스트 배너,소재 A,39253,517,0,129000,A_gasB610,
2026-06-21,카카오페이,혜택A,소재 C,698698,266212,0,978000,A_kpaB622,여드름 치료 청구\n5세대 실비 OK!
2026-06-22,KT PASS,PUSH,소재 A,52417,9,0,447000,A_pasB610,
2026-06-22,KT PASS,하단배너,소재 A,1616,9,0,25000,A_pasB620,
2026-06-22,T멤버십,PUSH,소재 B,0,2971,300000,1721000,A_sktB611,"보장은 그대로, 보험료는 반값으로? 💸"
2026-06-22,T멤버십,미션탭,소재 B,167253,113,0,167000,A_sktB621,
2026-06-22,가스락,내 정보 배너,소재 A,23803,6,0,42000,A_gasB608,
2026-06-22,가스락,서브 참여형 리스트 배너,소재 A,4526,13,0,48000,A_gasB605,
2026-06-22,가스락,서브 텍스트 배너,소재 A,49773,476,0,178000,A_gasB630,
2026-06-22,가스락,홈 참여형 리스트 배너,소재 A,265478,96,0,70000,A_gasB620,
2026-06-22,가스락,홈 토스트 배너,소재 A,71885,826,0,236000,A_gasB610,
2026-06-22,카카오페이,혜택A,소재 A,938184,269749,0,1313000,A_kpaB610,실비 보험료 절감\n나도 해당 될까?
2026-06-23,KT PASS,PUSH,소재 A,54715,3,0,466000,A_pasB610,
2026-06-23,KT PASS,하단배너,소재 A,1145,4,0,18000,A_pasB620,
2026-06-23,T멤버십,PUSH,소재 B,0,1896,300000,1721000,A_sktB611,"보장은 그대로, 보험료는 반값으로? 💸"
2026-06-23,T멤버십,미션탭,소재 B,166872,112,0,167000,A_sktB621,
2026-06-23,가스락,내 정보 배너,소재 A,19259,4,0,34000,A_gasB608,
2026-06-23,가스락,서브 참여형 리스트 배너,소재 A,4659,15,0,50000,A_gasB605,
2026-06-23,가스락,서브 텍스트 배너,소재 A,26153,307,0,94000,A_gasB630,
2026-06-23,가스락,홈 참여형 리스트 배너,소재 A,295621,124,0,78000,A_gasB620,
2026-06-23,가스락,홈 토스트 배너,소재 A,47349,705,0,155000,A_gasB610,
2026-06-23,카카오페이,TMS,소재 B,86695,678,140966,7778000,A_kpaB621,기본 텍스트형_발송당일
2026-06-23,카카오페이,혜택A,소재 A,899486,264884,0,1259000,A_kpaB610,실비 보험료 절감\n나도 해당 될까?
2026-06-24,KT PASS,PUSH,소재 A,47631,11,0,406000,A_pasB610,
2026-06-24,KT PASS,하단배너,소재 A,912,7,0,14000,A_pasB620,
2026-06-24,T멤버십,PUSH,소재 B,0,2016,300000,1721000,A_sktB611,"보장은 그대로, 보험료는 반값으로? 💸"
2026-06-24,T멤버십,미션탭,소재 B,166597,106,0,167000,A_sktB621,
2026-06-24,가스락,내 정보 배너,소재 A,19446,8,0,34000,A_gasB608,
2026-06-24,가스락,서브 참여형 리스트 배너,소재 A,4738,20,0,50000,A_gasB605,
2026-06-24,가스락,서브 텍스트 배너,소재 A,24599,275,0,88000,A_gasB630,
2026-06-24,가스락,홈 참여형 리스트 배너,소재 A,295853,139,0,78000,A_gasB620,
2026-06-24,가스락,홈 토스트 배너,소재 A,37027,568,0,122000,A_gasB610,
2026-06-24,카카오페이,TMS,소재 E,85923,798,140958,7778000,A_kpaB624,기본 텍스트형_발송당일
2026-06-24,카카오페이,혜택A,소재 A,986805,266310,0,1381000,A_kpaB610,실비 보험료 절감\n나도 해당 될까?
2026-06-25,KT PASS,PUSH,소재 A,47651,8,0,406000,A_pasB610,
2026-06-25,KT PASS,하단배너,소재 A,1215,5,0,19000,A_pasB620,
2026-06-25,T멤버십,PUSH,소재 B,0,1899,300000,1721000,A_sktB611,"보장은 그대로, 보험료는 반값으로? 💸"
2026-06-25,T멤버십,미션탭,소재 B,166280,109,0,166000,A_sktB621,
2026-06-25,가스락,내 정보 배너,소재 A,20624,3,0,37000,A_gasB608,
2026-06-25,가스락,서브 참여형 리스트 배너,소재 A,3989,9,0,42000,A_gasB605,
2026-06-25,가스락,서브 텍스트 배너,소재 A,27396,276,0,98000,A_gasB630,
2026-06-25,가스락,홈 참여형 리스트 배너,소재 A,311273,106,0,82000,A_gasB620,
2026-06-25,가스락,홈 토스트 배너,소재 A,47888,537,0,157000,A_gasB610,
2026-06-25,카카오페이,TMS,소재 B,84112,711,140933,7777000,A_kpaB621,기본 텍스트형_발송당일
2026-06-25,카카오페이,혜택A,소재 A,973171,264546,0,1362000,A_kpaB610,실비 보험료 절감\n나도 해당 될까?
2026-06-26,KT PASS,PUSH,소재 A,49033,8,0,418000,A_pasB610,
2026-06-26,KT PASS,하단배너,소재 A,1207,3,0,19000,A_pasB620,
2026-06-26,T멤버십,PUSH,소재 B,0,2660,300000,1721000,A_sktB611,"보장은 그대로, 보험료는 반값으로? 💸"
2026-06-26,T멤버십,미션탭,소재 B,166344,110,0,166000,A_sktB621,
2026-06-26,가스락,내 정보 배너,소재 A,18598,3,0,33000,A_gasB608,
2026-06-26,가스락,서브 참여형 리스트 배너,소재 A,3600,11,0,38000,A_gasB605,
2026-06-26,가스락,서브 텍스트 배너,소재 A,23574,299,0,84000,A_gasB630,
2026-06-26,가스락,홈 참여형 리스트 배너,소재 A,287622,100,0,76000,A_gasB620,
2026-06-26,가스락,홈 토스트 배너,소재 A,38346,480,0,126000,A_gasB610,
2026-06-26,카카오페이,혜택A,소재 A,829145,257636,0,1161000,A_kpaB610,실비 보험료 절감\n나도 해당 될까?
2026-06-27,KT PASS,PUSH,소재 A,15527,3,0,132000,A_pasB610,
2026-06-27,KT PASS,하단배너,소재 A,446,2,0,7000,A_pasB620,
2026-06-27,T멤버십,PUSH,소재 B,0,0,0,0,A_sktB611,"보장은 그대로, 보험료는 반값으로? 💸"
2026-06-27,T멤버십,미션탭,소재 B,166391,102,0,166000,A_sktB621,
2026-06-27,가스락,내 정보 배너,소재 A,9977,4,0,18000,A_gasB608,
2026-06-27,가스락,서브 참여형 리스트 배너,소재 A,3273,8,0,35000,A_gasB605,
2026-06-27,가스락,서브 텍스트 배너,소재 A,12189,188,0,44000,A_gasB630,
2026-06-27,가스락,홈 참여형 리스트 배너,소재 A,240851,84,0,63000,A_gasB620,
2026-06-27,가스락,홈 토스트 배너,소재 A,23038,357,0,76000,A_gasB610,
2026-06-27,카카오페이,혜택A,소재 A,823415,257634,0,1153000,A_kpaB610,실비 보험료 절감\n나도 해당 될까?
2026-06-28,KT PASS,PUSH,소재 A,11945,2,0,102000,A_pasB610,
2026-06-28,KT PASS,하단배너,소재 A,469,0,0,7000,A_pasB620,
2026-06-28,T멤버십,PUSH,소재 B,0,0,0,0,A_sktB611,"보장은 그대로, 보험료는 반값으로? 💸"
2026-06-28,T멤버십,미션탭,소재 B,166373,81,0,166000,A_sktB621,
2026-06-28,가스락,내 정보 배너,소재 A,10591,1,0,19000,A_gasB608,
2026-06-28,가스락,서브 참여형 리스트 배너,소재 A,3365,3,0,36000,A_gasB605,
2026-06-28,가스락,서브 텍스트 배너,소재 A,12896,186,0,46000,A_gasB630,
2026-06-28,가스락,홈 참여형 리스트 배너,소재 A,244491,89,0,64000,A_gasB620,
2026-06-28,가스락,홈 토스트 배너,소재 A,23736,347,0,78000,A_gasB610,
2026-06-28,카카오페이,혜택A,소재 A,846967,263784,0,1185000,A_kpaB610,실비 보험료 절감\n나도 해당 될까?
2026-06-29,KT PASS,PUSH,소재 A,55476,9,0,473000,A_pasB610,
2026-06-29,KT PASS,하단배너,소재 A,939,2,0,16000,A_pasB620,
2026-06-29,T멤버십,PUSH,소재 B,0,1791,200000,1147000,A_sktB611,"보장은 그대로, 보험료는 반값으로? 💸"
2026-06-29,T멤버십,미션탭,소재 B,165210,111,0,165000,A_sktB621,
2026-06-29,가스락,내 정보 배너,소재 A,24530,6,0,43000,A_gasB608,
2026-06-29,가스락,서브 참여형 리스트 배너,소재 A,3724,12,0,41000,A_gasB605,
2026-06-29,가스락,서브 텍스트 배너,소재 A,42972,463,0,154000,A_gasB630,
2026-06-29,가스락,홈 참여형 리스트 배너,소재 A,317747,135,0,84000,A_gasB620,
2026-06-29,가스락,홈 토스트 배너,소재 A,58841,620,0,193000,A_gasB610,
2026-06-30,KT PASS,PUSH,소재 A,65778,5,0,560000,A_pasB610,
2026-06-30,KT PASS,하단배너,소재 A,944,1,0,16000,A_pasB620,
2026-06-30,T멤버십,PUSH,소재 B,0,1806,200000,1147000,A_sktB611,"보장은 그대로, 보험료는 반값으로? 💸"
2026-06-30,T멤버십,미션탭,소재 B,163932,106,0,163000,A_sktB621,
2026-06-30,가스락,내 정보 배너,소재 A,23872,3,0,43000,A_gasB608,
2026-06-30,가스락,서브 참여형 리스트 배너,소재 A,3577,14,0,39000,A_gasB605,
2026-06-30,가스락,서브 텍스트 배너,소재 A,31282,406,0,112000,A_gasB630,
2026-06-30,가스락,홈 참여형 리스트 배너,소재 A,305181,94,0,79000,A_gasB620,
2026-06-30,가스락,홈 토스트 배너,소재 A,45605,520,0,150000,A_gasB610,
2026-07-01,KT PASS,PUSH,소재 A,65712,9,0,467000,A_pasB710,
2026-07-01,KT PASS,하단배너,소재 A,1085,10,0,24000,A_pasB720,
2026-07-01,T멤버십,PUSH,소재 A,0,3184,300000,1909000,A_sktB710,매달 나가는 실비보험료 얼마나 줄일 수 있을까?
2026-07-01,T멤버십,미션탭,소재 A,170663,139,0,171000,A_sktB720,
2026-07-01,가스락,서브 참여형 리스트 배너,소재 A,2930,10,0,27000,A_gasC750,
2026-07-01,가스락,서브 텍스트 배너,소재 A,56534,717,0,117000,A_gasC730,
2026-07-01,가스락,홈 상단 배너,소재 A,307875,150,0,94000,A_gasC790,
2026-07-01,가스락,홈 참여형 리스트 배너,소재 A,267237,109,0,104000,A_gasC720,
2026-07-01,가스락,홈 토스트 배너,소재 A,48512,837,0,117000,A_gasC710,
2026-07-01,카카오페이,혜택A,소재 A,845916,265667,0,1184000,A_kpaC710,매달 내는 보험료\n줄일 곳 무료 확인!
2026-07-02,KT PASS,PUSH,소재 A,60405,17,0,429000,A_pasB710,
2026-07-02,KT PASS,하단배너,소재 A,744,3,0,17000,A_pasB720,
2026-07-02,T멤버십,PUSH,소재 A,0,2057,200000,1273000,A_sktB710,매달 나가는 실비보험료 얼마나 줄일 수 있을까?
2026-07-02,T멤버십,미션탭,소재 A,173420,128,0,173000,A_sktB720,
2026-07-02,가스락,서브 참여형 리스트 배너,소재 A,2896,9,0,27000,A_gasC750,
2026-07-02,가스락,서브 텍스트 배너,소재 A,39792,411,0,82000,A_gasC730,
2026-07-02,가스락,홈 상단 배너,소재 A,266531,228,0,82000,A_gasC790,
2026-07-02,가스락,홈 참여형 리스트 배너,소재 A,255108,72,0,99000,A_gasC720,
2026-07-02,가스락,홈 토스트 배너,소재 A,37031,685,0,89000,A_gasC710,
2026-07-02,카카오페이,TMS,소재 A,84093,459,140952,8739000,A_kpaC720,기본 텍스트형_발송당일
2026-07-02,카카오페이,혜택A,소재 A,850412,266071,0,1190000,A_kpaC710,매달 내는 보험료\n줄일 곳 무료 확인!
2026-07-03,KT PASS,PUSH,소재 A,57179,9,0,406000,A_pasB710,
2026-07-03,KT PASS,하단배너,소재 A,850,3,0,19000,A_pasB720,
2026-07-03,T멤버십,PUSH,소재 A,0,2991,300000,1909000,A_sktB710,매달 나가는 실비보험료 얼마나 줄일 수 있을까?
2026-07-03,T멤버십,미션탭,소재 A,172784,145,0,173000,A_sktB720,
2026-07-03,가스락,서브 참여형 리스트 배너,소재 A,2885,8,0,27000,A_gasC750,
2026-07-03,가스락,서브 텍스트 배너,소재 A,47465,362,0,98000,A_gasC730,
2026-07-03,가스락,홈 상단 배너,소재 A,291313,155,0,89000,A_gasC790,
2026-07-03,가스락,홈 참여형 리스트 배너,소재 A,252035,56,0,98000,A_gasC720,
2026-07-03,가스락,홈 토스트 배너,소재 A,46713,743,0,113000,A_gasC710,
2026-07-03,카카오페이,혜택A,소재 A,895037,259872,0,1253000,A_kpaC710,매달 내는 보험료\n줄일 곳 무료 확인!
2026-07-04,KT PASS,PUSH,소재 A,16944,4,0,120000,A_pasB710,
2026-07-04,KT PASS,하단배너,소재 A,421,2,0,9000,A_pasB720,
2026-07-04,T멤버십,PUSH,소재 A,0,0,0,0,A_sktB710,매달 나가는 실비보험료 얼마나 줄일 수 있을까?
2026-07-04,T멤버십,미션탭,소재 A,167348,142,0,167000,A_sktB720,
2026-07-04,가스락,서브 참여형 리스트 배너,소재 A,2577,11,0,24000,A_gasC750,
2026-07-04,가스락,서브 텍스트 배너,소재 A,22417,232,0,46000,A_gasC730,
2026-07-04,가스락,홈 상단 배너,소재 A,225155,101,0,69000,A_gasC790,
2026-07-04,가스락,홈 참여형 리스트 배너,소재 A,224728,78,0,87000,A_gasC720,
2026-07-04,가스락,홈 토스트 배너,소재 A,28903,531,0,70000,A_gasC710,
2026-07-04,카카오페이,혜택A,소재 A,839808,255392,0,1175000,A_kpaC710,매달 내는 보험료\n줄일 곳 무료 확인!
2026-07-05,KT PASS,PUSH,소재 A,13010,10,0,92000,A_pasB710,
2026-07-05,KT PASS,하단배너,소재 A,437,0,0,10000,A_pasB720,
2026-07-05,T멤버십,PUSH,소재 A,0,0,0,0,A_sktB710,매달 나가는 실비보험료 얼마나 줄일 수 있을까?
2026-07-05,T멤버십,미션탭,소재 A,167602,107,0,168000,A_sktB720,
2026-07-05,가스락,서브 참여형 리스트 배너,소재 A,2624,7,0,24000,A_gasC750,
2026-07-05,가스락,서브 텍스트 배너,소재 A,21690,200,0,45000,A_gasC730,
2026-07-05,가스락,홈 상단 배너,소재 A,217216,129,0,67000,A_gasC790,
2026-07-05,가스락,홈 참여형 리스트 배너,소재 A,229013,56,0,89000,A_gasC720,
2026-07-05,가스락,홈 토스트 배너,소재 A,25985,499,0,63000,A_gasC710,
2026-07-05,카카오페이,혜택A,소재 A,869596,261025,0,1217000,A_kpaC710,매달 내는 보험료\n줄일 곳 무료 확인!
2026-07-06,KT PASS,PUSH,소재 A,57585,18,0,409000,A_pasB710,
2026-07-06,KT PASS,하단배너,소재 A,1085,12,0,24000,A_pasB720,
2026-07-06,T멤버십,PUSH,소재 A,0,3430,300000,1909000,A_sktB710,매달 나가는 실비보험료 얼마나 줄일 수 있을까?
2026-07-06,T멤버십,미션탭,소재 A,164494,106,0,164000,A_sktB720,
2026-07-06,가스락,서브 참여형 리스트 배너,소재 A,2657,14,0,25000,A_gasC750,
2026-07-06,가스락,서브 텍스트 배너,소재 A,31301,339,0,65000,A_gasC730,
2026-07-06,가스락,홈 상단 배너,소재 A,302080,149,0,93000,A_gasC790,
2026-07-06,가스락,홈 참여형 리스트 배너,소재 A,232211,72,0,90000,A_gasC720,
2026-07-06,가스락,홈 토스트 배너,소재 A,46049,778,0,111000,A_gasC710,
2026-07-06,카카오페이,전면 팝업,소재 A,249888,2800,0,0,A_kpaC730,굿리치_전면팝업_260706
2026-07-07,KT PASS,PUSH,소재 A,56893,9,0,404000,A_pasB710,
2026-07-07,KT PASS,하단배너,소재 A,737,6,0,16000,A_pasB720,
2026-07-07,T멤버십,PUSH,소재 A,0,2130,200000,1273000,A_sktB710,매달 나가는 실비보험료 얼마나 줄일 수 있을까?
2026-07-07,T멤버십,미션탭,소재 A,163473,117,0,163000,A_sktB720,
2026-07-07,가스락,서브 참여형 리스트 배너,소재 A,2515,10,0,23000,A_gasC750,
2026-07-07,가스락,서브 텍스트 배너,소재 A,25927,286,0,54000,A_gasC730,
2026-07-07,가스락,홈 상단 배너,소재 A,272914,145,0,84000,A_gasC790,
2026-07-07,가스락,홈 참여형 리스트 배너,소재 A,220192,92,0,86000,A_gasC720,
2026-07-07,가스락,홈 토스트 배너,소재 A,37761,652,0,91000,A_gasC710,
2026-07-07,카카오페이,TMS,소재 B,83301,378,140936,8738000,A_kpaC721,기본 텍스트형_발송당일
2026-07-07,카카오페이,전면 팝업,소재 A,206150,2530,0,0,A_kpaC730,굿리치_전면팝업_260706
2026-07-08,KT PASS,PUSH,소재 A,55753,17,0,396000,A_pasB710,
2026-07-08,KT PASS,하단배너,소재 A,1107,11,0,25000,A_pasB720,
2026-07-08,T멤버십,PUSH,소재 A,0,3510,300000,1909000,A_sktB710,매달 나가는 실비보험료 얼마나 줄일 수 있을까?
2026-07-08,T멤버십,미션탭,소재 A,163421,118,0,163000,A_sktB720,
2026-07-08,가스락,서브 참여형 리스트 배너,소재 A,2398,5,0,22000,A_gasC750,
2026-07-08,가스락,서브 텍스트 배너,소재 A,21915,216,0,45000,A_gasC730,
2026-07-08,가스락,홈 상단 배너,소재 A,266685,139,0,82000,A_gasC790,
2026-07-08,가스락,홈 참여형 리스트 배너,소재 A,215509,60,0,84000,A_gasC720,
2026-07-08,가스락,홈 토스트 배너,소재 A,36576,612,0,88000,A_gasC710,
2026-07-08,카카오페이,전면 팝업,소재 A,204301,2497,0,0,A_kpaC730,굿리치_전면팝업_260706
2026-07-09,KT PASS,PUSH,소재 A,55730,16,0,396000,A_pasB710,
2026-07-09,KT PASS,하단배너,소재 A,1044,5,0,23000,A_pasB720,
2026-07-09,T멤버십,PUSH,소재 A,0,2543,200000,1273000,A_sktB710,매달 나가는 실비보험료 얼마나 줄일 수 있을까?
2026-07-09,T멤버십,미션탭,소재 A,162704,104,0,163000,A_sktB720,
2026-07-09,가스락,서브 참여형 리스트 배너,소재 A,2550,11,0,24000,A_gasC750,
2026-07-09,가스락,서브 텍스트 배너,소재 A,42234,329,0,87000,A_gasC730,
2026-07-09,가스락,홈 상단 배너,소재 A,344254,162,0,106000,A_gasC790,
2026-07-09,가스락,홈 참여형 리스트 배너,소재 A,235511,85,0,92000,A_gasC720,
2026-07-09,가스락,홈 토스트 배너,소재 A,59101,730,0,143000,A_gasC710,
2026-07-09,카카오페이,TMS,소재 B,83301,378,140936,8738000,A_kpaC721,기본 텍스트형_발송당일
2026-07-09,카카오페이,전면 팝업,소재 A,204094,2561,0,0,A_kpaC730,굿리치_전면팝업_260706
2026-07-10,KT PASS,PUSH,소재 A,58049,12,0,413000,A_pasB710,
2026-07-10,KT PASS,하단배너,소재 A,920,5,0,21000,A_pasB720,
2026-07-10,T멤버십,PUSH,소재 A,0,2319,200000,1273000,A_sktB710,매달 나가는 실비보험료 얼마나 줄일 수 있을까?
2026-07-10,T멤버십,미션탭,소재 A,161742,125,0,162000,A_sktB720,
2026-07-10,가스락,서브 참여형 리스트 배너,소재 A,2910,5,0,27000,A_gasC750,
2026-07-10,가스락,서브 텍스트 배너,소재 A,31219,233,0,64000,A_gasC730,
2026-07-10,가스락,홈 상단 배너,소재 A,306430,131,0,94000,A_gasC790,
2026-07-10,가스락,홈 참여형 리스트 배너,소재 A,224996,59,0,88000,A_gasC720,
2026-07-10,가스락,홈 토스트 배너,소재 A,48341,690,0,117000,A_gasC710,
2026-07-10,카카오페이,전면 팝업,소재 A,224705,2716,0,0,A_kpaC730,굿리치_전면팝업_260706
2026-07-11,KT PASS,PUSH,소재 A,18875,6,0,134000,A_pasB710,
2026-07-11,KT PASS,하단배너,소재 A,386,2,0,9000,A_pasB720,
2026-07-11,T멤버십,PUSH,소재 A,0,0,0,0,A_sktB710,매달 나가는 실비보험료 얼마나 줄일 수 있을까?
2026-07-11,T멤버십,미션탭,소재 A,161694,114,0,162000,A_sktB720,
2026-07-11,가스락,서브 참여형 리스트 배너,소재 A,3344,23,0,31000,A_gasC750,
2026-07-11,가스락,서브 텍스트 배너,소재 A,31387,445,0,65000,A_gasC730,
2026-07-11,가스락,홈 상단 배너,소재 A,266477,133,0,82000,A_gasC790,
2026-07-11,가스락,홈 참여형 리스트 배너,소재 A,211820,71,0,82000,A_gasC720,
2026-07-11,가스락,홈 토스트 배너,소재 A,36372,625,0,88000,A_gasC710,
2026-07-11,카카오페이,전면 팝업,소재 A,186941,2349,0,0,A_kpaC730,굿리치_전면팝업_260706
2026-07-12,KT PASS,PUSH,소재 A,14893,12,0,106000,A_pasB710,
2026-07-12,KT PASS,하단배너,소재 A,426,4,0,10000,A_pasB720,
2026-07-12,T멤버십,PUSH,소재 A,0,0,0,0,A_sktB710,매달 나가는 실비보험료 얼마나 줄일 수 있을까?
2026-07-12,T멤버십,미션탭,소재 A,160688,113,0,161000,A_sktB720,
2026-07-12,가스락,서브 참여형 리스트 배너,소재 A,3141,14,0,29000,A_gasC750,
2026-07-12,가스락,서브 텍스트 배너,소재 A,21207,273,0,44000,A_gasC730,
2026-07-12,가스락,홈 상단 배너,소재 A,239238,96,0,73000,A_gasC790,
2026-07-12,가스락,홈 참여형 리스트 배너,소재 A,203715,58,0,79000,A_gasC720,
2026-07-12,가스락,홈 토스트 배너,소재 A,29345,500,0,71000,A_gasC710,
2026-07-12,카카오페이,전면 팝업,소재 A,173323,2053,0,0,A_kpaC730,굿리치_전면팝업_260706
2026-07-13,KT PASS,PUSH,소재 A,57216,20,0,407000,A_pasB710,
2026-07-13,KT PASS,하단배너,소재 A,666,2,0,15000,A_pasB720,
2026-07-13,T멤버십,PUSH,소재 A,0,3229,300000,1909000,A_sktB710,매달 나가는 실비보험료 얼마나 줄일 수 있을까?
2026-07-13,T멤버십,미션탭,소재 A,160240,126,0,160000,A_sktB720,
2026-07-13,가스락,서브 참여형 리스트 배너,소재 A,3761,9,0,35000,A_gasC750,
2026-07-13,가스락,서브 텍스트 배너,소재 A,28758,321,0,59000,A_gasC730,
2026-07-13,가스락,홈 상단 배너,소재 A,291340,131,0,89000,A_gasC790,
2026-07-13,가스락,홈 참여형 리스트 배너,소재 A,225136,118,0,88000,A_gasC720,
2026-07-13,가스락,홈 토스트 배너,소재 A,28755,498,0,69000,A_gasC710,
2026-07-13,카카오페이,전면 팝업,소재 A,226796,2697,0,0,A_kpaC730,굿리치_전면팝업_260706
2026-07-13,카카오페이,혜택A,소재 B,887105,264288,0,1242000,A_kpaC711,매달 내는 보험료\n줄일 곳 무료 확인!
2026-07-14,KT PASS,PUSH,소재 A,57087,12,0,406000,A_pasB710,
2026-07-14,KT PASS,하단배너,소재 A,1090,10,0,24000,A_pasB720,
2026-07-14,T멤버십,PUSH,소재 A,0,3151,300000,1909000,A_sktB710,매달 나가는 실비보험료 얼마나 줄일 수 있을까?
2026-07-14,T멤버십,미션탭,소재 A,159888,130,0,160000,A_sktB720,
2026-07-14,가스락,서브 참여형 리스트 배너,소재 A,3857,15,0,36000,A_gasC750,
2026-07-14,가스락,서브 텍스트 배너,소재 A,35380,325,0,73000,A_gasC730,
2026-07-14,가스락,홈 상단 배너,소재 A,307744,140,0,94000,A_gasC790,
2026-07-14,가스락,홈 참여형 리스트 배너,소재 A,216535,157,0,84000,A_gasC720,
2026-07-14,가스락,홈 토스트 배너,소재 A,33084,487,0,80000,A_gasC710,
2026-07-14,카카오페이,전면 팝업,소재 A,205459,2599,0,0,A_kpaC730,굿리치_전면팝업_260706
2026-07-14,카카오페이,혜택A,소재 B,870456,264202,0,1218000,A_kpaC711,절약 할 수 있는 내 보험료 무료 확인
2026-07-15,KT PASS,PUSH,소재 A,58981,14,0,419000,A_pasB710,
2026-07-15,KT PASS,하단배너,소재 A,689,4,0,15000,A_pasB720,
2026-07-15,T멤버십,PUSH,소재 A,0,3399,300000,1909000,A_sktB710,매달 나가는 실비보험료 얼마나 줄일 수 있을까?
2026-07-15,T멤버십,미션탭,소재 A,159222,134,0,159000,A_sktB720,
2026-07-15,가스락,서브 참여형 리스트 배너,소재 A,3715,11,0,34000,A_gasC750,
2026-07-15,가스락,서브 텍스트 배너,소재 A,23815,233,0,49000,A_gasC730,
2026-07-15,가스락,홈 상단 배너,소재 A,281759,94,0,86000,A_gasC790,
2026-07-15,가스락,홈 참여형 리스트 배너,소재 A,207721,139,0,81000,A_gasC720,
2026-07-15,가스락,홈 토스트 배너,소재 A,28061,437,0,68000,A_gasC710,
2026-07-15,카카오페이,전면 팝업,소재 A,221475,2655,0,0,A_kpaC730,굿리치_전면팝업_260706
2026-07-15,카카오페이,혜택A,소재 B,857503,262607,0,1200000,A_kpaC711,절약 할 수 있는 내 보험료 무료 확인
2026-07-16,KT PASS,PUSH,소재 A,62248,8,0,442000,A_pasB710,
2026-07-16,KT PASS,하단배너,소재 A,913,6,0,20000,A_pasB720,
2026-07-16,T멤버십,PUSH,소재 B,0,1985,200000,1273000,A_sktA711,매달 나가는 실비보험료 얼마나 줄일 수 있을까?
2026-07-16,T멤버십,미션탭,소재 A,159194,116,0,159000,A_sktB720,
2026-07-16,가스락,서브 참여형 리스트 배너,소재 A,3332,9,0,31000,A_gasC750,
2026-07-16,가스락,서브 텍스트 배너,소재 A,29464,222,0,61000,A_gasC730,
2026-07-16,가스락,홈 상단 배너,소재 A,289453,119,0,89000,A_gasC790,
2026-07-16,가스락,홈 참여형 리스트 배너,소재 A,205272,152,0,80000,A_gasC720,
2026-07-16,가스락,홈 토스트 배너,소재 A,32259,398,0,78000,A_gasC710,
2026-07-16,카카오페이,전면 팝업,소재 A,228426,2755,0,0,A_kpaC730,굿리치_전면팝업_260706
2026-07-16,카카오페이,혜택A,소재 B,857503,262607,0,1200000,A_kpaC711,절약 할 수 있는 내 보험료 무료 확인
2026-07-17,KT PASS,PUSH,소재 A,20836,4,0,148000,A_pasB710,
2026-07-17,KT PASS,하단배너,소재 A,413,2,0,9000,A_pasB720,
2026-07-17,T멤버십,PUSH,소재 B,0,0,0,0,A_sktA711,매달 나가는 실비보험료 얼마나 줄일 수 있을까?
2026-07-17,T멤버십,미션탭,소재 A,158708,112,0,159000,A_sktB720,
2026-07-17,가스락,서브 참여형 리스트 배너,소재 A,3718,12,0,34000,A_gasC750,
2026-07-17,가스락,서브 텍스트 배너,소재 A,13245,163,0,27000,A_gasC730,
2026-07-17,가스락,홈 상단 배너,소재 A,227073,107,0,70000,A_gasC790,
2026-07-17,가스락,홈 참여형 리스트 배너,소재 A,182996,115,0,71000,A_gasC720,
2026-07-17,가스락,홈 토스트 배너,소재 A,19950,365,0,48000,A_gasC710,
2026-07-17,카카오페이,전면 팝업,소재 A,217838,2766,0,0,A_kpaC730,굿리치_전면팝업_260706
2026-07-17,카카오페이,혜택A,소재 B,857503,262607,0,1200000,A_kpaC711,절약 할 수 있는 내 보험료 무료 확인
2026-07-18,KT PASS,PUSH,소재 A,14348,5,0,102000,A_pasB710,
2026-07-18,KT PASS,하단배너,소재 A,380,3,0,9000,A_pasB720,
2026-07-18,T멤버십,PUSH,소재 B,0,0,0,0,A_sktA711,매달 나가는 실비보험료 얼마나 줄일 수 있을까?
2026-07-18,T멤버십,미션탭,소재 A,158548,86,0,159000,A_sktB720,
2026-07-18,가스락,서브 참여형 리스트 배너,소재 A,3486,14,0,32000,A_gasC750,
2026-07-18,가스락,서브 텍스트 배너,소재 A,11259,131,0,23000,A_gasC730,
2026-07-18,가스락,홈 상단 배너,소재 A,214594,96,0,66000,A_gasC790,
2026-07-18,가스락,홈 참여형 리스트 배너,소재 A,181033,113,0,70000,A_gasC720,
2026-07-18,가스락,홈 토스트 배너,소재 A,17634,306,0,43000,A_gasC710,
2026-07-18,카카오페이,전면 팝업,소재 A,182110,2210,0,0,A_kpaC730,굿리치_전면팝업_260706
2026-07-18,카카오페이,혜택A,소재 B,857503,262607,0,1200000,A_kpaC711,절약 할 수 있는 내 보험료 무료 확인
2026-07-19,KT PASS,PUSH,소재 A,13873,2,0,99000,A_pasB710,
2026-07-19,KT PASS,하단배너,소재 A,394,1,0,9000,A_pasB720,
2026-07-19,T멤버십,PUSH,소재 B,0,0,0,0,A_sktA711,매달 나가는 실비보험료 얼마나 줄일 수 있을까?
2026-07-19,T멤버십,미션탭,소재 A,158396,106,0,158000,A_sktB720,
2026-07-19,가스락,서브 참여형 리스트 배너,소재 A,3316,7,0,31000,A_gasC750,
2026-07-19,가스락,서브 텍스트 배너,소재 A,38685,351,0,80000,A_gasC730,
2026-07-19,가스락,홈 상단 배너,소재 A,309463,119,0,95000,A_gasC790,
2026-07-19,가스락,홈 참여형 리스트 배너,소재 A,202258,120,0,79000,A_gasC720,
2026-07-19,가스락,홈 토스트 배너,소재 A,40148,472,0,97000,A_gasC710,
2026-07-19,카카오페이,전면 팝업,소재 A,164597,1972,0,0,A_kpaC730,굿리치_전면팝업_260706
2026-07-19,카카오페이,혜택A,소재 B,857503,262607,0,1200000,A_kpaC711,절약 할 수 있는 내 보험료 무료 확인
2026-07-20,KT PASS,PUSH,소재 A,61589,13,0,438000,A_pasB710,
2026-07-20,KT PASS,하단배너,소재 A,772,5,0,17000,A_pasB720,
2026-07-20,T멤버십,PUSH,소재 B,0,2509,300000,1909000,A_sktA711,매달 나가는 실비보험료 얼마나 줄일 수 있을까?
2026-07-20,T멤버십,미션탭,소재 B,158275,110,0,158000,A_sktA721,
2026-07-20,가스락,서브 참여형 리스트 배너,소재 A,3453,10,0,32000,A_gasC750,
2026-07-20,가스락,서브 텍스트 배너,소재 A,39989,302,0,83000,A_gasC730,
2026-07-20,가스락,홈 상단 배너,소재 A,348023,169,0,107000,A_gasC790,
2026-07-20,가스락,홈 참여형 리스트 배너,소재 A,223280,137,0,87000,A_gasC720,
2026-07-20,가스락,홈 토스트 배너,소재 A,30464,395,0,74000,A_gasC710,
2026-07-20,카카오페이,전면 팝업,소재 A,222658,2515,0,0,A_kpaC730,굿리치_전면팝업_260706
2026-07-21,KT PASS,PUSH,소재 A,59411,15,0,422000,A_pasB710,
2026-07-21,KT PASS,하단배너,소재 A,1109,7,0,25000,A_pasB720,
2026-07-21,T멤버십,PUSH,소재 B,0,1898,200000,1273000,A_sktA711,매달 나가는 실비보험료 얼마나 줄일 수 있을까?
2026-07-21,T멤버십,미션탭,소재 B,158287,96,0,158000,A_sktA721,
2026-07-21,가스락,서브 참여형 리스트 배너,소재 A,3215,17,0,30000,A_gasC750,
2026-07-21,가스락,서브 텍스트 배너,소재 A,39368,280,0,81000,A_gasC730,
2026-07-21,가스락,홈 상단 배너,소재 A,332148,138,0,102000,A_gasC790,
2026-07-21,가스락,홈 참여형 리스트 배너,소재 A,252329,171,0,98000,A_gasC720,
2026-07-21,가스락,홈 토스트 배너,소재 A,27161,425,0,66000,A_gasC710,
2026-07-21,카카오페이,전면 팝업,소재 A,214120,2637,0,0,A_kpaC730,굿리치_전면팝업_260706
2026-07-21,카카오페이,풀스크린,소재 A,1107,0,0,0,A_kpaC740,풀스크린배너_2607_보험진단서비스
2026-07-21,카카오페이,풀스크린,소재 B,1481,2,0,2000,A_kpaC741,풀스크린배너_2607_보험진단서비스
2026-07-21,카카오페이,풀스크린,소재 C,2787,7,0,8000,A_kpaC742,풀스크린배너_2607_보험진단서비스
2026-07-21,카카오페이,핏배너,소재 A,141512,129,0,66000,A_kpaC750,핏배너_2607_보험진단서비스
2026-07-21,카카오페이,핏배너,소재 B,56168,52,0,27000,A_kpaC751,핏배너_2607_보험진단서비스
2026-07-21,카카오페이,핏배너,소재 C,864403,856,0,437000,A_kpaC752,핏배너_2607_보험진단서비스
2026-07-22,KT PASS,PUSH,소재 A,57553,14,0,409000,A_pasB710,
2026-07-22,KT PASS,하단배너,소재 A,665,9,0,15000,A_pasB720,
2026-07-22,T멤버십,PUSH,소재 B,0,2798,300000,1909000,A_sktA711,매달 나가는 실비보험료 얼마나 줄일 수 있을까?
2026-07-22,T멤버십,미션탭,소재 B,158273,97,0,158000,A_sktA721,
2026-07-22,가스락,서브 참여형 리스트 배너,소재 A,3519,23,0,33000,A_gasC750,
2026-07-22,가스락,서브 텍스트 배너,소재 A,38725,213,0,80000,A_gasC730,
2026-07-22,가스락,홈 상단 배너,소재 A,315650,231,0,97000,A_gasC790,
2026-07-22,가스락,홈 참여형 리스트 배너,소재 A,244424,140,0,95000,A_gasC720,
2026-07-22,가스락,홈 토스트 배너,소재 A,29037,453,0,70000,A_gasC710,
2026-07-22,카카오페이,전면 팝업,소재 A,217342,2748,0,0,A_kpaC730,굿리치_전면팝업_260706
2026-07-22,카카오페이,풀스크린,소재 A,24217,51,0,151000,A_kpaC740,풀스크린배너_2607_보험진단서비스
2026-07-22,카카오페이,풀스크린,소재 B,32844,78,0,239000,A_kpaC741,풀스크린배너_2607_보험진단서비스
2026-07-22,카카오페이,풀스크린,소재 C,18250,36,0,90000,A_kpaC742,풀스크린배너_2607_보험진단서비스
2026-07-22,카카오페이,핏배너,소재 A,360130,326,0,170000,A_kpaC750,핏배너_2607_보험진단서비스
2026-07-22,카카오페이,핏배너,소재 B,57352,49,0,25000,A_kpaC751,핏배너_2607_보험진단서비스
2026-07-22,카카오페이,핏배너,소재 C,969760,822,0,421000,A_kpaC752,핏배너_2607_보험진단서비스
2026-07-23,KT PASS,PUSH,소재 A,58074,16,0,413000,A_pasB710,
2026-07-23,KT PASS,하단배너,소재 A,651,4,0,15000,A_pasB720,
2026-07-23,T멤버십,PUSH,소재 B,0,1847,200000,1273000,A_sktA711,매달 나가는 실비보험료 얼마나 줄일 수 있을까?
2026-07-23,T멤버십,미션탭,소재 B,158291,84,0,158000,A_sktA721,
2026-07-23,가스락,서브 참여형 리스트 배너,소재 A,3482,12,0,32000,A_gasC750,
2026-07-23,가스락,서브 텍스트 배너,소재 A,23614,161,0,49000,A_gasC730,
2026-07-23,가스락,홈 상단 배너,소재 A,277773,145,0,85000,A_gasC790,
2026-07-23,가스락,홈 참여형 리스트 배너,소재 A,228713,149,0,89000,A_gasC720,
2026-07-23,가스락,홈 토스트 배너,소재 A,22315,367,0,54000,A_gasC710,
2026-07-23,카카오페이,전면 팝업,소재 A,215850,2623,0,0,A_kpaC730,굿리치_전면팝업_260706
2026-07-23,카카오페이,풀스크린,소재 A,1015,1,0,3000,A_kpaC740,풀스크린배너_2607_보험진단서비스
2026-07-23,카카오페이,풀스크린,소재 B,85330,190,0,591000,A_kpaC741,풀스크린배너_2607_보험진단서비스
2026-07-23,카카오페이,풀스크린,소재 C,18751,40,0,124000,A_kpaC742,풀스크린배너_2607_보험진단서비스
2026-07-23,카카오페이,핏배너,소재 A,668456,532,0,277000,A_kpaC750,핏배너_2607_보험진단서비스
2026-07-23,카카오페이,핏배너,소재 B,32180,24,0,12000,A_kpaC751,핏배너_2607_보험진단서비스
2026-07-23,카카오페이,핏배너,소재 C,832454,782,0,407000,A_kpaC752,핏배너_2607_보험진단서비스
2026-07-24,KT PASS,PUSH,소재 A,61351,15,0,436000,A_pasB710,
2026-07-24,KT PASS,하단배너,소재 A,825,15,0,18000,A_pasB720,
2026-07-24,T멤버십,PUSH,소재 B,0,1781,200000,1273000,A_sktA711,매달 나가는 실비보험료 얼마나 줄일 수 있을까?
2026-07-24,T멤버십,미션탭,소재 B,158142,96,0,158000,A_sktA721,
2026-07-24,가스락,서브 참여형 리스트 배너,소재 A,3013,8,0,28000,A_gasC750,
2026-07-24,가스락,서브 텍스트 배너,소재 A,22606,134,0,47000,A_gasC730,
2026-07-24,가스락,홈 상단 배너,소재 A,277808,118,0,85000,A_gasC790,
2026-07-24,가스락,홈 참여형 리스트 배너,소재 A,226549,118,0,88000,A_gasC720,
2026-07-24,가스락,홈 토스트 배너,소재 A,23664,383,0,57000,A_gasC710,
2026-07-24,카카오페이,전면 팝업,소재 A,216693,2604,0,0,A_kpaC730,굿리치_전면팝업_260706
2026-07-24,카카오페이,풀스크린,소재 A,1347,2,0,6000,A_kpaC740,풀스크린배너_2607_보험진단서비스
2026-07-24,카카오페이,풀스크린,소재 B,93064,193,0,600000,A_kpaC741,풀스크린배너_2607_보험진단서비스
2026-07-24,카카오페이,풀스크린,소재 C,20027,38,0,118000,A_kpaC742,풀스크린배너_2607_보험진단서비스
2026-07-24,카카오페이,핏배너,소재 A,4,0,0,0,A_kpaC750,핏배너_2607_보험진단서비스
2026-07-24,카카오페이,핏배너,소재 B,55921,160,0,83000,A_kpaC751,핏배너_2607_보험진단서비스
2026-07-24,카카오페이,핏배너,소재 C,598824,1126,0,566000,A_kpaC752,핏배너_2607_보험진단서비스
2026-07-25,KT PASS,PUSH,소재 A,19651,8,0,140000,A_pasB710,
2026-07-25,KT PASS,하단배너,소재 A,358,3,0,8000,A_pasB720,
2026-07-25,T멤버십,PUSH,소재 B,0,0,0,0,A_sktA711,매달 나가는 실비보험료 얼마나 줄일 수 있을까?
2026-07-25,T멤버십,미션탭,소재 B,158130,80,0,158000,A_sktA721,
2026-07-25,가스락,서브 참여형 리스트 배너,소재 A,2874,7,0,27000,A_gasC750,
2026-07-25,가스락,서브 텍스트 배너,소재 A,22466,128,0,46000,A_gasC730,
2026-07-25,가스락,홈 상단 배너,소재 A,282856,124,0,87000,A_gasC790,
2026-07-25,가스락,홈 참여형 리스트 배너,소재 A,221843,114,0,86000,A_gasC720,
2026-07-25,가스락,홈 토스트 배너,소재 A,24732,386,0,60000,A_gasC710,
2026-07-25,카카오페이,전면 팝업,소재 A,180962,2360,0,0,A_kpaC730,굿리치_전면팝업_260706
2026-07-25,카카오페이,풀스크린,소재 A,5168,11,0,34000,A_kpaC740,풀스크린배너_2607_보험진단서비스
2026-07-25,카카오페이,풀스크린,소재 B,47612,138,0,429000,A_kpaC741,풀스크린배너_2607_보험진단서비스
2026-07-25,카카오페이,풀스크린,소재 C,12189,34,0,106000,A_kpaC742,풀스크린배너_2607_보험진단서비스
2026-07-25,카카오페이,핏배너,소재 A,61,1,0,1000,A_kpaC750,핏배너_2607_보험관심
2026-07-25,카카오페이,핏배너,소재 B,1,0,0,0,A_kpaC751,핏배너_2607_보험진단서비스
2026-07-25,카카오페이,핏배너,소재 C,3,0,0,0,A_kpaC752,핏배너_2607_보험진단서비스
2026-07-26,KT PASS,PUSH,소재 A,15040,2,0,107000,A_pasB710,
2026-07-26,KT PASS,하단배너,소재 A,376,4,0,8000,A_pasB720,
2026-07-26,T멤버십,PUSH,소재 B,0,0,0,0,A_sktA711,매달 나가는 실비보험료 얼마나 줄일 수 있을까?
2026-07-26,T멤버십,미션탭,소재 B,158099,88,0,158000,A_sktA721,
2026-07-26,가스락,서브 참여형 리스트 배너,소재 A,2744,6,0,25000,A_gasC750,
2026-07-26,가스락,서브 텍스트 배너,소재 A,14885,160,0,31000,A_gasC730,
2026-07-26,가스락,홈 상단 배너,소재 A,245987,129,0,75000,A_gasC790,
2026-07-26,가스락,홈 참여형 리스트 배너,소재 A,212900,124,0,83000,A_gasC720,
2026-07-26,가스락,홈 토스트 배너,소재 A,19206,320,0,46000,A_gasC710,
2026-07-26,카카오페이,전면 팝업,소재 A,178974,2078,0,0,A_kpaC730,굿리치_전면팝업_260706
2026-07-26,카카오페이,풀스크린,소재 A,4,0,0,0,A_kpaC740,풀스크린배너_2607_보험진단서비스
2026-07-26,카카오페이,풀스크린,소재 B,124,0,0,0,A_kpaC741,풀스크린배너_2607_보험진단서비스
2026-07-26,카카오페이,풀스크린,소재 C,37,0,0,0,A_kpaC742,풀스크린배너_2607_보험진단서비스
2026-07-26,카카오페이,핏배너,소재 A,2,0,0,0,A_kpaC750,핏배너_2607_보험관심
2026-07-26,카카오페이,핏배너,소재 B,1,0,0,0,A_kpaC751,핏배너_2607_보험진단서비스
2026-07-26,카카오페이,핏배너,소재 C,1,0,0,0,A_kpaC752,핏배너_2607_보험진단서비스
2026-07-27,KT PASS,PUSH,소재 A,62824,5,0,446000,A_pasB710,
2026-07-27,KT PASS,하단배너,소재 A,945,12,0,21000,A_pasB720,
2026-07-27,T멤버십,PUSH,소재 B,0,2696,300000,1909000,A_sktA711,매달 나가는 실비보험료 얼마나 줄일 수 있을까?
2026-07-27,T멤버십,미션탭,소재 B,157856,88,0,158000,A_sktA721,
2026-07-27,가스락,서브 참여형 리스트 배너,소재 A,2938,7,0,27000,A_gasC750,
2026-07-27,가스락,서브 텍스트 배너,소재 A,21369,154,0,44000,A_gasC730,
2026-07-27,가스락,홈 상단 배너,소재 A,285850,147,0,88000,A_gasC790,
2026-07-27,가스락,홈 참여형 리스트 배너,소재 A,234527,116,0,91000,A_gasC720,
2026-07-27,가스락,홈 토스트 배너,소재 A,37268,594,0,90000,A_gasC710,
2026-07-27,카카오페이,풀스크린,소재 A,3,0,0,0,A_kpaC740,풀스크린배너_2607_보험진단서비스
2026-07-27,카카오페이,풀스크린,소재 B,75,1,0,3000,A_kpaC741,풀스크린배너_2607_보험진단서비스
2026-07-27,카카오페이,풀스크린,소재 C,18,0,0,0,A_kpaC742,풀스크린배너_2607_보험진단서비스
2026-07-27,카카오페이,핏배너,소재 A,1,0,0,0,A_kpaC750,핏배너_2607_보험관심
2026-07-27,카카오페이,핏배너,소재 B,1,0,0,0,A_kpaC751,핏배너_2607_보험관심
2026-07-28,KT PASS,PUSH,소재 A,64705,13,0,460000,A_pasB710,
2026-07-28,KT PASS,하단배너,소재 A,623,4,0,14000,A_pasB720,
2026-07-28,T멤버십,PUSH,소재 B,0,1803,200000,1273000,A_sktA711,매달 나가는 실비보험료 얼마나 줄일 수 있을까?
2026-07-28,T멤버십,미션탭,소재 B,157849,105,0,158000,A_sktA721,
2026-07-28,가스락,서브 참여형 리스트 배너,소재 A,2967,9,0,27000,A_gasC750,
2026-07-28,가스락,서브 텍스트 배너,소재 A,23949,137,0,49000,A_gasC730,
2026-07-28,가스락,홈 상단 배너,소재 A,271978,108,0,83000,A_gasC790,
2026-07-28,가스락,홈 참여형 리스트 배너,소재 A,209487,123,0,82000,A_gasC720,
2026-07-28,가스락,홈 토스트 배너,소재 A,37783,549,0,91000,A_gasC710,
2026-07-28,카카오페이,풀스크린,소재 A,5,0,0,0,A_kpaC740,풀스크린배너_2607_보험관심
2026-07-28,카카오페이,풀스크린,소재 B,37,0,0,0,A_kpaC741,풀스크린배너_2607_보험진단서비스
2026-07-28,카카오페이,풀스크린,소재 C,13,0,0,0,A_kpaC742,풀스크린배너_2607_보험진단서비스
2026-07-28,카카오페이,핏배너,소재 B,1,0,0,0,A_kpaC751,핏배너_2607_보험관심
2026-07-29,KT PASS,PUSH,소재 A,65106,15,0,463000,A_pasB710,
2026-07-29,KT PASS,하단배너,소재 A,631,5,0,14000,A_pasB720,
2026-07-29,T멤버십,PUSH,소재 B,0,2887,300000,1909000,A_sktA711,매달 나가는 실비보험료 얼마나 줄일 수 있을까?
2026-07-29,T멤버십,미션탭,소재 B,157945,95,0,158000,A_sktA721,
2026-07-29,가스락,서브 참여형 리스트 배너,소재 A,3478,9,0,32000,A_gasC750,
2026-07-29,가스락,서브 텍스트 배너,소재 A,42238,263,0,87000,A_gasC730,
2026-07-29,가스락,홈 상단 배너,소재 A,335533,124,0,103000,A_gasC790,
2026-07-29,가스락,홈 참여형 리스트 배너,소재 A,231915,172,0,90000,A_gasC720,
2026-07-29,가스락,홈 토스트 배너,소재 A,54195,687,0,131000,A_gasC710,
2026-07-29,카카오페이,풀스크린,소재 A,1,0,0,0,A_kpaC740,풀스크린배너_2607_보험관심
2026-07-29,카카오페이,풀스크린,소재 B,1,0,0,0,A_kpaC741,풀스크린배너_2607_보험진단서비스
2026-07-29,카카오페이,풀스크린,소재 C,2,0,0,0,A_kpaC742,풀스크린배너_2607_보험진단서비스
2026-07-30,KT PASS,PUSH,소재 A,64967,9,0,462000,A_pasB710,
2026-07-30,KT PASS,하단배너,소재 A,871,2,0,19000,A_pasB720,
2026-07-30,T멤버십,PUSH,소재 B,0,1833,200000,1273000,A_sktA711,매달 나가는 실비보험료 얼마나 줄일 수 있을까?
2026-07-30,T멤버십,미션탭,소재 B,157906,75,0,158000,A_sktA721,
2026-07-30,가스락,서브 참여형 리스트 배너,소재 A,3506,10,0,32000,A_gasC750,
2026-07-30,가스락,서브 텍스트 배너,소재 A,30710,194,0,63000,A_gasC730,
2026-07-30,가스락,홈 상단 배너,소재 A,320948,131,0,97000,A_gasC790,
2026-07-30,가스락,홈 참여형 리스트 배너,소재 A,232526,159,0,91000,A_gasC720,
2026-07-30,가스락,홈 토스트 배너,소재 A,51462,682,0,123000,A_gasC710,
2026-07-31,KT PASS,PUSH,소재 A,71540,8,0,509000,A_pasB710,
2026-07-31,KT PASS,하단배너,소재 A,811,11,0,18000,A_pasB720,
2026-07-31,T멤버십,PUSH,소재 B,0,1810,200000,1271000,A_sktA711,매달 나가는 실비보험료 얼마나 줄일 수 있을까?
2026-07-31,T멤버십,미션탭,소재 B,157907,69,0,158000,A_sktA721,
2026-07-31,가스락,서브 참여형 리스트 배너,소재 A,3457,13,0,32000,A_gasC750,
2026-07-31,가스락,서브 텍스트 배너,소재 A,27024,194,0,56000,A_gasC730,
2026-07-31,가스락,홈 상단 배너,소재 A,286939,103,0,87000,A_gasC790,
2026-07-31,가스락,홈 참여형 리스트 배너,소재 A,225096,121,0,89000,A_gasC720,
2026-07-31,가스락,홈 토스트 배너,소재 A,39534,638,0,94000,A_gasC710,
2026-08-01,KT PASS,PUSH,소재 A,23510,3,0,182000,A_pasB0810,
2026-08-01,KT PASS,하단배너,소재 A,479,3,0,4000,A_pasB0820,
2026-08-01,T멤버십,PUSH,소재 A,0,0,0,0,A_sktB0810,"불필요한 건 빼고, 핵심만 꽉 채웠다!"
2026-08-01,T멤버십,미션탭,소재 A,166679,131,0,166000,A_sktB0820,
2026-08-01,가스락,서브 참여형 리스트 배너,소재 A,6929,21,0,45000,A_gasB0850,
2026-08-01,가스락,서브 텍스트 배너,소재 A,49222,406,0,89000,A_gasB0830,
2026-08-01,가스락,홈 상단 배너,소재 A,242455,141,0,90000,A_gasB0890,
2026-08-01,가스락,홈 참여형 리스트 배너,소재 A,187045,173,0,87000,A_gasB0820,
2026-08-01,가스락,홈 토스트 배너,소재 A,26717,486,0,68000,A_gasB0810,
2026-08-02,KT PASS,PUSH,소재 A,14403,7,0,112000,A_pasB0810,
2026-08-02,KT PASS,하단배너,소재 A,449,2,0,4000,A_pasB0820,
2026-08-02,T멤버십,PUSH,소재 A,0,0,0,0,A_sktB0810,"불필요한 건 빼고, 핵심만 꽉 채웠다!"
2026-08-02,T멤버십,미션탭,소재 A,169682,118,0,169000,A_sktB0820,
2026-08-02,가스락,서브 참여형 리스트 배너,소재 A,6125,17,0,39000,A_gasB0850,
2026-08-02,가스락,서브 텍스트 배너,소재 A,35024,308,0,63000,A_gasB0830,
2026-08-02,가스락,홈 상단 배너,소재 A,220088,118,0,82000,A_gasB0890,
2026-08-02,가스락,홈 참여형 리스트 배너,소재 A,179350,129,0,83000,A_gasB0820,
2026-08-02,가스락,홈 토스트 배너,소재 A,21930,419,0,56000,A_gasB0810,
2026-08-03,KT PASS,PUSH,소재 A,63918,15,0,495000,A_pasB0810,
2026-08-03,KT PASS,하단배너,소재 A,723,4,0,6000,A_pasB0820,
2026-08-03,T멤버십,PUSH,소재 A,0,3195,300000,1843000,A_sktB0810,"불필요한 건 빼고, 핵심만 꽉 채웠다!"
2026-08-03,T멤버십,미션탭,소재 A,173616,115,0,173000,A_sktB0820,
2026-08-03,가스락,서브 참여형 리스트 배너,소재 A,7978,27,0,51000,A_gasB0850,
2026-08-03,가스락,서브 텍스트 배너,소재 A,52229,393,0,94000,A_gasB0830,
2026-08-03,가스락,홈 상단 배너,소재 A,294342,169,0,109000,A_gasB0890,
2026-08-03,가스락,홈 참여형 리스트 배너,소재 A,209393,147,0,97000,A_gasB0820,
2026-08-03,가스락,홈 토스트 배너,소재 A,44263,820,0,113000,A_gasB0810,
2026-08-03,카카오페이,혜택A,소재 A,786845,265739,0,1101000,A_kpaB0810,내 보험은 괜찮을까? 5세대 실비와 비교
2026-08-04,KT PASS,PUSH,소재 A,57274,6,0,444000,A_pasB0810,
2026-08-04,KT PASS,하단배너,소재 A,715,3,0,6000,A_pasB0820,
2026-08-04,T멤버십,PUSH,소재 A,0,3182,300000,1843000,A_sktB0810,"불필요한 건 빼고, 핵심만 꽉 채웠다!"
2026-08-04,T멤버십,미션탭,소재 A,166952,117,0,166000,A_sktB0820,
2026-08-04,가스락,서브 참여형 리스트 배너,소재 A,6341,17,0,41000,A_gasB0850,
2026-08-04,가스락,서브 텍스트 배너,소재 A,53901,337,0,97000,A_gasB0830,
2026-08-04,가스락,홈 상단 배너,소재 A,300519,188,0,111000,A_gasB0890,
2026-08-04,가스락,홈 참여형 리스트 배너,소재 A,206560,131,0,96000,A_gasB0820,
2026-08-04,가스락,홈 토스트 배너,소재 A,48279,838,0,123000,A_gasB0810,
2026-08-04,카카오페이,혜택A,소재 A,755662,264902,0,1058000,A_kpaB0810,내 보험은 괜찮을까? 5세대 실비와 비교
2026-08-05,KT PASS,PUSH,소재 A,57611,13,0,446000,A_pasB0810,
2026-08-05,KT PASS,하단배너,소재 A,1093,6,0,9000,A_pasB0820,
2026-08-05,T멤버십,PUSH,소재 A,0,3330,300000,1842000,A_sktB0810,"불필요한 건 빼고, 핵심만 꽉 채웠다!"
2026-08-05,T멤버십,미션탭,소재 A,166936,112,0,166000,A_sktB0820,
2026-08-05,가스락,서브 참여형 리스트 배너,소재 A,6120,18,0,39000,A_gasB0850,
2026-08-05,가스락,서브 텍스트 배너,소재 A,48717,289,0,88000,A_gasB0830,
2026-08-05,가스락,홈 상단 배너,소재 A,295183,175,0,109000,A_gasB0890,
2026-08-05,가스락,홈 참여형 리스트 배너,소재 A,204374,145,0,95000,A_gasB0820,
2026-08-05,가스락,홈 토스트 배너,소재 A,45695,789,0,117000,A_gasB0810,
2026-08-05,카카오페이,혜택A,소재 A,661398,263475,0,926000,A_kpaB0810,내 보험은 괜찮을까? 5세대 실비와 비교
2026-08-06,KT PASS,PUSH,소재 A,55203,9,0,428000,A_pasB0810,
2026-08-06,KT PASS,하단배너,소재 A,798,6,0,7000,A_pasB0820,
2026-08-06,T멤버십,PUSH,소재 A,0,2205,200000,1228000,A_sktB0810,"불필요한 건 빼고, 핵심만 꽉 채웠다!"
2026-08-06,T멤버십,미션탭,소재 A,165450,129,0,164000,A_sktB0820,
2026-08-06,가스락,서브 참여형 리스트 배너,소재 A,6252,16,0,40000,A_gasB0850,
2026-08-06,가스락,서브 텍스트 배너,소재 A,35768,314,0,65000,A_gasB0830,
2026-08-06,가스락,홈 상단 배너,소재 A,269177,143,0,100000,A_gasB0890,
2026-08-06,가스락,홈 참여형 리스트 배너,소재 A,198076,149,0,92000,A_gasB0820,
2026-08-06,가스락,홈 토스트 배너,소재 A,39208,684,0,100000,A_gasB0810,
2026-08-06,카카오페이,혜택A,소재 A,639609,261604,0,895000,A_kpaB0810,내 보험은 괜찮을까? 5세대 실비와 비교
2026-08-07,KT PASS,PUSH,소재 A,56971,5,0,441000,A_pasB0810,
2026-08-07,KT PASS,하단배너,소재 A,975,4,0,8000,A_pasB0820,
2026-08-07,T멤버십,PUSH,소재 A,0,3224,300000,1842000,A_sktB0810,"불필요한 건 빼고, 핵심만 꽉 채웠다!"
2026-08-07,T멤버십,미션탭,소재 A,163989,135,0,163000,A_sktB0820,
2026-08-07,가스락,서브 참여형 리스트 배너,소재 A,5925,13,0,38000,A_gasB0850,
2026-08-07,가스락,서브 텍스트 배너,소재 A,28786,208,0,52000,A_gasB0830,
2026-08-07,가스락,홈 상단 배너,소재 A,247125,143,0,92000,A_gasB0890,
2026-08-07,가스락,홈 참여형 리스트 배너,소재 A,170650,148,0,79000,A_gasB0820,
2026-08-07,가스락,홈 토스트 배너,소재 A,28815,514,0,74000,A_gasB0810,
2026-08-07,카카오페이,혜택A,소재 A,607695,257772,0,851000,A_kpaB0810,내 보험은 괜찮을까? 5세대 실비와 비교
2026-08-08,KT PASS,PUSH,소재 A,18182,7,0,141000,A_pasB0810,
2026-08-08,KT PASS,하단배너,소재 A,488,3,0,4000,A_pasB0820,
2026-08-08,T멤버십,PUSH,소재 A,0,0,0,0,A_sktB0810,"불필요한 건 빼고, 핵심만 꽉 채웠다!"
2026-08-08,T멤버십,미션탭,소재 A,163998,121,0,163000,A_sktB0820,
2026-08-08,가스락,서브 참여형 리스트 배너,소재 A,5411,17,0,35000,A_gasB0850,
2026-08-08,가스락,서브 텍스트 배너,소재 A,25563,198,0,46000,A_gasB0830,
2026-08-08,가스락,홈 상단 배너,소재 A,217768,117,0,81000,A_gasB0890,
2026-08-08,가스락,홈 참여형 리스트 배너,소재 A,156406,139,0,73000,A_gasB0820,
2026-08-08,가스락,홈 토스트 배너,소재 A,21217,391,0,54000,A_gasB0810,
2026-08-08,카카오페이,혜택A,소재 A,563859,254085,0,789000,A_kpaB0810,내 보험은 괜찮을까? 5세대 실비와 비교
2026-08-09,KT PASS,PUSH,소재 A,14179,6,0,110000,A_pasB0810,
2026-08-09,KT PASS,하단배너,소재 A,449,5,0,4000,A_pasB0820,
2026-08-09,T멤버십,PUSH,소재 A,0,0,0,0,A_sktB0810,"불필요한 건 빼고, 핵심만 꽉 채웠다!"
2026-08-09,T멤버십,미션탭,소재 A,163967,119,0,163000,A_sktB0820,
2026-08-09,가스락,서브 참여형 리스트 배너,소재 A,5856,11,0,38000,A_gasB0850,
2026-08-09,가스락,서브 텍스트 배너,소재 A,72135,414,0,130000,A_gasB0830,
2026-08-09,가스락,홈 상단 배너,소재 A,289723,180,0,107000,A_gasB0890,
2026-08-09,가스락,홈 참여형 리스트 배너,소재 A,171889,149,0,80000,A_gasB0820,
2026-08-09,가스락,홈 토스트 배너,소재 A,40484,539,0,103000,A_gasB0810,
2026-08-09,카카오페이,혜택A,소재 A,571269,259254,0,800000,A_kpaB0810,내 보험은 괜찮을까? 5세대 실비와 비교
2026-08-10,KT PASS,PUSH,소재 A,58496,9,0,453000,A_pasB0810,
2026-08-10,KT PASS,하단배너,소재 A,1171,4,0,10000,A_pasB0820,
2026-08-10,T멤버십,PUSH,소재 A,0,3044,300000,1842000,A_sktB0810,"불필요한 건 빼고, 핵심만 꽉 채웠다!"
2026-08-10,T멤버십,미션탭,소재 A,162926,105,0,162000,A_sktB0820,
2026-08-10,가스락,서브 참여형 리스트 배너,소재 A,5809,9,0,37000,A_gasB0850,
2026-08-10,가스락,서브 텍스트 배너,소재 A,45447,322,0,82000,A_gasB0830,
2026-08-10,가스락,홈 상단 배너,소재 A,288089,170,0,107000,A_gasB0890,
2026-08-10,가스락,홈 참여형 리스트 배너,소재 A,188070,141,0,87000,A_gasB0820,
2026-08-10,가스락,홈 토스트 배너,소재 A,34834,545,0,89000,A_gasB0810,
2026-08-11,KT PASS,PUSH,소재 A,58058,14,0,450000,A_pasB0810,
2026-08-11,KT PASS,하단배너,소재 A,814,2,0,7000,A_pasB0820,
2026-08-11,T멤버십,PUSH,소재 A,0,2070,200000,1228000,A_sktB0810,"불필요한 건 빼고, 핵심만 꽉 채웠다!"
2026-08-11,T멤버십,미션탭,소재 A,161930,107,0,161000,A_sktB0820,
2026-08-11,가스락,서브 참여형 리스트 배너,소재 A,6089,60,0,39000,A_gasB0850,
2026-08-11,가스락,서브 텍스트 배너,소재 A,79320,468,0,143000,A_gasB0830,
2026-08-11,가스락,홈 상단 배너,소재 A,291245,185,0,108000,A_gasB0890,
2026-08-11,가스락,홈 참여형 리스트 배너,소재 A,247461,145,0,115000,A_gasB0820,
2026-08-11,가스락,홈 토스트 배너,소재 A,51871,798,0,133000,A_gasB0810,
2026-08-12,KT PASS,PUSH,소재 A,55719,12,0,432000,A_pasB0810,
2026-08-12,KT PASS,하단배너,소재 A,864,2,0,7000,A_pasB0820,
2026-08-12,T멤버십,PUSH,소재 A,0,3222,300000,1842000,A_sktB0810,"불필요한 건 빼고, 핵심만 꽉 채웠다!"
2026-08-12,T멤버십,미션탭,소재 A,160941,119,0,160000,A_sktB0820,
2026-08-12,가스락,서브 참여형 리스트 배너,소재 A,4791,116,0,31000,A_gasB0850,
2026-08-12,가스락,서브 텍스트 배너,소재 A,70056,339,0,126000,A_gasB0830,
2026-08-12,가스락,홈 상단 배너,소재 A,239815,175,0,89000,A_gasB0890,
2026-08-12,가스락,홈 참여형 리스트 배너,소재 A,244127,129,0,113000,A_gasB0820,
2026-08-12,가스락,홈 토스트 배너,소재 A,50306,729,0,129000,A_gasB0810,
2026-08-13,KT PASS,PUSH,소재 A,55303,9,0,429000,A_pasB0810,
2026-08-13,KT PASS,하단배너,소재 A,1194,5,0,10000,A_pasB0820,
2026-08-13,T멤버십,PUSH,소재 A,0,2103,200000,1228000,A_sktB0810,"불필요한 건 빼고, 핵심만 꽉 채웠다!"
2026-08-13,T멤버십,미션탭,소재 A,160957,124,0,160000,A_sktB0820,
2026-08-13,가스락,서브 참여형 리스트 배너,소재 A,3331,56,0,21000,A_gasB0850,
2026-08-13,가스락,서브 텍스트 배너,소재 A,31505,208,0,57000,A_gasB0830,
2026-08-13,가스락,홈 상단 배너,소재 A,214032,146,0,79000,A_gasB0890,
2026-08-13,가스락,홈 참여형 리스트 배너,소재 A,226498,133,0,105000,A_gasB0820,
2026-08-13,가스락,홈 토스트 배너,소재 A,40375,633,0,103000,A_gasB0810,
2026-08-14,KT PASS,PUSH,소재 A,53811,9,0,417000,A_pasB0810,
2026-08-14,KT PASS,하단배너,소재 A,981,5,0,8000,A_pasB0820,
2026-08-14,T멤버십,PUSH,소재 A,0,3091,300000,1842000,A_sktB0810,"불필요한 건 빼고, 핵심만 꽉 채웠다!"
2026-08-14,T멤버십,미션탭,소재 A,159948,105,0,159000,A_sktB0820,
2026-08-14,가스락,서브 참여형 리스트 배너,소재 A,3184,53,0,20000,A_gasB0850,
2026-08-14,가스락,서브 텍스트 배너,소재 A,18366,113,0,33000,A_gasB0830,
2026-08-14,가스락,홈 상단 배너,소재 A,185694,105,0,69000,A_gasB0890,
2026-08-14,가스락,홈 참여형 리스트 배너,소재 A,209522,121,0,97000,A_gasB0820,
2026-08-14,가스락,홈 토스트 배너,소재 A,32215,526,0,82000,A_gasB0810,
2026-08-15,KT PASS,PUSH,소재 A,15076,10,0,117000,A_pasB0810,
2026-08-15,KT PASS,하단배너,소재 A,426,1,0,4000,A_pasB0820,
2026-08-15,T멤버십,PUSH,소재 A,0,0,0,0,A_sktB0810,"불필요한 건 빼고, 핵심만 꽉 채웠다!"
2026-08-15,T멤버십,미션탭,소재 A,159984,104,0,159000,A_sktB0820,
2026-08-15,가스락,서브 참여형 리스트 배너,소재 A,2698,31,0,17000,A_gasB0850,
2026-08-15,가스락,서브 텍스트 배너,소재 A,20227,192,0,36000,A_gasB0830,
2026-08-15,가스락,홈 상단 배너,소재 A,179031,124,0,66000,A_gasB0890,
2026-08-15,가스락,홈 참여형 리스트 배너,소재 A,192484,106,0,89000,A_gasB0820,
2026-08-15,가스락,홈 토스트 배너,소재 A,31773,481,0,81000,A_gasB0810,
2026-08-16,KT PASS,PUSH,소재 A,11636,8,0,90000,A_pasB0810,
2026-08-16,KT PASS,하단배너,소재 A,366,5,0,3000,A_pasB0820,
2026-08-16,T멤버십,PUSH,소재 B,0,0,0,0,A_sktB0811,5세대 실비보험도 '특가'가 있다면?!
2026-08-16,T멤버십,미션탭,소재 A,159968,114,0,160000,A_sktB0820,
2026-08-16,가스락,서브 참여형 리스트 배너,소재 A,2603,40,0,17000,A_gasB0850,
2026-08-16,가스락,서브 텍스트 배너,소재 A,8878,77,0,16000,A_gasB0830,
2026-08-16,가스락,홈 상단 배너,소재 A,145826,93,0,54000,A_gasB0890,
2026-08-16,가스락,홈 참여형 리스트 배너,소재 A,184862,101,0,86000,A_gasB0820,
2026-08-16,가스락,홈 토스트 배너,소재 A,21711,380,0,55000,A_gasB0810,
2026-08-17,KT PASS,PUSH,소재 A,15315,4,0,119000,A_pasB0810,
2026-08-17,KT PASS,하단배너,소재 A,416,0,0,4000,A_pasB0820,
2026-08-17,T멤버십,PUSH,소재 A,0,0,0,0,A_sktB0811,5세대 실비보험도 '특가'가 있다면?!
2026-08-17,T멤버십,미션탭,소재 A,159911,93,0,160000,A_sktB0820,
2026-08-17,가스락,서브 참여형 리스트 배너,소재 A,2736,36,0,18000,A_gasB0850,
2026-08-17,가스락,서브 텍스트 배너,소재 A,10115,80,0,18000,A_gasB0830,
2026-08-17,가스락,홈 상단 배너,소재 A,159248,111,0,59000,A_gasB0890,
2026-08-17,가스락,홈 참여형 리스트 배너,소재 A,197623,113,0,92000,A_gasB0820,
2026-08-17,가스락,홈 토스트 배너,소재 A,24121,436,0,62000,A_gasB0810,
2026-08-18,KT PASS,PUSH,소재 A,57175,11,0,443000,A_pasB0810,
2026-08-18,KT PASS,하단배너,소재 A,777,2,0,7000,A_pasB0820,
2026-08-18,T멤버십,PUSH,소재 A,0,3118,300000,1842000,A_sktB0811,5세대 실비보험도 '특가'가 있다면?!
2026-08-18,T멤버십,미션탭,소재 A,159175,80,0,159000,A_sktB0820,
2026-08-18,가스락,서브 참여형 리스트 배너,소재 A,2877,16,0,18000,A_gasB0850,
2026-08-18,가스락,서브 텍스트 배너,소재 A,27939,154,0,50000,A_gasB0830,
2026-08-18,가스락,홈 상단 배너,소재 A,217105,137,0,80000,A_gasB0890,
2026-08-18,가스락,홈 참여형 리스트 배너,소재 A,223115,93,0,104000,A_gasB0820,
2026-08-18,가스락,홈 토스트 배너,소재 A,34103,455,0,87000,A_gasB0810,
2026-08-19,KT PASS,PUSH,소재 A,57344,5,0,444000,A_pasB0810,
2026-08-19,KT PASS,하단배너,소재 A,770,6,0,7000,A_pasB0820,
2026-08-19,T멤버십,PUSH,소재 A,0,3273,300000,1842000,A_sktB0811,5세대 실비보험도 '특가'가 있다면?!
2026-08-19,T멤버십,미션탭,소재 A,159158,107,0,159000,A_sktB0820,
2026-08-19,가스락,서브 참여형 리스트 배너,소재 A,3051,33,0,20000,A_gasB0850,
2026-08-19,가스락,서브 텍스트 배너,소재 A,21655,141,0,39000,A_gasB0830,
2026-08-19,가스락,홈 상단 배너,소재 A,217566,183,0,81000,A_gasB0890,
2026-08-19,가스락,홈 참여형 리스트 배너,소재 A,224931,126,0,105000,A_gasB0820,
2026-08-19,가스락,홈 토스트 배너,소재 A,31360,471,0,80000,A_gasB0810,
2026-08-20,KT PASS,PUSH,소재 A,58493,14,0,453000,A_pasB0810,
2026-08-20,KT PASS,하단배너,소재 A,1186,2,0,10000,A_pasB0820,
2026-08-20,T멤버십,PUSH,소재 A,0,3530,300000,1842000,A_sktB0811,5세대 실비보험도 '특가'가 있다면?!
2026-08-20,T멤버십,미션탭,소재 A,159235,84,0,159000,A_sktB0820,
2026-08-20,가스락,서브 참여형 리스트 배너,소재 A,3005,31,0,19000,A_gasB0850,
2026-08-20,가스락,서브 텍스트 배너,소재 A,49578,237,0,89000,A_gasB0830,
2026-08-20,가스락,홈 상단 배너,소재 A,282808,201,0,105000,A_gasB0890,
2026-08-20,가스락,홈 참여형 리스트 배너,소재 A,246126,132,0,114000,A_gasB0820,
2026-08-20,가스락,홈 토스트 배너,소재 A,51153,625,0,131000,A_gasB0810,
2026-08-21,KT PASS,PUSH,소재 A,57558,4,0,446000,A_pasB0810,
2026-08-21,KT PASS,하단배너,소재 A,1067,1,0,9000,A_pasB0820,
2026-08-21,T멤버십,PUSH,소재 A,0,3591,300000,1842000,A_sktB0811,5세대 실비보험도 '특가'가 있다면?!
2026-08-21,T멤버십,미션탭,소재 A,159183,114,0,159000,A_sktB0820,
2026-08-21,가스락,서브 참여형 리스트 배너,소재 A,3148,30,0,20000,A_gasB0850,
2026-08-21,가스락,서브 텍스트 배너,소재 A,39645,228,0,72000,A_gasB0830,
2026-08-21,가스락,홈 상단 배너,소재 A,238499,172,0,88000,A_gasB0890,
2026-08-21,가스락,홈 참여형 리스트 배너,소재 A,237461,132,0,110000,A_gasB0820,
2026-08-21,가스락,홈 토스트 배너,소재 A,37140,529,0,95000,A_gasB0810,
2026-08-22,KT PASS,PUSH,소재 A,18118,3,0,140000,A_pasB0810,
2026-08-22,KT PASS,하단배너,소재 A,473,2,0,4000,A_pasB0820,
2026-08-22,T멤버십,PUSH,소재 A,0,0,0,0,A_sktB0811,5세대 실비보험도 '특가'가 있다면?!
2026-08-22,T멤버십,미션탭,소재 A,159226,98,0,159000,A_sktB0820,
2026-08-22,가스락,서브 참여형 리스트 배너,소재 A,3052,30,0,20000,A_gasB0850,
2026-08-22,가스락,서브 텍스트 배너,소재 A,21790,145,0,39000,A_gasB0830,
2026-08-22,가스락,홈 상단 배너,소재 A,187909,119,0,70000,A_gasB0890,
2026-08-22,가스락,홈 참여형 리스트 배너,소재 A,203503,123,0,95000,A_gasB0820,
2026-08-22,가스락,홈 토스트 배너,소재 A,22805,411,0,58000,A_gasB0810,
2026-08-23,KT PASS,PUSH,소재 A,13940,6,0,108000,A_pasB0810,
2026-08-23,KT PASS,하단배너,소재 A,431,0,0,4000,A_pasB0820,
2026-08-23,T멤버십,PUSH,소재 A,0,0,0,0,A_sktB0811,5세대 실비보험도 '특가'가 있다면?!
2026-08-23,T멤버십,미션탭,소재 A,159196,97,0,159000,A_sktB0820,
2026-08-23,가스락,서브 참여형 리스트 배너,소재 A,3007,15,0,19000,A_gasB0850,
2026-08-23,가스락,서브 텍스트 배너,소재 A,18732,139,0,34000,A_gasB0830,
2026-08-23,가스락,홈 상단 배너,소재 A,190764,120,0,71000,A_gasB0890,
2026-08-23,가스락,홈 참여형 리스트 배너,소재 A,200342,123,0,93000,A_gasB0820,
2026-08-23,가스락,홈 토스트 배너,소재 A,20726,353,0,53000,A_gasB0810,
2026-08-24,KT PASS,PUSH,소재 A,57494,7,0,446000,A_pasB0810,
2026-08-24,KT PASS,하단배너,소재 A,873,1,0,8000,A_pasB0820,
2026-08-24,T멤버십,PUSH,소재 A,0,3591,300000,1842000,A_sktB0811,5세대 실비보험도 '특가'가 있다면?!
2026-08-24,T멤버십,미션탭,소재 A,159183,114,0,159000,A_sktB0820,
2026-08-24,가스락,서브 참여형 리스트 배너,소재 A,3256,22,0,21000,A_gasB0850,
2026-08-24,가스락,서브 텍스트 배너,소재 A,26639,134,0,48000,A_gasB0830,
2026-08-24,가스락,홈 상단 배너,소재 A,230322,133,0,85000,A_gasB0890,
2026-08-24,가스락,홈 참여형 리스트 배너,소재 A,232364,110,0,108000,A_gasB0820,
2026-08-24,가스락,홈 토스트 배너,소재 A,25270,387,0,65000,A_gasB0810,
2026-08-24,카카오페이,혜택A,소재 A,711931,268171,0,996000,A_kpaB0811,바쁜 당신을 위한 통합 보험료 계산!
2026-08-25,KT PASS,PUSH,소재 A,59645,13,0,462000,A_pasB0810,
2026-08-25,KT PASS,하단배너,소재 A,1201,7,0,10000,A_pasB0820,
2026-08-25,T멤버십,PUSH,소재 A,0,3530,300000,1842000,A_sktB0811,5세대 실비보험도 '특가'가 있다면?!
2026-08-25,T멤버십,미션탭,소재 A,159235,84,0,159000,A_sktB0820,
2026-08-25,가스락,서브 참여형 리스트 배너,소재 A,4018,33,0,26000,A_gasB0850,
2026-08-25,가스락,서브 텍스트 배너,소재 A,24843,153,0,45000,A_gasB0830,
2026-08-25,가스락,홈 상단 배너,소재 A,265744,166,0,98000,A_gasB0890,
2026-08-25,가스락,홈 참여형 리스트 배너,소재 A,252431,101,0,117000,A_gasB0820,
2026-08-25,가스락,홈 토스트 배너,소재 A,37897,598,0,97000,A_gasB0810,
2026-08-25,카카오페이,TMS,소재 A,74689,1512,140911,8736000,A_kpaB0820,기본 텍스트형_발송당일
2026-08-25,카카오페이,혜택A,소재 A,776585,269006,0,1087000,A_kpaB0811,바쁜 당신을 위한 통합 보험료 계산!
2026-08-26,KT PASS,PUSH,소재 A,61416,14,0,476000,A_pasB0810,
2026-08-26,KT PASS,하단배너,소재 A,4610,7,0,40000,A_pasB0820,
2026-08-26,T멤버십,PUSH,소재 A,0,3591,300000,1842000,A_sktB0811,5세대 실비보험도 '특가'가 있다면?!
2026-08-26,T멤버십,미션탭,소재 A,159183,114,0,159000,A_sktB0820,
2026-08-26,가스락,서브 참여형 리스트 배너,소재 A,3238,21,0,21000,A_gasB0850,
2026-08-26,가스락,서브 텍스트 배너,소재 A,30442,186,0,55000,A_gasB0830,
2026-08-26,가스락,홈 상단 배너,소재 A,249169,170,0,92000,A_gasB0890,
2026-08-26,가스락,홈 참여형 리스트 배너,소재 A,141011,96,0,66000,A_gasB0820,
2026-08-26,가스락,홈 토스트 배너,소재 A,37279,533,0,95000,A_gasB0810,
2026-08-26,카카오페이,혜택A,소재 A,746508,270066,0,1045000,A_kpaB0811,바쁜 당신을 위한 통합 보험료 계산!
2026-08-27,KT PASS,PUSH,소재 A,61154,7,0,474000,A_pasB0810,
2026-08-27,KT PASS,하단배너,소재 A,6837,6,0,59000,A_pasB0820,
2026-08-27,T멤버십,PUSH,소재 A,0,3591,300000,1842000,A_sktB0811,5세대 실비보험도 '특가'가 있다면?!
2026-08-27,T멤버십,미션탭,소재 A,159183,114,0,159000,A_sktB0820,
2026-08-27,가스락,서브 참여형 리스트 배너,소재 A,4745,33,0,30000,A_gasB0850,
2026-08-27,가스락,서브 텍스트 배너,소재 A,18714,133,0,34000,A_gasB0830,
2026-08-27,가스락,홈 상단 배너,소재 A,210974,127,0,78000,A_gasB0890,
2026-08-27,가스락,홈 참여형 리스트 배너,소재 A,96150,114,0,45000,A_gasB0820,
2026-08-27,가스락,홈 토스트 배너,소재 A,25060,359,0,64000,A_gasB0810,
2026-08-27,카카오페이,혜택A,소재 A,779958,272248,0,1092000,A_kpaB0811,바쁜 당신을 위한 통합 보험료 계산!
2026-08-28,KT PASS,PUSH,소재 A,58025,14,0,450000,A_pasB0810,
2026-08-28,KT PASS,하단배너,소재 A,7532,10,0,65000,A_pasB0820,
2026-08-28,T멤버십,PUSH,소재 A,0,3591,300000,1842000,A_sktB0811,5세대 실비보험도 '특가'가 있다면?!
2026-08-28,T멤버십,미션탭,소재 A,159183,114,0,159000,A_sktB0820,
2026-08-28,가스락,서브 참여형 리스트 배너,소재 A,4377,42,0,28000,A_gasB0850,
2026-08-28,가스락,서브 텍스트 배너,소재 A,16066,111,0,29000,A_gasB0830,
2026-08-28,가스락,홈 상단 배너,소재 A,198122,118,0,73000,A_gasB0890,
2026-08-28,가스락,홈 참여형 리스트 배너,소재 A,87262,117,0,41000,A_gasB0820,
2026-08-28,가스락,홈 토스트 배너,소재 A,17546,261,0,45000,A_gasB0810,
2026-08-28,카카오페이,혜택A,소재 A,762175,268196,0,1067000,A_kpaB0811,바쁜 당신을 위한 통합 보험료 계산!
2026-08-29,KT PASS,PUSH,소재 A,19863,2,0,154000,A_pasB0810,
2026-08-29,KT PASS,하단배너,소재 A,6229,2,0,54000,A_pasB0820,
2026-08-29,T멤버십,PUSH,소재 A,0,0,0,0,A_sktB0811,5세대 실비보험도 '특가'가 있다면?!
2026-08-29,T멤버십,미션탭,소재 A,159226,98,0,159000,A_sktB0820,
2026-08-29,가스락,서브 참여형 리스트 배너,소재 A,3183,22,0,20000,A_gasB0850,
2026-08-29,가스락,서브 텍스트 배너,소재 A,33754,179,0,61000,A_gasB0830,
2026-08-29,가스락,홈 상단 배너,소재 A,238570,129,0,88000,A_gasB0890,
2026-08-29,가스락,홈 참여형 리스트 배너,소재 A,90341,113,0,42000,A_gasB0820,
2026-08-29,가스락,홈 토스트 배너,소재 A,24834,279,0,63000,A_gasB0810,
2026-08-29,카카오페이,혜택A,소재 A,726433,263556,0,1017000,A_kpaB0811,바쁜 당신을 위한 통합 보험료 계산!
2026-08-30,KT PASS,PUSH,소재 A,15768,7,0,122000,A_pasB0810,
2026-08-30,KT PASS,하단배너,소재 A,6304,3,0,54000,A_pasB0820,
2026-08-30,T멤버십,PUSH,소재 A,0,0,0,0,A_sktB0811,5세대 실비보험도 '특가'가 있다면?!
2026-08-30,T멤버십,미션탭,소재 A,159196,97,0,159000,A_sktB0820,
2026-08-30,가스락,서브 참여형 리스트 배너,소재 A,4314,30,0,29000,A_gasB0850,
2026-08-30,가스락,서브 텍스트 배너,소재 A,15759,120,0,29000,A_gasB0830,
2026-08-30,가스락,홈 상단 배너,소재 A,219603,125,0,82000,A_gasB0890,
2026-08-30,가스락,홈 참여형 리스트 배너,소재 A,89419,133,0,42000,A_gasB0820,
2026-08-30,가스락,홈 토스트 배너,소재 A,21412,296,0,55000,A_gasB0810,
2026-08-30,카카오페이,혜택A,소재 A,703997,268615,0,985000,A_kpaB0811,바쁜 당신을 위한 통합 보험료 계산!
2026-08-31,KT PASS,PUSH,소재 A,74317,7,0,576000,A_pasB0810,
2026-08-31,KT PASS,하단배너,소재 A,7426,6,0,64000,A_pasB0820,
2026-08-31,T멤버십,PUSH,소재 A,0,3591,300000,1842000,A_sktB0811,5세대 실비보험도 '특가'가 있다면?!
2026-08-31,T멤버십,미션탭,소재 A,159183,114,0,159000,A_sktB0820,
2026-08-31,가스락,서브 참여형 리스트 배너,소재 A,6676,50,0,43000,A_gasB0850,
2026-08-31,가스락,서브 텍스트 배너,소재 A,22137,165,0,41000,A_gasB0830,
2026-08-31,가스락,홈 상단 배너,소재 A,258793,188,0,97000,A_gasB0890,
2026-08-31,가스락,홈 참여형 리스트 배너,소재 A,110565,110,0,52000,A_gasB0820,
2026-08-31,가스락,홈 토스트 배너,소재 A,26943,428,0,70000,A_gasB0810,
