캠페인 유형,일,캠페인,기기,노출수,클릭수,비용
검색,2026-01-01,굿리치몰_실비보험_C02,휴대전화,"1,025",57,574308
검색,2026-01-01,굿리치몰_실비보험_C02,컴퓨터,411,28,371897
검색,2026-01-01,굿리치몰_C01,휴대전화,"2,259",42,284263
검색,2026-01-01,굿리치몰_운전자보험_C09,휴대전화,"1,925",39,249108
검색,2026-01-01,굿리치몰_C01,컴퓨터,"1,079",35,204552
검색,2026-01-01,굿리치몰_암보험_C03,휴대전화,296,20,193996
검색,2026-01-01,굿리치몰_운전자보험_C09,컴퓨터,816,23,149885
검색,2026-01-01,굿리치몰_암보험_C03,컴퓨터,98,5,71814
검색,2026-01-01,굿리치몰_실비보험_C02,태블릿,34,5,44828
검색,2026-01-01,굿리치몰_치아보험_C04,휴대전화,199,7,40359
검색,2026-01-01,굿리치몰_치아보험_C04,컴퓨터,49,3,25304
검색,2026-01-01,굿리치몰_어린이보험_C06,휴대전화,80,4,18974
검색,2026-01-01,굿리치몰_보장분석_C16,컴퓨터,28,2,12556
검색,2026-01-01,굿리치몰_보장분석_C16,휴대전화,41,2,8852
검색,2026-01-01,굿리치몰_치아보험_C04,태블릿,3,1,8095
검색,2026-01-01,굿리치몰_C01,태블릿,42,2,6016
검색,2026-01-01,굿리치몰_치매보험_C07,휴대전화,208,2,4205
검색,2026-01-01,굿리치몰_치매보험_C07,컴퓨터,78,1,4069
검색,2026-01-01,굿리치몰_운전자보험_C09,태블릿,22,1,1686
검색,2026-01-01,굿리치몰_어린이보험_C06,컴퓨터,27,0,0
검색,2026-01-01,굿리치몰_어린이보험_C06,태블릿,1,0,0
검색,2026-01-01,굿리치몰_암보험_C03,태블릿,6,0,0
검색,2026-01-01,굿리치몰_치매보험_C07,태블릿,4,0,0
검색,2026-01-02,굿리치몰_실비보험_C02,휴대전화,774,50,536033
검색,2026-01-02,굿리치몰_실비보험_C02,컴퓨터,438,33,455530
검색,2026-01-02,굿리치몰_C01,휴대전화,"2,395",50,383392
검색,2026-01-02,굿리치몰_C01,컴퓨터,"1,990",64,300627
검색,2026-01-02,굿리치몰_운전자보험_C09,휴대전화,"1,848",43,270822
검색,2026-01-02,굿리치몰_운전자보험_C09,컴퓨터,"1,217",44,268340
검색,2026-01-02,굿리치몰_암보험_C03,휴대전화,349,20,181549
검색,2026-01-02,굿리치몰_치아보험_C04,휴대전화,375,23,173820
검색,2026-01-02,굿리치몰_치아보험_C04,컴퓨터,178,18,150871
검색,2026-01-02,굿리치몰_암보험_C03,컴퓨터,194,10,125535
검색,2026-01-02,굿리치몰_어린이보험_C06,휴대전화,93,6,54909
검색,2026-01-02,굿리치몰_보장분석_C16,컴퓨터,37,4,20198
검색,2026-01-02,굿리치몰_어린이보험_C06,컴퓨터,61,3,19962
검색,2026-01-02,굿리치몰_보장분석_C16,휴대전화,53,3,12954
검색,2026-01-02,굿리치몰_치매보험_C07,휴대전화,143,3,7250
검색,2026-01-02,굿리치몰_실비보험_C02,태블릿,6,0,0
검색,2026-01-02,굿리치몰_치아보험_C04,태블릿,5,0,0
검색,2026-01-02,굿리치몰_암보험_C03,태블릿,10,0,0
검색,2026-01-02,굿리치몰_치매보험_C07,컴퓨터,55,0,0
검색,2026-01-02,굿리치몰_보장분석_C16,태블릿,3,0,0
검색,2026-01-02,굿리치몰_C01,태블릿,45,0,0
검색,2026-01-02,굿리치몰_운전자보험_C09,태블릿,47,0,0
검색,2026-01-03,굿리치몰_실비보험_C02,휴대전화,"1,082",54,517474
검색,2026-01-03,굿리치몰_C01,휴대전화,"2,130",41,285697
검색,2026-01-03,굿리치몰_실비보험_C02,컴퓨터,363,19,243140
검색,2026-01-03,굿리치몰_C01,컴퓨터,"1,032",40,200933
검색,2026-01-03,굿리치몰_운전자보험_C09,휴대전화,"1,614",26,184881
검색,2026-01-03,굿리치몰_치아보험_C04,휴대전화,323,25,162554
검색,2026-01-03,굿리치몰_암보험_C03,휴대전화,314,15,125142
검색,2026-01-03,굿리치몰_암보험_C03,컴퓨터,75,9,109022
검색,2026-01-03,굿리치몰_운전자보험_C09,컴퓨터,601,15,104521
검색,2026-01-03,굿리치몰_치아보험_C04,컴퓨터,89,6,51825
검색,2026-01-03,굿리치몰_실비보험_C02,태블릿,32,2,30999
검색,2026-01-03,굿리치몰_어린이보험_C06,휴대전화,78,3,21497
검색,2026-01-03,굿리치몰_어린이보험_C06,컴퓨터,26,1,12504
검색,2026-01-03,굿리치몰_보장분석_C16,휴대전화,51,3,9398
검색,2026-01-03,굿리치몰_C01,태블릿,52,1,4274
검색,2026-01-03,굿리치몰_치아보험_C04,태블릿,1,0,0
검색,2026-01-03,굿리치몰_암보험_C03,태블릿,3,0,0
검색,2026-01-03,굿리치몰_치매보험_C07,컴퓨터,67,0,0
검색,2026-01-03,굿리치몰_치매보험_C07,휴대전화,160,0,0
검색,2026-01-03,굿리치몰_보장분석_C16,컴퓨터,12,0,0
검색,2026-01-03,굿리치몰_보장분석_C16,태블릿,3,0,0
검색,2026-01-03,굿리치몰_운전자보험_C09,태블릿,22,0,0
검색,2026-01-04,굿리치몰_실비보험_C02,휴대전화,984,53,546302
검색,2026-01-04,굿리치몰_실비보험_C02,컴퓨터,440,33,410952
검색,2026-01-04,굿리치몰_C01,컴퓨터,"1,090",40,232106
검색,2026-01-04,굿리치몰_C01,휴대전화,"1,865",23,170886
검색,2026-01-04,굿리치몰_운전자보험_C09,휴대전화,"1,222",29,145097
검색,2026-01-04,굿리치몰_운전자보험_C09,컴퓨터,518,15,114231
검색,2026-01-04,굿리치몰_암보험_C03,휴대전화,309,10,111694
검색,2026-01-04,굿리치몰_암보험_C03,컴퓨터,155,8,100301
검색,2026-01-04,굿리치몰_치아보험_C04,휴대전화,195,7,62957
검색,2026-01-04,굿리치몰_보장분석_C16,컴퓨터,33,3,30526
검색,2026-01-04,굿리치몰_어린이보험_C06,컴퓨터,56,3,26727
검색,2026-01-04,굿리치몰_치아보험_C04,컴퓨터,70,2,16045
검색,2026-01-04,굿리치몰_치매보험_C07,컴퓨터,58,2,11697
검색,2026-01-04,굿리치몰_치매보험_C07,휴대전화,118,2,9433
검색,2026-01-04,굿리치몰_어린이보험_C06,휴대전화,95,1,8899
검색,2026-01-04,굿리치몰_실비보험_C02,태블릿,22,1,7023
검색,2026-01-04,굿리치몰_C01,태블릿,56,1,3628
검색,2026-01-04,굿리치몰_보장분석_C16,휴대전화,46,1,897
검색,2026-01-04,굿리치몰_어린이보험_C06,태블릿,0,0,0
검색,2026-01-04,굿리치몰_치아보험_C04,태블릿,8,0,0
검색,2026-01-04,굿리치몰_암보험_C03,태블릿,3,0,0
검색,2026-01-04,굿리치몰_치매보험_C07,태블릿,0,0,0
검색,2026-01-04,굿리치몰_보장분석_C16,태블릿,2,0,0
검색,2026-01-04,굿리치몰_운전자보험_C09,태블릿,12,0,0
검색,2026-01-05,굿리치몰_실비보험_C02,컴퓨터,708,51,819669
검색,2026-01-05,굿리치몰_실비보험_C02,휴대전화,"1,085",48,640653
검색,2026-01-05,굿리치몰_C01,컴퓨터,"2,017",78,396393
검색,2026-01-05,굿리치몰_운전자보험_C09,컴퓨터,"1,456",46,289463
검색,2026-01-05,굿리치몰_C01,휴대전화,"2,525",48,285861
검색,2026-01-05,굿리치몰_운전자보험_C09,휴대전화,"2,045",45,278903
검색,2026-01-05,굿리치몰_암보험_C03,휴대전화,376,21,233110
검색,2026-01-05,굿리치몰_암보험_C03,컴퓨터,213,15,208582
검색,2026-01-05,굿리치몰_치아보험_C04,휴대전화,461,23,165954
검색,2026-01-05,굿리치몰_치아보험_C04,컴퓨터,236,17,151936
검색,2026-01-05,굿리치몰_보장분석_C16,컴퓨터,45,3,30014
검색,2026-01-05,굿리치몰_보장분석_C16,휴대전화,94,4,29219
검색,2026-01-05,굿리치몰_어린이보험_C06,컴퓨터,78,2,20845
검색,2026-01-05,굿리치몰_실비보험_C02,태블릿,12,1,20167
검색,2026-01-05,굿리치몰_C01,태블릿,42,3,12545
검색,2026-01-05,굿리치몰_어린이보험_C06,휴대전화,86,2,11741
검색,2026-01-05,굿리치몰_보장분석_C16,태블릿,11,1,3650
검색,2026-01-05,굿리치몰_치매보험_C07,휴대전화,176,1,1907
검색,2026-01-05,굿리치몰_어린이보험_C06,태블릿,3,0,0
검색,2026-01-05,굿리치몰_치아보험_C04,태블릿,4,0,0
검색,2026-01-05,굿리치몰_암보험_C03,태블릿,8,0,0
검색,2026-01-05,굿리치몰_치매보험_C07,컴퓨터,59,0,0
검색,2026-01-05,굿리치몰_치매보험_C07,태블릿,1,0,0
검색,2026-01-05,굿리치몰_운전자보험_C09,태블릿,17,0,0
검색,2026-01-06,굿리치몰_실비보험_C02,컴퓨터,600,47,580676
검색,2026-01-06,굿리치몰_실비보험_C02,휴대전화,"1,020",52,560448
검색,2026-01-06,굿리치몰_암보험_C03,컴퓨터,282,24,355130
검색,2026-01-06,굿리치몰_C01,컴퓨터,"1,793",85,348614
검색,2026-01-06,굿리치몰_암보험_C03,휴대전화,447,29,276915
검색,2026-01-06,굿리치몰_C01,휴대전화,"2,537",43,262271
검색,2026-01-06,굿리치몰_치아보험_C04,휴대전화,537,35,258973
검색,2026-01-06,굿리치몰_운전자보험_C09,휴대전화,"1,571",30,192047
검색,2026-01-06,굿리치몰_치아보험_C04,컴퓨터,253,24,163086
검색,2026-01-06,굿리치몰_운전자보험_C09,컴퓨터,"1,133",22,155849
검색,2026-01-06,굿리치몰_어린이보험_C06,컴퓨터,232,6,81364
검색,2026-01-06,굿리치몰_어린이보험_C06,휴대전화,148,7,51605
검색,2026-01-06,굿리치몰_보장분석_C16,컴퓨터,94,8,49067
검색,2026-01-06,굿리치몰_보장분석_C16,휴대전화,78,5,21638
검색,2026-01-06,굿리치몰_C01,태블릿,30,2,12430
검색,2026-01-06,굿리치몰_운전자보험_C09,태블릿,32,1,1555
검색,2026-01-06,굿리치몰_어린이보험_C06,태블릿,3,0,0
검색,2026-01-06,굿리치몰_실비보험_C02,태블릿,16,0,0
검색,2026-01-06,굿리치몰_치아보험_C04,태블릿,9,0,0
검색,2026-01-06,굿리치몰_암보험_C03,태블릿,6,0,0
검색,2026-01-06,굿리치몰_치매보험_C07,컴퓨터,46,0,0
검색,2026-01-06,굿리치몰_치매보험_C07,휴대전화,403,0,0
검색,2026-01-06,굿리치몰_치매보험_C07,태블릿,1,0,0
검색,2026-01-06,굿리치몰_보장분석_C16,태블릿,5,0,0
검색,2026-01-07,굿리치몰_실비보험_C02,휴대전화,"1,172",58,621611
검색,2026-01-07,굿리치몰_실비보험_C02,컴퓨터,646,39,493563
검색,2026-01-07,굿리치몰_암보험_C03,컴퓨터,235,21,369229
검색,2026-01-07,굿리치몰_치아보험_C04,휴대전화,522,33,272973
검색,2026-01-07,굿리치몰_C01,컴퓨터,"1,560",52,268996
검색,2026-01-07,굿리치몰_운전자보험_C09,컴퓨터,"1,133",39,262143
검색,2026-01-07,굿리치몰_C01,휴대전화,"2,410",39,236522
검색,2026-01-07,굿리치몰_암보험_C03,휴대전화,409,17,171407
검색,2026-01-07,굿리치몰_치아보험_C04,컴퓨터,225,14,106908
검색,2026-01-07,굿리치몰_운전자보험_C09,휴대전화,"1,511",17,96445
검색,2026-01-07,굿리치몰_어린이보험_C06,컴퓨터,137,6,47804
검색,2026-01-07,굿리치몰_어린이보험_C06,휴대전화,127,6,41925
검색,2026-01-07,굿리치몰_보장분석_C16,휴대전화,85,5,39334
검색,2026-01-07,굿리치몰_보장분석_C16,컴퓨터,64,3,24844
검색,2026-01-07,굿리치몰_실비보험_C02,태블릿,18,1,16225
검색,2026-01-07,굿리치몰_치매보험_C07,휴대전화,134,1,1124
검색,2026-01-07,굿리치몰_어린이보험_C06,태블릿,4,0,0
검색,2026-01-07,굿리치몰_치아보험_C04,태블릿,3,0,0
검색,2026-01-07,굿리치몰_암보험_C03,태블릿,8,0,0
검색,2026-01-07,굿리치몰_치매보험_C07,컴퓨터,24,0,0
검색,2026-01-07,굿리치몰_치매보험_C07,태블릿,1,0,0
검색,2026-01-07,굿리치몰_보장분석_C16,태블릿,3,0,0
검색,2026-01-07,굿리치몰_C01,태블릿,45,0,0
검색,2026-01-07,굿리치몰_운전자보험_C09,태블릿,26,0,0
검색,2026-01-08,굿리치몰_실비보험_C02,휴대전화,"1,287",60,626035
검색,2026-01-08,굿리치몰_실비보험_C02,컴퓨터,769,39,560863
검색,2026-01-08,굿리치몰_운전자보험_C09,휴대전화,"1,737",44,342012
검색,2026-01-08,굿리치몰_C01,컴퓨터,"1,583",74,320707
검색,2026-01-08,굿리치몰_C01,휴대전화,"2,814",37,263880
검색,2026-01-08,굿리치몰_치아보험_C04,휴대전화,567,39,258867
검색,2026-01-08,굿리치몰_운전자보험_C09,컴퓨터,933,34,250824
검색,2026-01-08,굿리치몰_암보험_C03,컴퓨터,216,14,193975
검색,2026-01-08,굿리치몰_암보험_C03,휴대전화,449,20,153371
검색,2026-01-08,굿리치몰_치아보험_C04,컴퓨터,244,19,153161
검색,2026-01-08,굿리치몰_보장분석_C16,컴퓨터,60,12,84712
검색,2026-01-08,굿리치몰_어린이보험_C06,컴퓨터,104,6,62609
검색,2026-01-08,굿리치몰_어린이보험_C06,휴대전화,131,3,25799
검색,2026-01-08,굿리치몰_보장분석_C16,휴대전화,53,2,10095
검색,2026-01-08,굿리치몰_치매보험_C07,휴대전화,123,1,4664
검색,2026-01-08,굿리치몰_C01,태블릿,45,1,470
검색,2026-01-08,굿리치몰_어린이보험_C06,태블릿,2,0,0
검색,2026-01-08,굿리치몰_실비보험_C02,태블릿,23,0,0
검색,2026-01-08,굿리치몰_치아보험_C04,태블릿,6,0,0
검색,2026-01-08,굿리치몰_암보험_C03,태블릿,3,0,0
검색,2026-01-08,굿리치몰_치매보험_C07,컴퓨터,32,0,0
검색,2026-01-08,굿리치몰_치매보험_C07,태블릿,2,0,0
검색,2026-01-08,굿리치몰_보장분석_C16,태블릿,3,0,0
검색,2026-01-08,굿리치몰_운전자보험_C09,태블릿,48,0,0
검색,2026-01-09,굿리치몰_실비보험_C02,컴퓨터,410,35,358387
검색,2026-01-09,굿리치몰_C01,컴퓨터,"1,219",63,326035
검색,2026-01-09,굿리치몰_실비보험_C02,휴대전화,810,40,291241
검색,2026-01-09,굿리치몰_운전자보험_C09,휴대전화,"1,656",37,247035
검색,2026-01-09,굿리치몰_C01,휴대전화,"2,199",37,216135
검색,2026-01-09,굿리치몰_암보험_C03,휴대전화,359,16,156032
검색,2026-01-09,굿리치몰_암보험_C03,컴퓨터,239,9,154779
검색,2026-01-09,굿리치몰_치아보험_C04,휴대전화,393,16,128107
검색,2026-01-09,굿리치몰_운전자보험_C09,컴퓨터,785,17,114475
검색,2026-01-09,굿리치몰_치아보험_C04,컴퓨터,173,10,85040
검색,2026-01-09,굿리치몰_실비보험_C02,태블릿,12,2,9368
검색,2026-01-09,굿리치몰_어린이보험_C06,컴퓨터,78,1,6789
검색,2026-01-09,굿리치몰_어린이보험_C06,휴대전화,109,1,5478
검색,2026-01-09,굿리치몰_치매보험_C07,컴퓨터,49,2,2558
검색,2026-01-09,굿리치몰_치매보험_C07,휴대전화,141,1,540
검색,2026-01-09,굿리치몰_어린이보험_C06,태블릿,2,0,0
검색,2026-01-09,굿리치몰_치아보험_C04,태블릿,2,0,0
검색,2026-01-09,굿리치몰_암보험_C03,태블릿,8,0,0
검색,2026-01-09,굿리치몰_치매보험_C07,태블릿,2,0,0
검색,2026-01-09,굿리치몰_보장분석_C16,컴퓨터,56,0,0
검색,2026-01-09,굿리치몰_보장분석_C16,휴대전화,56,0,0
검색,2026-01-09,굿리치몰_보장분석_C16,태블릿,0,0,0
검색,2026-01-09,굿리치몰_C01,태블릿,36,0,0
검색,2026-01-09,굿리치몰_운전자보험_C09,태블릿,20,0,0
검색,2026-01-10,굿리치몰_실비보험_C02,휴대전화,957,56,533569
검색,2026-01-10,굿리치몰_C01,휴대전화,"3,285",49,328173
검색,2026-01-10,굿리치몰_운전자보험_C09,휴대전화,"1,510",35,246995
검색,2026-01-10,굿리치몰_C01,컴퓨터,978,41,209251
검색,2026-01-10,굿리치몰_실비보험_C02,컴퓨터,252,14,192440
검색,2026-01-10,굿리치몰_암보험_C03,휴대전화,317,15,144776
검색,2026-01-10,굿리치몰_치아보험_C04,휴대전화,310,18,117549
검색,2026-01-10,굿리치몰_운전자보험_C09,컴퓨터,494,14,87924
검색,2026-01-10,굿리치몰_암보험_C03,컴퓨터,118,4,48962
검색,2026-01-10,굿리치몰_치아보험_C04,컴퓨터,81,5,37087
검색,2026-01-10,굿리치몰_어린이보험_C06,컴퓨터,43,4,28109
검색,2026-01-10,굿리치몰_C01,태블릿,68,3,23530
검색,2026-01-10,굿리치몰_보장분석_C16,휴대전화,38,3,10002
검색,2026-01-10,굿리치몰_보장분석_C16,컴퓨터,38,1,7295
검색,2026-01-10,굿리치몰_치매보험_C07,휴대전화,174,2,5804
검색,2026-01-10,굿리치몰_운전자보험_C09,태블릿,29,1,4055
검색,2026-01-10,굿리치몰_치매보험_C07,컴퓨터,65,1,1613
검색,2026-01-10,굿리치몰_어린이보험_C06,휴대전화,105,0,0
검색,2026-01-10,굿리치몰_어린이보험_C06,태블릿,2,0,0
검색,2026-01-10,굿리치몰_실비보험_C02,태블릿,15,0,0
검색,2026-01-10,굿리치몰_치아보험_C04,태블릿,3,0,0
검색,2026-01-10,굿리치몰_암보험_C03,태블릿,13,0,0
검색,2026-01-10,굿리치몰_치매보험_C07,태블릿,1,0,0
검색,2026-01-10,굿리치몰_보장분석_C16,태블릿,4,0,0
검색,2026-01-11,굿리치몰_실비보험_C02,휴대전화,946,30,299529
검색,2026-01-11,굿리치몰_실비보험_C02,컴퓨터,376,19,251332
검색,2026-01-11,굿리치몰_C01,휴대전화,"1,818",33,221410
검색,2026-01-11,굿리치몰_운전자보험_C09,휴대전화,"1,133",26,210300
검색,2026-01-11,굿리치몰_C01,컴퓨터,698,29,159742
검색,2026-01-11,굿리치몰_암보험_C03,컴퓨터,95,8,112335
검색,2026-01-11,굿리치몰_암보험_C03,휴대전화,270,13,111784
검색,2026-01-11,굿리치몰_운전자보험_C09,컴퓨터,572,13,74303
검색,2026-01-11,굿리치몰_치아보험_C04,휴대전화,237,5,38194
검색,2026-01-11,굿리치몰_어린이보험_C06,컴퓨터,34,3,26388
검색,2026-01-11,굿리치몰_치아보험_C04,컴퓨터,45,2,17860
검색,2026-01-11,굿리치몰_실비보험_C02,태블릿,34,1,13517
검색,2026-01-11,굿리치몰_어린이보험_C06,휴대전화,76,1,13511
검색,2026-01-11,굿리치몰_C01,태블릿,40,4,8786
검색,2026-01-11,굿리치몰_보장분석_C16,휴대전화,31,2,7939
검색,2026-01-11,굿리치몰_운전자보험_C09,태블릿,12,1,5637
검색,2026-01-11,굿리치몰_치매보험_C07,휴대전화,185,2,2212
검색,2026-01-11,굿리치몰_치매보험_C07,컴퓨터,63,1,1979
검색,2026-01-11,굿리치몰_어린이보험_C06,태블릿,2,0,0
검색,2026-01-11,굿리치몰_치아보험_C04,태블릿,0,0,0
검색,2026-01-11,굿리치몰_암보험_C03,태블릿,9,0,0
검색,2026-01-11,굿리치몰_치매보험_C07,태블릿,5,0,0
검색,2026-01-11,굿리치몰_보장분석_C16,컴퓨터,34,0,0
검색,2026-01-11,굿리치몰_보장분석_C16,태블릿,1,0,0
검색,2026-01-12,굿리치몰_실비보험_C02,휴대전화,"1,464",68,793117
검색,2026-01-12,굿리치몰_실비보험_C02,컴퓨터,870,54,729687
검색,2026-01-12,굿리치몰_C01,컴퓨터,"1,352",91,385846
검색,2026-01-12,굿리치몰_C01,휴대전화,"2,399",51,311737
검색,2026-01-12,굿리치몰_운전자보험_C09,휴대전화,"1,606",41,256720
검색,2026-01-12,굿리치몰_암보험_C03,컴퓨터,256,17,246701
검색,2026-01-12,굿리치몰_치아보험_C04,휴대전화,432,22,168973
검색,2026-01-12,굿리치몰_운전자보험_C09,컴퓨터,"1,022",26,168595
검색,2026-01-12,굿리치몰_암보험_C03,휴대전화,409,17,159367
검색,2026-01-12,굿리치몰_치아보험_C04,컴퓨터,230,18,156950
검색,2026-01-12,굿리치몰_어린이보험_C06,컴퓨터,141,10,97495
검색,2026-01-12,굿리치몰_보장분석_C16,컴퓨터,70,7,43781
검색,2026-01-12,굿리치몰_보장분석_C16,휴대전화,65,1,18064
검색,2026-01-12,굿리치몰_치아보험_C04,태블릿,2,2,16306
검색,2026-01-12,굿리치몰_C01,태블릿,41,3,14170
검색,2026-01-12,굿리치몰_실비보험_C02,태블릿,23,1,10157
검색,2026-01-12,굿리치몰_운전자보험_C09,태블릿,29,1,9071
검색,2026-01-12,굿리치몰_어린이보험_C06,휴대전화,107,3,6978
검색,2026-01-12,굿리치몰_치매보험_C07,휴대전화,121,2,2505
검색,2026-01-12,굿리치몰_어린이보험_C06,태블릿,1,0,0
검색,2026-01-12,굿리치몰_암보험_C03,태블릿,3,0,0
검색,2026-01-12,굿리치몰_치매보험_C07,컴퓨터,52,0,0
검색,2026-01-12,굿리치몰_치매보험_C07,태블릿,4,0,0
검색,2026-01-12,굿리치몰_보장분석_C16,태블릿,5,0,0
검색,2026-01-13,굿리치몰_실비보험_C02,휴대전화,"1,209",67,793450
검색,2026-01-13,굿리치몰_실비보험_C02,컴퓨터,706,30,448703
검색,2026-01-13,굿리치몰_C01,휴대전화,"2,478",52,314969
검색,2026-01-13,굿리치몰_C01,컴퓨터,"1,432",65,271648
검색,2026-01-13,굿리치몰_치아보험_C04,휴대전화,483,36,227927
검색,2026-01-13,굿리치몰_운전자보험_C09,휴대전화,"1,507",30,196689
검색,2026-01-13,굿리치몰_운전자보험_C09,컴퓨터,968,28,190294
검색,2026-01-13,굿리치몰_암보험_C03,컴퓨터,212,10,155064
검색,2026-01-13,굿리치몰_암보험_C03,휴대전화,407,15,151051
검색,2026-01-13,굿리치몰_치아보험_C04,컴퓨터,217,8,74099
검색,2026-01-13,굿리치몰_보장분석_C16,컴퓨터,71,5,43846
검색,2026-01-13,굿리치몰_어린이보험_C06,컴퓨터,150,3,18558
검색,2026-01-13,굿리치몰_C01,태블릿,56,1,13609
검색,2026-01-13,굿리치몰_보장분석_C16,휴대전화,54,2,13280
검색,2026-01-13,굿리치몰_어린이보험_C06,휴대전화,97,2,11159
검색,2026-01-13,굿리치몰_어린이보험_C06,태블릿,1,0,0
검색,2026-01-13,굿리치몰_실비보험_C02,태블릿,16,0,0
검색,2026-01-13,굿리치몰_치아보험_C04,태블릿,5,0,0
검색,2026-01-13,굿리치몰_암보험_C03,태블릿,12,0,0
검색,2026-01-13,굿리치몰_치매보험_C07,컴퓨터,112,0,0
검색,2026-01-13,굿리치몰_치매보험_C07,휴대전화,110,0,0
검색,2026-01-13,굿리치몰_치매보험_C07,태블릿,1,0,0
검색,2026-01-13,굿리치몰_보장분석_C16,태블릿,7,0,0
검색,2026-01-13,굿리치몰_운전자보험_C09,태블릿,31,0,0
검색,2026-01-14,굿리치몰_실비보험_C02,휴대전화,"1,040",63,680091
검색,2026-01-14,굿리치몰_실비보험_C02,컴퓨터,589,34,508316
검색,2026-01-14,굿리치몰_C01,휴대전화,"3,155",49,340499
검색,2026-01-14,굿리치몰_운전자보험_C09,컴퓨터,971,39,310787
검색,2026-01-14,굿리치몰_C01,컴퓨터,"1,257",61,282591
검색,2026-01-14,굿리치몰_암보험_C03,컴퓨터,199,15,225093
검색,2026-01-14,굿리치몰_치아보험_C04,컴퓨터,313,17,128709
검색,2026-01-14,굿리치몰_운전자보험_C09,휴대전화,"1,423",19,101656
검색,2026-01-14,굿리치몰_암보험_C03,휴대전화,388,9,97730
검색,2026-01-14,굿리치몰_치아보험_C04,휴대전화,405,16,89274
검색,2026-01-14,굿리치몰_보장분석_C16,컴퓨터,87,8,45813
검색,2026-01-14,굿리치몰_어린이보험_C06,컴퓨터,65,4,30889
검색,2026-01-14,굿리치몰_C01,태블릿,60,3,8111
검색,2026-01-14,굿리치몰_보장분석_C16,휴대전화,65,2,7292
검색,2026-01-14,굿리치몰_어린이보험_C06,휴대전화,157,1,6339
검색,2026-01-14,굿리치몰_실비보험_C02,태블릿,17,1,4792
검색,2026-01-14,굿리치몰_어린이보험_C06,태블릿,6,1,4684
검색,2026-01-14,굿리치몰_치매보험_C07,휴대전화,125,1,1725
검색,2026-01-14,굿리치몰_치아보험_C04,태블릿,1,0,0
검색,2026-01-14,굿리치몰_암보험_C03,태블릿,5,0,0
검색,2026-01-14,굿리치몰_치매보험_C07,컴퓨터,51,0,0
검색,2026-01-14,굿리치몰_보장분석_C16,태블릿,3,0,0
검색,2026-01-14,굿리치몰_운전자보험_C09,태블릿,33,0,0
검색,2026-01-15,굿리치몰_실비보험_C02,휴대전화,"1,344",55,605033
검색,2026-01-15,굿리치몰_실비보험_C02,컴퓨터,810,33,438856
검색,2026-01-15,굿리치몰_C01,휴대전화,"4,419",50,328351
검색,2026-01-15,굿리치몰_C01,컴퓨터,"1,132",69,324106
검색,2026-01-15,굿리치몰_운전자보험_C09,휴대전화,"1,707",39,297674
검색,2026-01-15,굿리치몰_암보험_C03,컴퓨터,252,14,221479
검색,2026-01-15,굿리치몰_암보험_C03,휴대전화,395,31,216995
검색,2026-01-15,굿리치몰_운전자보험_C09,컴퓨터,"1,129",27,182618
검색,2026-01-15,굿리치몰_치아보험_C04,컴퓨터,262,20,173116
검색,2026-01-15,굿리치몰_치아보험_C04,휴대전화,371,21,147442
검색,2026-01-15,굿리치몰_어린이보험_C06,컴퓨터,118,7,65196
검색,2026-01-15,굿리치몰_보장분석_C16,컴퓨터,76,6,56652
검색,2026-01-15,굿리치몰_어린이보험_C06,휴대전화,142,3,24140
검색,2026-01-15,굿리치몰_보장분석_C16,휴대전화,80,3,20787
검색,2026-01-15,굿리치몰_치매보험_C07,휴대전화,113,3,9908
검색,2026-01-15,굿리치몰_C01,태블릿,45,1,6127
검색,2026-01-15,굿리치몰_운전자보험_C09,태블릿,11,1,3087
검색,2026-01-15,굿리치몰_어린이보험_C06,태블릿,4,0,0
검색,2026-01-15,굿리치몰_실비보험_C02,태블릿,20,0,0
검색,2026-01-15,굿리치몰_치아보험_C04,태블릿,4,0,0
검색,2026-01-15,굿리치몰_암보험_C03,태블릿,9,0,0
검색,2026-01-15,굿리치몰_치매보험_C07,컴퓨터,33,0,0
검색,2026-01-15,굿리치몰_치매보험_C07,태블릿,2,0,0
검색,2026-01-15,굿리치몰_보장분석_C16,태블릿,2,0,0
검색,2026-01-16,굿리치몰_실비보험_C02,휴대전화,933,46,512861
검색,2026-01-16,굿리치몰_실비보험_C02,컴퓨터,522,37,503903
검색,2026-01-16,굿리치몰_C01,휴대전화,"3,116",52,336133
검색,2026-01-16,굿리치몰_C01,컴퓨터,878,55,286594
검색,2026-01-16,굿리치몰_암보험_C03,휴대전화,371,18,193566
검색,2026-01-16,굿리치몰_치아보험_C04,휴대전화,461,26,189028
검색,2026-01-16,굿리치몰_운전자보험_C09,휴대전화,"1,619",32,170639
검색,2026-01-16,굿리치몰_치아보험_C04,컴퓨터,200,21,168874
검색,2026-01-16,굿리치몰_운전자보험_C09,컴퓨터,871,23,166653
검색,2026-01-16,굿리치몰_암보험_C03,컴퓨터,159,8,127820
검색,2026-01-16,굿리치몰_어린이보험_C06,휴대전화,149,12,78366
검색,2026-01-16,굿리치몰_보장분석_C16,휴대전화,431,6,32311
검색,2026-01-16,굿리치몰_보장분석_C16,컴퓨터,73,4,29986
검색,2026-01-16,굿리치몰_어린이보험_C06,컴퓨터,74,2,17671
검색,2026-01-16,굿리치몰_암보험_C03,태블릿,10,1,13781
검색,2026-01-16,굿리치몰_치매보험_C07,휴대전화,107,3,4721
검색,2026-01-16,굿리치몰_치매보험_C07,컴퓨터,43,1,1595
검색,2026-01-16,굿리치몰_어린이보험_C06,태블릿,2,0,0
검색,2026-01-16,굿리치몰_실비보험_C02,태블릿,11,0,0
검색,2026-01-16,굿리치몰_치아보험_C04,태블릿,4,0,0
검색,2026-01-16,굿리치몰_치매보험_C07,태블릿,3,0,0
검색,2026-01-16,굿리치몰_보장분석_C16,태블릿,7,0,0
검색,2026-01-16,굿리치몰_C01,태블릿,37,0,0
검색,2026-01-16,굿리치몰_운전자보험_C09,태블릿,30,0,0
검색,2026-01-17,굿리치몰_실비보험_C02,휴대전화,"1,427",49,469030
검색,2026-01-17,굿리치몰_C01,휴대전화,"1,964",36,266251
검색,2026-01-17,굿리치몰_실비보험_C02,컴퓨터,262,16,213079
검색,2026-01-17,굿리치몰_C01,컴퓨터,588,35,158881
검색,2026-01-17,굿리치몰_운전자보험_C09,휴대전화,"1,460",25,156127
검색,2026-01-17,굿리치몰_암보험_C03,휴대전화,289,18,115330
검색,2026-01-17,굿리치몰_치아보험_C04,휴대전화,306,17,110449
검색,2026-01-17,굿리치몰_운전자보험_C09,컴퓨터,523,14,99307
검색,2026-01-17,굿리치몰_암보험_C03,컴퓨터,117,6,74549
검색,2026-01-17,굿리치몰_보장분석_C16,컴퓨터,47,9,47552
검색,2026-01-17,굿리치몰_치아보험_C04,컴퓨터,75,6,39146
검색,2026-01-17,굿리치몰_어린이보험_C06,휴대전화,134,4,34578
검색,2026-01-17,굿리치몰_운전자보험_C09,태블릿,21,2,21311
검색,2026-01-17,굿리치몰_보장분석_C16,휴대전화,74,3,20088
검색,2026-01-17,굿리치몰_치아보험_C04,태블릿,1,1,8901
검색,2026-01-17,굿리치몰_어린이보험_C06,컴퓨터,30,1,6602
검색,2026-01-17,굿리치몰_C01,태블릿,37,1,6501
검색,2026-01-17,굿리치몰_치매보험_C07,휴대전화,166,2,3727
검색,2026-01-17,굿리치몰_어린이보험_C06,태블릿,0,0,0
검색,2026-01-17,굿리치몰_실비보험_C02,태블릿,20,0,0
검색,2026-01-17,굿리치몰_암보험_C03,태블릿,1,0,0
검색,2026-01-17,굿리치몰_치매보험_C07,컴퓨터,47,0,0
검색,2026-01-17,굿리치몰_치매보험_C07,태블릿,4,0,0
검색,2026-01-17,굿리치몰_보장분석_C16,태블릿,0,0,0
검색,2026-01-18,굿리치몰_실비보험_C02,휴대전화,738,38,436639
검색,2026-01-18,굿리치몰_실비보험_C02,컴퓨터,275,21,252625
검색,2026-01-18,굿리치몰_운전자보험_C09,휴대전화,"1,415",33,224077
검색,2026-01-18,굿리치몰_C01,휴대전화,"1,881",24,160512
검색,2026-01-18,굿리치몰_암보험_C03,휴대전화,296,14,139944
검색,2026-01-18,굿리치몰_C01,컴퓨터,592,23,130886
검색,2026-01-18,굿리치몰_운전자보험_C09,컴퓨터,617,17,106151
검색,2026-01-18,굿리치몰_치아보험_C04,휴대전화,238,12,78756
검색,2026-01-18,굿리치몰_암보험_C03,컴퓨터,114,2,40495
검색,2026-01-18,굿리치몰_어린이보험_C06,컴퓨터,60,3,24413
검색,2026-01-18,굿리치몰_어린이보험_C06,휴대전화,114,2,16462
검색,2026-01-18,굿리치몰_치아보험_C04,컴퓨터,56,2,15371
검색,2026-01-18,굿리치몰_보장분석_C16,컴퓨터,34,2,12230
검색,2026-01-18,굿리치몰_C01,태블릿,38,3,10708
검색,2026-01-18,굿리치몰_보장분석_C16,휴대전화,64,5,6379
검색,2026-01-18,굿리치몰_어린이보험_C06,태블릿,2,0,0
검색,2026-01-18,굿리치몰_실비보험_C02,태블릿,10,0,0
검색,2026-01-18,굿리치몰_치아보험_C04,태블릿,5,0,0
검색,2026-01-18,굿리치몰_암보험_C03,태블릿,5,0,0
검색,2026-01-18,굿리치몰_치매보험_C07,컴퓨터,20,0,0
검색,2026-01-18,굿리치몰_치매보험_C07,휴대전화,103,0,0
검색,2026-01-18,굿리치몰_치매보험_C07,태블릿,2,0,0
검색,2026-01-18,굿리치몰_보장분석_C16,태블릿,2,0,0
검색,2026-01-18,굿리치몰_운전자보험_C09,태블릿,29,0,0
검색,2026-01-19,굿리치몰_실비보험_C02,휴대전화,"1,161",51,619367
검색,2026-01-19,굿리치몰_실비보험_C02,컴퓨터,773,45,585277
검색,2026-01-19,굿리치몰_C01,컴퓨터,"1,257",66,346550
검색,2026-01-19,굿리치몰_C01,휴대전화,"2,340",53,285603
검색,2026-01-19,굿리치몰_운전자보험_C09,휴대전화,"1,689",36,243300
검색,2026-01-19,굿리치몰_치아보험_C04,휴대전화,509,36,234259
검색,2026-01-19,굿리치몰_치아보험_C04,컴퓨터,227,16,161248
검색,2026-01-19,굿리치몰_운전자보험_C09,컴퓨터,"1,036",24,147720
검색,2026-01-19,굿리치몰_암보험_C03,컴퓨터,218,8,131510
검색,2026-01-19,굿리치몰_암보험_C03,휴대전화,341,15,120354
검색,2026-01-19,굿리치몰_어린이보험_C06,휴대전화,191,7,47223
검색,2026-01-19,굿리치몰_어린이보험_C06,컴퓨터,116,4,35541
검색,2026-01-19,굿리치몰_운전자보험_C09,태블릿,17,2,14780
검색,2026-01-19,굿리치몰_보장분석_C16,휴대전화,98,5,14262
검색,2026-01-19,굿리치몰_치매보험_C07,컴퓨터,44,1,7140
검색,2026-01-19,굿리치몰_보장분석_C16,컴퓨터,60,1,7060
검색,2026-01-19,굿리치몰_실비보험_C02,태블릿,14,1,6287
검색,2026-01-19,굿리치몰_C01,태블릿,34,1,5362
검색,2026-01-19,굿리치몰_치매보험_C07,휴대전화,108,1,2230
검색,2026-01-19,굿리치몰_어린이보험_C06,태블릿,0,0,0
검색,2026-01-19,굿리치몰_치아보험_C04,태블릿,5,0,0
검색,2026-01-19,굿리치몰_암보험_C03,태블릿,6,0,0
검색,2026-01-19,굿리치몰_보장분석_C16,태블릿,2,0,0
검색,2026-01-20,굿리치몰_실비보험_C02,컴퓨터,743,42,520002
검색,2026-01-20,굿리치몰_실비보험_C02,휴대전화,"1,236",45,482004
검색,2026-01-20,굿리치몰_암보험_C03,휴대전화,453,34,289774
검색,2026-01-20,굿리치몰_C01,컴퓨터,"1,103",65,282333
검색,2026-01-20,굿리치몰_암보험_C03,컴퓨터,215,17,281352
검색,2026-01-20,굿리치몰_운전자보험_C09,휴대전화,"1,557",35,233589
검색,2026-01-20,굿리치몰_C01,휴대전화,"2,016",48,228677
검색,2026-01-20,굿리치몰_운전자보험_C09,컴퓨터,936,23,151574
검색,2026-01-20,굿리치몰_치아보험_C04,휴대전화,420,21,140907
검색,2026-01-20,굿리치몰_치아보험_C04,컴퓨터,199,15,105262
검색,2026-01-20,굿리치몰_어린이보험_C06,컴퓨터,161,8,75322
검색,2026-01-20,굿리치몰_어린이보험_C06,휴대전화,205,9,66666
검색,2026-01-20,굿리치몰_보장분석_C16,휴대전화,116,8,27058
검색,2026-01-20,굿리치몰_실비보험_C02,태블릿,13,1,18089
검색,2026-01-20,굿리치몰_보장분석_C16,컴퓨터,62,2,16484
검색,2026-01-20,굿리치몰_암보험_C03,태블릿,12,1,13669
검색,2026-01-20,굿리치몰_치매보험_C07,컴퓨터,62,3,3837
검색,2026-01-20,굿리치몰_치매보험_C07,휴대전화,138,1,2791
검색,2026-01-20,굿리치몰_어린이보험_C06,태블릿,5,0,0
검색,2026-01-20,굿리치몰_치아보험_C04,태블릿,2,0,0
검색,2026-01-20,굿리치몰_치매보험_C07,태블릿,0,0,0
검색,2026-01-20,굿리치몰_보장분석_C16,태블릿,3,0,0
검색,2026-01-20,굿리치몰_C01,태블릿,32,0,0
검색,2026-01-20,굿리치몰_운전자보험_C09,태블릿,36,0,0
검색,2026-01-21,굿리치몰_실비보험_C02,컴퓨터,570,40,554173
검색,2026-01-21,굿리치몰_실비보험_C02,휴대전화,872,49,496522
검색,2026-01-21,굿리치몰_C01,컴퓨터,"1,247",74,416886
검색,2026-01-21,굿리치몰_암보험_C03,컴퓨터,331,21,303081
검색,2026-01-21,굿리치몰_C01,휴대전화,"2,498",48,292561
검색,2026-01-21,굿리치몰_치아보험_C04,휴대전화,399,27,203869
검색,2026-01-21,굿리치몰_운전자보험_C09,휴대전화,"1,507",31,182957
검색,2026-01-21,굿리치몰_운전자보험_C09,컴퓨터,"1,103",26,182492
검색,2026-01-21,굿리치몰_암보험_C03,휴대전화,436,14,163777
검색,2026-01-21,굿리치몰_치아보험_C04,컴퓨터,214,15,130739
검색,2026-01-21,굿리치몰_어린이보험_C06,컴퓨터,157,5,48772
검색,2026-01-21,굿리치몰_보장분석_C16,컴퓨터,70,5,35230
검색,2026-01-21,굿리치몰_보장분석_C16,휴대전화,96,4,18114
검색,2026-01-21,굿리치몰_어린이보험_C06,휴대전화,211,2,12144
검색,2026-01-21,굿리치몰_운전자보험_C09,태블릿,20,1,7813
검색,2026-01-21,굿리치몰_어린이보험_C06,태블릿,0,0,0
검색,2026-01-21,굿리치몰_실비보험_C02,태블릿,12,0,0
검색,2026-01-21,굿리치몰_치아보험_C04,태블릿,6,0,0
검색,2026-01-21,굿리치몰_암보험_C03,태블릿,3,0,0
검색,2026-01-21,굿리치몰_치매보험_C07,컴퓨터,64,0,0
검색,2026-01-21,굿리치몰_치매보험_C07,휴대전화,155,0,0
검색,2026-01-21,굿리치몰_치매보험_C07,태블릿,1,0,0
검색,2026-01-21,굿리치몰_보장분석_C16,태블릿,2,0,0
검색,2026-01-21,굿리치몰_C01,태블릿,56,0,0
검색,2026-01-22,굿리치몰_실비보험_C02,휴대전화,"1,034",63,713996
검색,2026-01-22,굿리치몰_실비보험_C02,컴퓨터,649,33,427840
검색,2026-01-22,굿리치몰_C01,컴퓨터,"1,117",70,423958
검색,2026-01-22,굿리치몰_C01,휴대전화,"2,721",47,320829
검색,2026-01-22,굿리치몰_운전자보험_C09,컴퓨터,"1,049",35,282332
검색,2026-01-22,굿리치몰_암보험_C03,휴대전화,408,22,201872
검색,2026-01-22,굿리치몰_운전자보험_C09,휴대전화,"1,487",28,198064
검색,2026-01-22,굿리치몰_암보험_C03,컴퓨터,225,15,193087
검색,2026-01-22,굿리치몰_치아보험_C04,컴퓨터,213,18,154184
검색,2026-01-22,굿리치몰_치아보험_C04,휴대전화,329,19,131263
검색,2026-01-22,굿리치몰_보장분석_C16,컴퓨터,81,8,67700
검색,2026-01-22,굿리치몰_어린이보험_C06,휴대전화,191,8,41181
검색,2026-01-22,굿리치몰_실비보험_C02,태블릿,22,2,21886
검색,2026-01-22,굿리치몰_보장분석_C16,휴대전화,125,2,21366
검색,2026-01-22,굿리치몰_C01,태블릿,55,2,16864
검색,2026-01-22,굿리치몰_어린이보험_C06,컴퓨터,120,2,13598
검색,2026-01-22,굿리치몰_치매보험_C07,휴대전화,177,4,9086
검색,2026-01-22,굿리치몰_치매보험_C07,컴퓨터,61,1,3958
검색,2026-01-22,굿리치몰_어린이보험_C06,태블릿,2,0,0
검색,2026-01-22,굿리치몰_치아보험_C04,태블릿,8,0,0
검색,2026-01-22,굿리치몰_암보험_C03,태블릿,8,0,0
검색,2026-01-22,굿리치몰_치매보험_C07,태블릿,2,0,0
검색,2026-01-22,굿리치몰_보장분석_C16,태블릿,4,0,0
검색,2026-01-22,굿리치몰_운전자보험_C09,태블릿,31,0,0
검색,2026-01-23,굿리치몰_실비보험_C02,휴대전화,768,50,491234
검색,2026-01-23,굿리치몰_C01,컴퓨터,"1,023",52,254094
검색,2026-01-23,굿리치몰_C01,휴대전화,"3,864",34,245495
검색,2026-01-23,굿리치몰_암보험_C03,휴대전화,433,22,243905
검색,2026-01-23,굿리치몰_실비보험_C02,컴퓨터,413,23,232694
검색,2026-01-23,굿리치몰_운전자보험_C09,휴대전화,"1,492",30,214803
검색,2026-01-23,굿리치몰_치아보험_C04,컴퓨터,139,17,154891
검색,2026-01-23,굿리치몰_치아보험_C04,휴대전화,297,19,150751
검색,2026-01-23,굿리치몰_운전자보험_C09,컴퓨터,849,20,142216
검색,2026-01-23,굿리치몰_암보험_C03,컴퓨터,190,8,95579
검색,2026-01-23,굿리치몰_어린이보험_C06,휴대전화,312,8,48464
검색,2026-01-23,굿리치몰_보장분석_C16,휴대전화,89,7,42809
검색,2026-01-23,굿리치몰_어린이보험_C06,컴퓨터,143,4,28655
검색,2026-01-23,굿리치몰_보장분석_C16,컴퓨터,43,2,23938
검색,2026-01-23,굿리치몰_치아보험_C04,태블릿,13,2,21879
검색,2026-01-23,굿리치몰_운전자보험_C09,태블릿,24,2,21451
검색,2026-01-23,굿리치몰_C01,태블릿,64,1,11402
검색,2026-01-23,굿리치몰_실비보험_C02,태블릿,13,1,9445
검색,2026-01-23,굿리치몰_암보험_C03,태블릿,3,1,3564
검색,2026-01-23,굿리치몰_치매보험_C07,휴대전화,195,1,335
검색,2026-01-23,굿리치몰_어린이보험_C06,태블릿,7,0,0
검색,2026-01-23,굿리치몰_치매보험_C07,컴퓨터,25,0,0
검색,2026-01-23,굿리치몰_치매보험_C07,태블릿,1,0,0
검색,2026-01-23,굿리치몰_보장분석_C16,태블릿,3,0,0
검색,2026-01-24,굿리치몰_실비보험_C02,휴대전화,674,45,449078
검색,2026-01-24,굿리치몰_운전자보험_C09,휴대전화,"1,689",45,296670
검색,2026-01-24,굿리치몰_C01,휴대전화,"3,337",45,278142
검색,2026-01-24,굿리치몰_C01,컴퓨터,652,36,250205
검색,2026-01-24,굿리치몰_암보험_C03,휴대전화,336,21,168751
검색,2026-01-24,굿리치몰_운전자보험_C09,컴퓨터,642,21,156229
검색,2026-01-24,굿리치몰_실비보험_C02,컴퓨터,171,11,122249
검색,2026-01-24,굿리치몰_치아보험_C04,휴대전화,237,13,108538
검색,2026-01-24,굿리치몰_암보험_C03,컴퓨터,130,6,58240
검색,2026-01-24,굿리치몰_치아보험_C04,컴퓨터,55,5,33708
검색,2026-01-24,굿리치몰_보장분석_C16,휴대전화,55,6,30575
검색,2026-01-24,굿리치몰_운전자보험_C09,태블릿,27,3,22828
검색,2026-01-24,굿리치몰_암보험_C03,태블릿,15,1,17052
검색,2026-01-24,굿리치몰_어린이보험_C06,휴대전화,117,1,11717
검색,2026-01-24,굿리치몰_치매보험_C07,휴대전화,190,4,11692
검색,2026-01-24,굿리치몰_어린이보험_C06,컴퓨터,40,1,9784
검색,2026-01-24,굿리치몰_C01,태블릿,78,1,9246
검색,2026-01-24,굿리치몰_보장분석_C16,컴퓨터,30,1,6248
검색,2026-01-24,굿리치몰_치아보험_C04,태블릿,8,1,4401
검색,2026-01-24,굿리치몰_치매보험_C07,컴퓨터,60,2,3956
검색,2026-01-24,굿리치몰_어린이보험_C06,태블릿,0,0,0
검색,2026-01-24,굿리치몰_실비보험_C02,태블릿,9,0,0
검색,2026-01-24,굿리치몰_치매보험_C07,태블릿,0,0,0
검색,2026-01-24,굿리치몰_보장분석_C16,태블릿,2,0,0
검색,2026-01-25,굿리치몰_실비보험_C02,휴대전화,969,51,559704
검색,2026-01-25,굿리치몰_C01,휴대전화,"2,006",50,398288
검색,2026-01-25,굿리치몰_실비보험_C02,컴퓨터,401,25,306013
검색,2026-01-25,굿리치몰_C01,컴퓨터,707,34,231635
검색,2026-01-25,굿리치몰_운전자보험_C09,휴대전화,"1,496",40,228577
검색,2026-01-25,굿리치몰_암보험_C03,휴대전화,360,22,216813
검색,2026-01-25,굿리치몰_치아보험_C04,휴대전화,208,18,148581
검색,2026-01-25,굿리치몰_운전자보험_C09,컴퓨터,613,10,91939
검색,2026-01-25,굿리치몰_어린이보험_C06,컴퓨터,87,6,63729
검색,2026-01-25,굿리치몰_암보험_C03,컴퓨터,77,4,54443
검색,2026-01-25,굿리치몰_어린이보험_C06,휴대전화,120,8,48219
검색,2026-01-25,굿리치몰_치아보험_C04,컴퓨터,49,6,45863
검색,2026-01-25,굿리치몰_운전자보험_C09,태블릿,42,2,21663
검색,2026-01-25,굿리치몰_C01,태블릿,39,1,15843
검색,2026-01-25,굿리치몰_치매보험_C07,휴대전화,202,6,12769
검색,2026-01-25,굿리치몰_보장분석_C16,컴퓨터,27,3,11054
검색,2026-01-25,굿리치몰_어린이보험_C06,태블릿,1,0,0
검색,2026-01-25,굿리치몰_실비보험_C02,태블릿,17,0,0
검색,2026-01-25,굿리치몰_치아보험_C04,태블릿,2,0,0
검색,2026-01-25,굿리치몰_암보험_C03,태블릿,5,0,0
검색,2026-01-25,굿리치몰_치매보험_C07,컴퓨터,40,0,0
검색,2026-01-25,굿리치몰_치매보험_C07,태블릿,2,0,0
검색,2026-01-25,굿리치몰_보장분석_C16,휴대전화,76,0,0
검색,2026-01-25,굿리치몰_보장분석_C16,태블릿,3,0,0
검색,2026-01-26,굿리치몰_실비보험_C02,휴대전화,"1,516",66,701120
검색,2026-01-26,굿리치몰_실비보험_C02,컴퓨터,937,42,572092
검색,2026-01-26,굿리치몰_암보험_C03,휴대전화,503,40,394235
검색,2026-01-26,굿리치몰_C01,컴퓨터,"1,278",74,386551
검색,2026-01-26,굿리치몰_C01,휴대전화,"2,289",46,298220
검색,2026-01-26,굿리치몰_운전자보험_C09,휴대전화,"1,542",33,242490
검색,2026-01-26,굿리치몰_치아보험_C04,휴대전화,761,20,159874
검색,2026-01-26,굿리치몰_치아보험_C04,컴퓨터,231,14,123260
검색,2026-01-26,굿리치몰_운전자보험_C09,컴퓨터,891,19,116511
검색,2026-01-26,굿리치몰_암보험_C03,컴퓨터,253,9,113149
검색,2026-01-26,굿리치몰_보장분석_C16,컴퓨터,78,10,69257
검색,2026-01-26,굿리치몰_어린이보험_C06,휴대전화,160,6,45583
검색,2026-01-26,굿리치몰_어린이보험_C06,컴퓨터,100,2,16507
검색,2026-01-26,굿리치몰_보장분석_C16,휴대전화,92,2,15175
검색,2026-01-26,굿리치몰_실비보험_C02,태블릿,17,1,11875
검색,2026-01-26,굿리치몰_치매보험_C07,휴대전화,201,2,3445
검색,2026-01-26,굿리치몰_운전자보험_C09,태블릿,39,1,2074
검색,2026-01-26,굿리치몰_어린이보험_C06,태블릿,8,0,0
검색,2026-01-26,굿리치몰_치아보험_C04,태블릿,3,0,0
검색,2026-01-26,굿리치몰_암보험_C03,태블릿,7,0,0
검색,2026-01-26,굿리치몰_치매보험_C07,컴퓨터,74,0,0
검색,2026-01-26,굿리치몰_치매보험_C07,태블릿,0,0,0
검색,2026-01-26,굿리치몰_보장분석_C16,태블릿,2,0,0
검색,2026-01-26,굿리치몰_C01,태블릿,33,0,0
검색,2026-01-27,굿리치몰_실비보험_C02,컴퓨터,788,40,556959
검색,2026-01-27,굿리치몰_실비보험_C02,휴대전화,"1,182",57,536476
검색,2026-01-27,굿리치몰_C01,컴퓨터,"1,260",72,387791
검색,2026-01-27,굿리치몰_C01,휴대전화,"2,948",57,352306
검색,2026-01-27,굿리치몰_운전자보험_C09,휴대전화,"1,545",49,349690
검색,2026-01-27,굿리치몰_암보험_C03,컴퓨터,264,16,244149
검색,2026-01-27,굿리치몰_운전자보험_C09,컴퓨터,"1,090",28,198328
검색,2026-01-27,굿리치몰_암보험_C03,휴대전화,439,24,190275
검색,2026-01-27,굿리치몰_치아보험_C04,휴대전화,368,20,189408
검색,2026-01-27,굿리치몰_치아보험_C04,컴퓨터,207,19,156697
검색,2026-01-27,굿리치몰_보장분석_C16,컴퓨터,118,9,75387
검색,2026-01-27,굿리치몰_어린이보험_C06,컴퓨터,127,8,68003
검색,2026-01-27,굿리치몰_보장분석_C16,휴대전화,108,3,27793
검색,2026-01-27,굿리치몰_운전자보험_C09,태블릿,39,2,14412
검색,2026-01-27,굿리치몰_어린이보험_C06,휴대전화,139,2,8731
검색,2026-01-27,굿리치몰_치매보험_C07,휴대전화,220,2,8288
검색,2026-01-27,굿리치몰_치매보험_C07,컴퓨터,57,1,4387
검색,2026-01-27,굿리치몰_어린이보험_C06,태블릿,1,0,0
검색,2026-01-27,굿리치몰_실비보험_C02,태블릿,14,0,0
검색,2026-01-27,굿리치몰_치아보험_C04,태블릿,9,0,0
검색,2026-01-27,굿리치몰_암보험_C03,태블릿,5,0,0
검색,2026-01-27,굿리치몰_치매보험_C07,태블릿,2,0,0
검색,2026-01-27,굿리치몰_보장분석_C16,태블릿,4,0,0
검색,2026-01-27,굿리치몰_C01,태블릿,42,0,0
검색,2026-01-28,굿리치몰_실비보험_C02,컴퓨터,581,41,586827
검색,2026-01-28,굿리치몰_C01,휴대전화,"1,936",58,449860
검색,2026-01-28,굿리치몰_실비보험_C02,휴대전화,932,40,422841
검색,2026-01-28,굿리치몰_C01,컴퓨터,"1,082",56,368365
검색,2026-01-28,굿리치몰_암보험_C03,컴퓨터,228,14,244380
검색,2026-01-28,굿리치몰_암보험_C03,휴대전화,387,23,228543
검색,2026-01-28,굿리치몰_운전자보험_C09,휴대전화,"1,262",27,217123
검색,2026-01-28,굿리치몰_치아보험_C04,컴퓨터,169,20,214423
검색,2026-01-28,굿리치몰_운전자보험_C09,컴퓨터,822,27,200714
검색,2026-01-28,굿리치몰_치아보험_C04,휴대전화,363,24,178673
검색,2026-01-28,굿리치몰_실비보험_C02,태블릿,20,3,29198
검색,2026-01-28,굿리치몰_어린이보험_C06,컴퓨터,88,4,26860
검색,2026-01-28,굿리치몰_어린이보험_C06,휴대전화,138,3,18451
검색,2026-01-28,굿리치몰_보장분석_C16,휴대전화,95,2,8722
검색,2026-01-28,굿리치몰_보장분석_C16,컴퓨터,65,1,3914
검색,2026-01-28,굿리치몰_운전자보험_C09,태블릿,36,1,3601
검색,2026-01-28,굿리치몰_C01,태블릿,29,1,3335
검색,2026-01-28,굿리치몰_치매보험_C07,휴대전화,180,1,2545
검색,2026-01-28,굿리치몰_어린이보험_C06,태블릿,0,0,0
검색,2026-01-28,굿리치몰_치아보험_C04,태블릿,2,0,0
검색,2026-01-28,굿리치몰_암보험_C03,태블릿,8,0,0
검색,2026-01-28,굿리치몰_치매보험_C07,컴퓨터,49,0,0
검색,2026-01-28,굿리치몰_치매보험_C07,태블릿,0,0,0
검색,2026-01-28,굿리치몰_보장분석_C16,태블릿,5,0,0
검색,2026-01-29,굿리치몰_실비보험_C02,휴대전화,992,59,574817
검색,2026-01-29,굿리치몰_실비보험_C02,컴퓨터,579,32,471713
검색,2026-01-29,굿리치몰_C01,휴대전화,"1,944",47,345980
검색,2026-01-29,굿리치몰_C01,컴퓨터,"1,025",55,313459
검색,2026-01-29,굿리치몰_운전자보험_C09,컴퓨터,785,34,249086
검색,2026-01-29,굿리치몰_암보험_C03,컴퓨터,187,14,205644
검색,2026-01-29,굿리치몰_운전자보험_C09,휴대전화,"1,176",29,199040
검색,2026-01-29,굿리치몰_암보험_C03,휴대전화,412,20,195744
검색,2026-01-29,굿리치몰_치아보험_C04,컴퓨터,164,17,187313
검색,2026-01-29,굿리치몰_치아보험_C04,휴대전화,383,14,100613
검색,2026-01-29,굿리치몰_어린이보험_C06,컴퓨터,81,7,65170
검색,2026-01-29,굿리치몰_보장분석_C16,휴대전화,115,3,24070
검색,2026-01-29,굿리치몰_어린이보험_C06,휴대전화,122,3,19572
검색,2026-01-29,굿리치몰_보장분석_C16,컴퓨터,95,4,14243
검색,2026-01-29,굿리치몰_치아보험_C04,태블릿,14,2,12356
검색,2026-01-29,굿리치몰_치매보험_C07,컴퓨터,42,2,5202
검색,2026-01-29,굿리치몰_C01,태블릿,24,1,4141
검색,2026-01-29,굿리치몰_치매보험_C07,휴대전화,158,1,3852
검색,2026-01-29,굿리치몰_어린이보험_C06,태블릿,2,0,0
검색,2026-01-29,굿리치몰_실비보험_C02,태블릿,7,0,0
검색,2026-01-29,굿리치몰_암보험_C03,태블릿,7,0,0
검색,2026-01-29,굿리치몰_치매보험_C07,태블릿,2,0,0
검색,2026-01-29,굿리치몰_보장분석_C16,태블릿,4,0,0
검색,2026-01-29,굿리치몰_운전자보험_C09,태블릿,10,0,0
검색,2026-01-30,굿리치몰_실비보험_C02,휴대전화,754,50,477000
검색,2026-01-30,굿리치몰_C01,컴퓨터,902,67,338585
검색,2026-01-30,굿리치몰_C01,휴대전화,"1,746",36,325437
검색,2026-01-30,굿리치몰_실비보험_C02,컴퓨터,380,23,224660
검색,2026-01-30,굿리치몰_암보험_C03,컴퓨터,186,15,209780
검색,2026-01-30,굿리치몰_암보험_C03,휴대전화,341,21,206808
검색,2026-01-30,굿리치몰_운전자보험_C09,컴퓨터,880,28,190658
검색,2026-01-30,굿리치몰_운전자보험_C09,휴대전화,"1,392",30,181643
검색,2026-01-30,굿리치몰_치아보험_C04,휴대전화,350,13,103805
검색,2026-01-30,굿리치몰_치아보험_C04,컴퓨터,132,6,42024
검색,2026-01-30,굿리치몰_어린이보험_C06,휴대전화,114,7,36112
검색,2026-01-30,굿리치몰_운전자보험_C09,태블릿,21,2,22028
검색,2026-01-30,굿리치몰_보장분석_C16,휴대전화,126,2,19847
검색,2026-01-30,굿리치몰_어린이보험_C06,컴퓨터,103,3,19213
검색,2026-01-30,굿리치몰_보장분석_C16,컴퓨터,62,2,14676
검색,2026-01-30,굿리치몰_어린이보험_C06,태블릿,1,0,0
검색,2026-01-30,굿리치몰_실비보험_C02,태블릿,4,0,0
검색,2026-01-30,굿리치몰_치아보험_C04,태블릿,5,0,0
검색,2026-01-30,굿리치몰_암보험_C03,태블릿,2,0,0
검색,2026-01-30,굿리치몰_치매보험_C07,컴퓨터,34,0,0
검색,2026-01-30,굿리치몰_치매보험_C07,휴대전화,120,0,0
검색,2026-01-30,굿리치몰_치매보험_C07,태블릿,1,0,0
검색,2026-01-30,굿리치몰_보장분석_C16,태블릿,6,0,0
검색,2026-01-30,굿리치몰_C01,태블릿,23,0,0
검색,2026-01-31,굿리치몰_실비보험_C02,휴대전화,589,48,367368
검색,2026-01-31,굿리치몰_C01,컴퓨터,452,32,259773
검색,2026-01-31,굿리치몰_C01,휴대전화,"1,529",25,210142
검색,2026-01-31,굿리치몰_실비보험_C02,컴퓨터,166,18,207987
검색,2026-01-31,굿리치몰_운전자보험_C09,휴대전화,"1,248",33,184112
검색,2026-01-31,굿리치몰_암보험_C03,휴대전화,271,19,169107
검색,2026-01-31,굿리치몰_운전자보험_C09,컴퓨터,574,23,138380
검색,2026-01-31,굿리치몰_암보험_C03,컴퓨터,89,6,90719
검색,2026-01-31,굿리치몰_치아보험_C04,휴대전화,234,9,63373
검색,2026-01-31,굿리치몰_어린이보험_C06,컴퓨터,63,4,30942
검색,2026-01-31,굿리치몰_치아보험_C04,컴퓨터,56,3,25194
검색,2026-01-31,굿리치몰_보장분석_C16,컴퓨터,34,3,18116
검색,2026-01-31,굿리치몰_보장분석_C16,휴대전화,54,1,16019
검색,2026-01-31,굿리치몰_실비보험_C02,태블릿,13,1,14627
검색,2026-01-31,굿리치몰_어린이보험_C06,휴대전화,83,1,1672
검색,2026-01-31,굿리치몰_어린이보험_C06,태블릿,0,0,0
검색,2026-01-31,굿리치몰_치아보험_C04,태블릿,4,0,0
검색,2026-01-31,굿리치몰_암보험_C03,태블릿,6,0,0
검색,2026-01-31,굿리치몰_치매보험_C07,컴퓨터,32,0,0
검색,2026-01-31,굿리치몰_치매보험_C07,휴대전화,134,0,0
검색,2026-01-31,굿리치몰_치매보험_C07,태블릿,1,0,0
검색,2026-01-31,굿리치몰_보장분석_C16,태블릿,2,0,0
검색,2026-01-31,굿리치몰_C01,태블릿,29,0,0
검색,2026-01-31,굿리치몰_운전자보험_C09,태블릿,14,0,0
검색,2026-02-01,굿리치몰_실비보험_C02,휴대전화,916,55,610304
검색,2026-02-01,굿리치몰_실비보험_C02,컴퓨터,371,27,370294
검색,2026-02-01,굿리치몰_C01,휴대전화,"1,415",45,314975
검색,2026-02-01,굿리치몰_운전자보험_C09,휴대전화,"1,081",30,231851
검색,2026-02-01,굿리치몰_운전자보험_C09,컴퓨터,751,31,180974
검색,2026-02-01,굿리치몰_암보험_C03,휴대전화,270,14,163138
검색,2026-02-01,굿리치몰_C01,컴퓨터,597,29,159881
검색,2026-02-01,굿리치몰_암보험_C03,컴퓨터,95,6,100223
검색,2026-02-01,굿리치몰_치아보험_C04,휴대전화,234,10,72467
검색,2026-02-01,굿리치몰_어린이보험_C06,휴대전화,118,5,35616
검색,2026-02-01,굿리치몰_치아보험_C04,컴퓨터,51,3,24523
검색,2026-02-01,굿리치몰_보장분석_C16,컴퓨터,35,2,15082
검색,2026-02-01,굿리치몰_암보험_C03,태블릿,7,3,13972
검색,2026-02-01,굿리치몰_어린이보험_C06,컴퓨터,60,1,11088
검색,2026-02-01,굿리치몰_보장분석_C16,휴대전화,56,2,7091
검색,2026-02-01,굿리치몰_치매보험_C07,휴대전화,125,1,1002
검색,2026-02-01,굿리치몰_어린이보험_C06,태블릿,2,0,0
검색,2026-02-01,굿리치몰_실비보험_C02,태블릿,23,0,0
검색,2026-02-01,굿리치몰_치아보험_C04,태블릿,8,0,0
검색,2026-02-01,굿리치몰_치매보험_C07,컴퓨터,16,0,0
검색,2026-02-01,굿리치몰_치매보험_C07,태블릿,3,0,0
검색,2026-02-01,굿리치몰_보장분석_C16,태블릿,1,0,0
검색,2026-02-01,굿리치몰_C01,태블릿,29,0,0
검색,2026-02-01,굿리치몰_운전자보험_C09,태블릿,29,0,0
검색,2026-02-02,굿리치몰_실비보험_C02,컴퓨터,749,49,732359
검색,2026-02-02,굿리치몰_실비보험_C02,휴대전화,"1,300",57,652925
검색,2026-02-02,굿리치몰_C01,휴대전화,"1,614",45,390831
검색,2026-02-02,굿리치몰_C01,컴퓨터,"1,015",58,308593
검색,2026-02-02,굿리치몰_운전자보험_C09,컴퓨터,976,38,276277
검색,2026-02-02,굿리치몰_운전자보험_C09,휴대전화,"1,300",36,252208
검색,2026-02-02,굿리치몰_암보험_C03,컴퓨터,198,12,190630
검색,2026-02-02,굿리치몰_암보험_C03,휴대전화,306,16,149819
검색,2026-02-02,굿리치몰_치아보험_C04,휴대전화,391,14,140182
검색,2026-02-02,굿리치몰_치아보험_C04,컴퓨터,184,14,129495
검색,2026-02-02,굿리치몰_어린이보험_C06,휴대전화,516,4,22858
검색,2026-02-02,굿리치몰_어린이보험_C06,컴퓨터,106,3,22648
검색,2026-02-02,굿리치몰_보장분석_C16,휴대전화,100,3,18869
검색,2026-02-02,굿리치몰_C01,태블릿,38,3,17922
검색,2026-02-02,굿리치몰_운전자보험_C09,태블릿,33,2,10880
검색,2026-02-02,굿리치몰_보장분석_C16,컴퓨터,80,1,9391
검색,2026-02-02,굿리치몰_치매보험_C07,휴대전화,155,2,3604
검색,2026-02-02,굿리치몰_치매보험_C07,컴퓨터,54,1,3303
검색,2026-02-02,굿리치몰_어린이보험_C06,태블릿,1,0,0
검색,2026-02-02,굿리치몰_실비보험_C02,태블릿,12,0,0
검색,2026-02-02,굿리치몰_치아보험_C04,태블릿,6,0,0
검색,2026-02-02,굿리치몰_암보험_C03,태블릿,7,0,0
검색,2026-02-02,굿리치몰_보장분석_C16,태블릿,4,0,0
검색,2026-02-03,굿리치몰_실비보험_C02,휴대전화,"1,400",60,621164
검색,2026-02-03,굿리치몰_실비보험_C02,컴퓨터,750,31,470201
검색,2026-02-03,굿리치몰_C01,휴대전화,"3,308",47,375452
검색,2026-02-03,굿리치몰_C01,컴퓨터,904,66,358629
검색,2026-02-03,굿리치몰_치아보험_C04,휴대전화,443,34,314193
검색,2026-02-03,굿리치몰_운전자보험_C09,휴대전화,"1,275",38,260248
검색,2026-02-03,굿리치몰_암보험_C03,휴대전화,394,26,260008
검색,2026-02-03,굿리치몰_운전자보험_C09,컴퓨터,848,28,213836
검색,2026-02-03,굿리치몰_암보험_C03,컴퓨터,239,12,198945
검색,2026-02-03,굿리치몰_치아보험_C04,컴퓨터,198,16,129166
검색,2026-02-03,굿리치몰_어린이보험_C06,휴대전화,133,10,66827
검색,2026-02-03,굿리치몰_어린이보험_C06,컴퓨터,96,4,37737
검색,2026-02-03,굿리치몰_보장분석_C16,휴대전화,86,5,32108
검색,2026-02-03,굿리치몰_운전자보험_C09,태블릿,36,2,13651
검색,2026-02-03,굿리치몰_어린이보험_C06,태블릿,5,1,13170
검색,2026-02-03,굿리치몰_보장분석_C16,컴퓨터,85,2,7012
검색,2026-02-03,굿리치몰_치매보험_C07,컴퓨터,34,1,5148
검색,2026-02-03,굿리치몰_암보험_C03,태블릿,7,1,3911
검색,2026-02-03,굿리치몰_치매보험_C07,휴대전화,125,1,2419
검색,2026-02-03,굿리치몰_실비보험_C02,태블릿,21,0,0
검색,2026-02-03,굿리치몰_치아보험_C04,태블릿,4,0,0
검색,2026-02-03,굿리치몰_치매보험_C07,태블릿,0,0,0
검색,2026-02-03,굿리치몰_보장분석_C16,태블릿,3,0,0
검색,2026-02-03,굿리치몰_C01,태블릿,72,0,0
검색,2026-02-04,굿리치몰_실비보험_C02,휴대전화,"1,361",60,711480
검색,2026-02-04,굿리치몰_C01,컴퓨터,907,81,511180
검색,2026-02-04,굿리치몰_실비보험_C02,컴퓨터,715,34,480495
검색,2026-02-04,굿리치몰_운전자보험_C09,휴대전화,"1,032",40,310416
검색,2026-02-04,굿리치몰_암보험_C03,컴퓨터,256,15,266010
검색,2026-02-04,굿리치몰_C01,휴대전화,"2,242",36,260829
검색,2026-02-04,굿리치몰_암보험_C03,휴대전화,"2,367",17,225250
검색,2026-02-04,굿리치몰_치아보험_C04,휴대전화,453,27,195315
검색,2026-02-04,굿리치몰_운전자보험_C09,컴퓨터,787,30,194018
검색,2026-02-04,굿리치몰_치아보험_C04,컴퓨터,201,13,118811
검색,2026-02-04,굿리치몰_어린이보험_C06,컴퓨터,93,8,42684
검색,2026-02-04,굿리치몰_보장분석_C16,컴퓨터,47,2,29982
검색,2026-02-04,굿리치몰_실비보험_C02,태블릿,8,1,20516
검색,2026-02-04,굿리치몰_보장분석_C16,휴대전화,87,3,20160
검색,2026-02-04,굿리치몰_어린이보험_C06,휴대전화,121,1,5799
검색,2026-02-04,굿리치몰_치아보험_C04,태블릿,2,1,470
검색,2026-02-04,굿리치몰_어린이보험_C06,태블릿,3,0,0
검색,2026-02-04,굿리치몰_암보험_C03,태블릿,4,0,0
검색,2026-02-04,굿리치몰_치매보험_C07,컴퓨터,28,0,0
검색,2026-02-04,굿리치몰_치매보험_C07,휴대전화,97,0,0
검색,2026-02-04,굿리치몰_치매보험_C07,태블릿,2,0,0
검색,2026-02-04,굿리치몰_보장분석_C16,태블릿,2,0,0
검색,2026-02-04,굿리치몰_C01,태블릿,82,0,0
검색,2026-02-04,굿리치몰_운전자보험_C09,태블릿,10,0,0
검색,2026-02-05,굿리치몰_실비보험_C02,휴대전화,"1,111",57,729752
검색,2026-02-05,굿리치몰_실비보험_C02,컴퓨터,541,39,599346
검색,2026-02-05,굿리치몰_C01,컴퓨터,818,63,339293
검색,2026-02-05,굿리치몰_C01,휴대전화,"1,661",37,243067
검색,2026-02-05,굿리치몰_운전자보험_C09,휴대전화,"1,179",31,210574
검색,2026-02-05,굿리치몰_치아보험_C04,컴퓨터,154,19,192921
검색,2026-02-05,굿리치몰_운전자보험_C09,컴퓨터,608,22,160484
검색,2026-02-05,굿리치몰_암보험_C03,휴대전화,458,18,158632
검색,2026-02-05,굿리치몰_치아보험_C04,휴대전화,366,20,149405
검색,2026-02-05,굿리치몰_암보험_C03,컴퓨터,245,8,125299
검색,2026-02-05,굿리치몰_보장분석_C16,컴퓨터,91,7,64976
검색,2026-02-05,굿리치몰_어린이보험_C06,휴대전화,155,8,63797
검색,2026-02-05,굿리치몰_어린이보험_C06,컴퓨터,142,5,43445
검색,2026-02-05,굿리치몰_보장분석_C16,태블릿,6,1,8281
검색,2026-02-05,굿리치몰_운전자보험_C09,태블릿,22,1,5802
검색,2026-02-05,굿리치몰_C01,태블릿,55,1,3375
검색,2026-02-05,굿리치몰_치매보험_C07,휴대전화,102,1,3093
검색,2026-02-05,굿리치몰_보장분석_C16,휴대전화,84,1,2619
검색,2026-02-05,굿리치몰_치매보험_C07,컴퓨터,23,1,2286
검색,2026-02-05,굿리치몰_어린이보험_C06,태블릿,1,0,0
검색,2026-02-05,굿리치몰_실비보험_C02,태블릿,15,0,0
검색,2026-02-05,굿리치몰_치아보험_C04,태블릿,7,0,0
검색,2026-02-05,굿리치몰_암보험_C03,태블릿,4,0,0
검색,2026-02-06,굿리치몰_실비보험_C02,컴퓨터,530,28,406128
검색,2026-02-06,굿리치몰_실비보험_C02,휴대전화,"1,136",31,371847
검색,2026-02-06,굿리치몰_C01,컴퓨터,704,50,286540
검색,2026-02-06,굿리치몰_운전자보험_C09,휴대전화,"1,099",44,286434
검색,2026-02-06,굿리치몰_C01,휴대전화,"1,347",37,245679
검색,2026-02-06,굿리치몰_치아보험_C04,휴대전화,301,23,198582
검색,2026-02-06,굿리치몰_운전자보험_C09,컴퓨터,534,28,194833
검색,2026-02-06,굿리치몰_암보험_C03,휴대전화,402,20,186323
검색,2026-02-06,굿리치몰_암보험_C03,컴퓨터,238,12,178659
검색,2026-02-06,굿리치몰_치아보험_C04,컴퓨터,144,7,62032
검색,2026-02-06,굿리치몰_보장분석_C16,컴퓨터,89,5,43457
검색,2026-02-06,굿리치몰_실비보험_C02,태블릿,23,2,21467
검색,2026-02-06,굿리치몰_치아보험_C04,태블릿,11,1,14577
검색,2026-02-06,굿리치몰_C01,태블릿,33,2,8912
검색,2026-02-06,굿리치몰_보장분석_C16,휴대전화,76,1,7035
검색,2026-02-06,굿리치몰_어린이보험_C06,휴대전화,128,1,2012
검색,2026-02-06,굿리치몰_치매보험_C07,휴대전화,111,1,268
검색,2026-02-06,굿리치몰_어린이보험_C06,컴퓨터,79,0,0
검색,2026-02-06,굿리치몰_어린이보험_C06,태블릿,5,0,0
검색,2026-02-06,굿리치몰_암보험_C03,태블릿,3,0,0
검색,2026-02-06,굿리치몰_치매보험_C07,컴퓨터,21,0,0
검색,2026-02-06,굿리치몰_치매보험_C07,태블릿,0,0,0
검색,2026-02-06,굿리치몰_보장분석_C16,태블릿,1,0,0
검색,2026-02-06,굿리치몰_운전자보험_C09,태블릿,20,0,0
검색,2026-02-07,굿리치몰_실비보험_C02,휴대전화,972,46,489218
검색,2026-02-07,굿리치몰_운전자보험_C09,휴대전화,"1,562",63,406408
검색,2026-02-07,굿리치몰_C01,휴대전화,"2,081",43,285935
검색,2026-02-07,굿리치몰_암보험_C03,휴대전화,364,25,255740
검색,2026-02-07,굿리치몰_C01,컴퓨터,507,24,167707
검색,2026-02-07,굿리치몰_치아보험_C04,휴대전화,211,14,114674
검색,2026-02-07,굿리치몰_운전자보험_C09,컴퓨터,567,18,108255
검색,2026-02-07,굿리치몰_실비보험_C02,컴퓨터,279,5,76426
검색,2026-02-07,굿리치몰_암보험_C03,컴퓨터,90,6,70072
검색,2026-02-07,굿리치몰_어린이보험_C06,휴대전화,87,5,46389
검색,2026-02-07,굿리치몰_어린이보험_C06,컴퓨터,39,3,25338
검색,2026-02-07,굿리치몰_암보험_C03,태블릿,11,2,22360
검색,2026-02-07,굿리치몰_실비보험_C02,태블릿,27,1,19735
검색,2026-02-07,굿리치몰_C01,태블릿,73,3,19146
검색,2026-02-07,굿리치몰_보장분석_C16,휴대전화,52,4,17013
검색,2026-02-07,굿리치몰_치아보험_C04,컴퓨터,60,1,6911
검색,2026-02-07,굿리치몰_치아보험_C04,태블릿,3,0,0
검색,2026-02-07,굿리치몰_치매보험_C07,컴퓨터,42,0,0
검색,2026-02-07,굿리치몰_치매보험_C07,휴대전화,132,0,0
검색,2026-02-07,굿리치몰_치매보험_C07,태블릿,2,0,0
검색,2026-02-07,굿리치몰_보장분석_C16,컴퓨터,16,0,0
검색,2026-02-07,굿리치몰_보장분석_C16,태블릿,2,0,0
검색,2026-02-07,굿리치몰_운전자보험_C09,태블릿,35,0,0
검색,2026-02-08,굿리치몰_실비보험_C02,휴대전화,976,47,504674
검색,2026-02-08,굿리치몰_실비보험_C02,컴퓨터,341,22,312795
검색,2026-02-08,굿리치몰_C01,휴대전화,"1,553",35,274121
검색,2026-02-08,굿리치몰_운전자보험_C09,휴대전화,"1,296",38,271360
검색,2026-02-08,굿리치몰_암보험_C03,휴대전화,377,25,238786
검색,2026-02-08,굿리치몰_C01,컴퓨터,564,31,196226
검색,2026-02-08,굿리치몰_암보험_C03,컴퓨터,99,9,176099
검색,2026-02-08,굿리치몰_운전자보험_C09,컴퓨터,466,19,115812
검색,2026-02-08,굿리치몰_치아보험_C04,휴대전화,196,11,88627
검색,2026-02-08,굿리치몰_치아보험_C04,컴퓨터,62,5,48070
검색,2026-02-08,굿리치몰_보장분석_C16,컴퓨터,31,2,14148
검색,2026-02-08,굿리치몰_C01,태블릿,45,1,14092
검색,2026-02-08,굿리치몰_어린이보험_C06,휴대전화,93,2,9461
검색,2026-02-08,굿리치몰_치매보험_C07,휴대전화,106,1,394
검색,2026-02-08,굿리치몰_어린이보험_C06,컴퓨터,30,0,0
검색,2026-02-08,굿리치몰_어린이보험_C06,태블릿,0,0,0
검색,2026-02-08,굿리치몰_실비보험_C02,태블릿,13,0,0
검색,2026-02-08,굿리치몰_치아보험_C04,태블릿,4,0,0
검색,2026-02-08,굿리치몰_암보험_C03,태블릿,3,0,0
검색,2026-02-08,굿리치몰_치매보험_C07,컴퓨터,30,0,0
검색,2026-02-08,굿리치몰_치매보험_C07,태블릿,1,0,0
검색,2026-02-08,굿리치몰_보장분석_C16,휴대전화,48,0,0
검색,2026-02-08,굿리치몰_보장분석_C16,태블릿,1,0,0
검색,2026-02-08,굿리치몰_운전자보험_C09,태블릿,18,0,0
디스플레이,2026-02-08,굿리치몰_실비보험_20260209,휴대전화,0,0,0
디스플레이,2026-02-08,굿리치몰_실비보험_20260209,태블릿,0,0,0
디스플레이,2026-02-09,굿리치몰_실비보험_20260209,휴대전화,"49,858","2,390",1913432
검색,2026-02-09,굿리치몰_실비보험_C02,컴퓨터,712,44,679628
검색,2026-02-09,굿리치몰_실비보험_C02,휴대전화,"1,352",54,659463
검색,2026-02-09,굿리치몰_운전자보험_C09,휴대전화,"1,706",55,383407
검색,2026-02-09,굿리치몰_C01,컴퓨터,895,48,322419
검색,2026-02-09,굿리치몰_C01,휴대전화,"1,734",35,288465
검색,2026-02-09,굿리치몰_운전자보험_C09,컴퓨터,875,33,226872
검색,2026-02-09,굿리치몰_암보험_C03,휴대전화,441,19,219854
검색,2026-02-09,굿리치몰_암보험_C03,컴퓨터,216,12,219462
검색,2026-02-09,굿리치몰_치아보험_C04,컴퓨터,253,18,168985
검색,2026-02-09,굿리치몰_치아보험_C04,휴대전화,364,22,135305
검색,2026-02-09,굿리치몰_실비보험_C02,태블릿,27,4,39866
검색,2026-02-09,굿리치몰_보장분석_C16,휴대전화,90,3,38812
검색,2026-02-09,굿리치몰_운전자보험_C09,태블릿,42,4,22602
검색,2026-02-09,굿리치몰_어린이보험_C06,휴대전화,142,4,21576
디스플레이,2026-02-09,굿리치몰_실비보험_20260209,태블릿,868,27,20751
검색,2026-02-09,굿리치몰_암보험_C03,태블릿,8,1,20387
검색,2026-02-09,굿리치몰_어린이보험_C06,컴퓨터,98,2,17667
검색,2026-02-09,굿리치몰_보장분석_C16,컴퓨터,51,1,5606
검색,2026-02-09,굿리치몰_치매보험_C07,휴대전화,57,1,4139
검색,2026-02-09,굿리치몰_어린이보험_C06,태블릿,1,0,0
검색,2026-02-09,굿리치몰_치아보험_C04,태블릿,4,0,0
검색,2026-02-09,굿리치몰_치매보험_C07,컴퓨터,13,0,0
검색,2026-02-09,굿리치몰_치매보험_C07,태블릿,0,0,0
검색,2026-02-09,굿리치몰_보장분석_C16,태블릿,1,0,0
검색,2026-02-09,굿리치몰_C01,태블릿,30,0,0
디스플레이,2026-02-09,굿리치몰_실비보험_20260209,TV 화면,6,0,0
디스플레이,2026-02-10,굿리치몰_실비보험_20260209,휴대전화,"47,049","2,939",993371
검색,2026-02-10,굿리치몰_실비보험_C02,휴대전화,"1,400",64,775667
검색,2026-02-10,굿리치몰_실비보험_C02,컴퓨터,703,41,609025
검색,2026-02-10,굿리치몰_운전자보험_C09,휴대전화,"1,534",57,346017
검색,2026-02-10,굿리치몰_C01,휴대전화,"1,729",41,334186
검색,2026-02-10,굿리치몰_운전자보험_C09,컴퓨터,"1,014",52,292636
검색,2026-02-10,굿리치몰_C01,컴퓨터,855,56,241909
검색,2026-02-10,굿리치몰_암보험_C03,휴대전화,373,25,226133
검색,2026-02-10,굿리치몰_치아보험_C04,휴대전화,419,21,136009
검색,2026-02-10,굿리치몰_암보험_C03,컴퓨터,173,8,108380
검색,2026-02-10,굿리치몰_치아보험_C04,컴퓨터,159,9,91410
검색,2026-02-10,굿리치몰_어린이보험_C06,컴퓨터,121,7,79405
검색,2026-02-10,굿리치몰_보장분석_C16,컴퓨터,79,6,46480
검색,2026-02-10,굿리치몰_치아보험_C04,태블릿,7,2,17307
검색,2026-02-10,굿리치몰_운전자보험_C09,태블릿,16,3,15380
검색,2026-02-10,굿리치몰_어린이보험_C06,휴대전화,"1,012",3,11367
디스플레이,2026-02-10,굿리치몰_실비보험_20260209,태블릿,616,23,9534
검색,2026-02-10,굿리치몰_보장분석_C16,휴대전화,79,1,8996
검색,2026-02-10,굿리치몰_C01,태블릿,41,1,6902
검색,2026-02-10,굿리치몰_보장분석_C16,태블릿,3,1,1638
검색,2026-02-10,굿리치몰_실비보험_C02,태블릿,14,0,0
검색,2026-02-10,굿리치몰_암보험_C03,태블릿,6,0,0
검색,2026-02-10,굿리치몰_치매보험_C07,컴퓨터,22,0,0
검색,2026-02-10,굿리치몰_치매보험_C07,휴대전화,71,0,0
검색,2026-02-10,굿리치몰_치매보험_C07,태블릿,1,0,0
디스플레이,2026-02-11,굿리치몰_실비보험_20260209,휴대전화,"42,488","1,651",865140
검색,2026-02-11,굿리치몰_실비보험_C02,휴대전화,"1,410",66,846322
검색,2026-02-11,굿리치몰_실비보험_C02,컴퓨터,655,35,476145
검색,2026-02-11,굿리치몰_C01,컴퓨터,782,74,403664
검색,2026-02-11,굿리치몰_운전자보험_C09,휴대전화,"2,009",58,351977
검색,2026-02-11,굿리치몰_C01,휴대전화,"1,762",38,291386
검색,2026-02-11,굿리치몰_운전자보험_C09,컴퓨터,969,37,219554
검색,2026-02-11,굿리치몰_암보험_C03,컴퓨터,195,12,191870
검색,2026-02-11,굿리치몰_치아보험_C04,컴퓨터,175,17,148183
검색,2026-02-11,굿리치몰_암보험_C03,휴대전화,"1,438",13,147420
검색,2026-02-11,굿리치몰_치아보험_C04,휴대전화,346,17,103998
검색,2026-02-11,굿리치몰_어린이보험_C06,휴대전화,168,8,48616
검색,2026-02-11,굿리치몰_어린이보험_C06,컴퓨터,121,5,41920
검색,2026-02-11,굿리치몰_보장분석_C16,컴퓨터,99,6,35117
검색,2026-02-11,굿리치몰_보장분석_C16,휴대전화,78,5,21064
검색,2026-02-11,굿리치몰_암보험_C03,태블릿,8,1,14128
디스플레이,2026-02-11,굿리치몰_실비보험_20260209,태블릿,684,14,4737
검색,2026-02-11,굿리치몰_실비보험_C02,태블릿,9,0,0
검색,2026-02-11,굿리치몰_치아보험_C04,태블릿,3,0,0
검색,2026-02-11,굿리치몰_치매보험_C07,컴퓨터,13,0,0
검색,2026-02-11,굿리치몰_치매보험_C07,휴대전화,77,0,0
검색,2026-02-11,굿리치몰_치매보험_C07,태블릿,2,0,0
검색,2026-02-11,굿리치몰_보장분석_C16,태블릿,0,0,0
검색,2026-02-11,굿리치몰_C01,태블릿,23,0,0
검색,2026-02-11,굿리치몰_운전자보험_C09,태블릿,50,0,0
디스플레이,2026-02-11,굿리치몰_실비보험_20260209,TV 화면,4,0,0
디스플레이,2026-02-12,굿리치몰_실비보험_20260209,휴대전화,"77,408","1,208",1027220
검색,2026-02-12,굿리치몰_실비보험_C02,휴대전화,"1,344",58,672530
검색,2026-02-12,굿리치몰_실비보험_C02,컴퓨터,586,32,461483
검색,2026-02-12,굿리치몰_운전자보험_C09,휴대전화,"1,373",56,319941
검색,2026-02-12,굿리치몰_C01,휴대전화,"1,744",36,277627
검색,2026-02-12,굿리치몰_운전자보험_C09,컴퓨터,693,38,240724
검색,2026-02-12,굿리치몰_암보험_C03,컴퓨터,192,15,237626
검색,2026-02-12,굿리치몰_C01,컴퓨터,636,50,217383
검색,2026-02-12,굿리치몰_치아보험_C04,컴퓨터,175,13,124489
검색,2026-02-12,굿리치몰_암보험_C03,휴대전화,358,15,110416
검색,2026-02-12,굿리치몰_치아보험_C04,휴대전화,322,16,94123
검색,2026-02-12,굿리치몰_어린이보험_C06,컴퓨터,102,4,32742
검색,2026-02-12,굿리치몰_어린이보험_C06,휴대전화,110,4,21570
검색,2026-02-12,굿리치몰_보장분석_C16,휴대전화,65,2,13783
검색,2026-02-12,굿리치몰_운전자보험_C09,태블릿,36,1,11602
검색,2026-02-12,굿리치몰_실비보험_C02,태블릿,18,1,10904
검색,2026-02-12,굿리치몰_C01,태블릿,28,1,8628
검색,2026-02-12,굿리치몰_보장분석_C16,컴퓨터,166,2,8454
디스플레이,2026-02-12,굿리치몰_실비보험_20260209,태블릿,"1,620",11,7260
검색,2026-02-12,굿리치몰_치매보험_C07,휴대전화,112,2,4776
검색,2026-02-12,굿리치몰_어린이보험_C06,태블릿,2,0,0
검색,2026-02-12,굿리치몰_치아보험_C04,태블릿,2,0,0
검색,2026-02-12,굿리치몰_암보험_C03,태블릿,2,0,0
검색,2026-02-12,굿리치몰_치매보험_C07,컴퓨터,21,0,0
검색,2026-02-12,굿리치몰_보장분석_C16,태블릿,2,0,0
디스플레이,2026-02-12,굿리치몰_실비보험_20260209,TV 화면,7,0,0
검색,2026-02-13,굿리치몰_실비보험_C02,휴대전화,"1,230",55,595022
검색,2026-02-13,굿리치몰_실비보험_C02,컴퓨터,496,23,382593
검색,2026-02-13,굿리치몰_암보험_C03,휴대전화,"1,158",20,287103
검색,2026-02-13,굿리치몰_운전자보험_C09,휴대전화,"1,460",49,286008
검색,2026-02-13,굿리치몰_C01,컴퓨터,672,42,248848
검색,2026-02-13,굿리치몰_운전자보험_C09,컴퓨터,692,34,182573
검색,2026-02-13,굿리치몰_C01,휴대전화,"1,284",30,179245
검색,2026-02-13,굿리치몰_치아보험_C04,컴퓨터,121,12,107939
디스플레이,2026-02-13,굿리치몰_실비보험_20260209,휴대전화,"12,104",130,96395
검색,2026-02-13,굿리치몰_치아보험_C04,휴대전화,638,12,88769
검색,2026-02-13,굿리치몰_암보험_C03,컴퓨터,190,6,84244
검색,2026-02-13,굿리치몰_어린이보험_C06,휴대전화,124,6,44782
검색,2026-02-13,굿리치몰_실비보험_C02,태블릿,18,4,42293
검색,2026-02-13,굿리치몰_보장분석_C16,컴퓨터,113,3,38094
검색,2026-02-13,굿리치몰_암보험_C03,태블릿,5,1,27436
검색,2026-02-13,굿리치몰_어린이보험_C06,컴퓨터,52,2,16365
검색,2026-02-13,굿리치몰_운전자보험_C09,태블릿,20,1,8043
검색,2026-02-13,굿리치몰_보장분석_C16,휴대전화,70,1,3522
검색,2026-02-13,굿리치몰_치매보험_C07,휴대전화,177,4,3355
디스플레이,2026-02-13,굿리치몰_실비보험_20260209,태블릿,235,1,608
검색,2026-02-13,굿리치몰_어린이보험_C06,태블릿,3,0,0
검색,2026-02-13,굿리치몰_치아보험_C04,태블릿,6,0,0
검색,2026-02-13,굿리치몰_치매보험_C07,컴퓨터,39,0,0
검색,2026-02-13,굿리치몰_치매보험_C07,태블릿,0,0,0
검색,2026-02-13,굿리치몰_보장분석_C16,태블릿,2,0,0
검색,2026-02-13,굿리치몰_C01,태블릿,24,0,0
디스플레이,2026-02-13,굿리치몰_실비보험_20260209,TV 화면,1,0,0
검색,2026-02-14,굿리치몰_실비보험_C02,휴대전화,982,52,511963
검색,2026-02-14,굿리치몰_운전자보험_C09,휴대전화,"1,817",68,323873
검색,2026-02-14,굿리치몰_암보험_C03,휴대전화,302,24,234825
검색,2026-02-14,굿리치몰_C01,휴대전화,"1,578",29,219388
검색,2026-02-14,굿리치몰_C01,컴퓨터,461,25,172362
검색,2026-02-14,굿리치몰_운전자보험_C09,컴퓨터,580,27,142040
검색,2026-02-14,굿리치몰_치아보험_C04,휴대전화,259,26,91613
검색,2026-02-14,굿리치몰_실비보험_C02,컴퓨터,241,8,75295
검색,2026-02-14,굿리치몰_어린이보험_C06,컴퓨터,38,3,39062
검색,2026-02-14,굿리치몰_치아보험_C04,컴퓨터,55,5,38553
검색,2026-02-14,굿리치몰_암보험_C03,컴퓨터,59,3,35547
검색,2026-02-14,굿리치몰_실비보험_C02,태블릿,25,2,17754
검색,2026-02-14,굿리치몰_치아보험_C04,태블릿,8,2,7631
검색,2026-02-14,굿리치몰_치매보험_C07,휴대전화,456,6,7463
검색,2026-02-14,굿리치몰_C01,태블릿,24,1,6604
검색,2026-02-14,굿리치몰_보장분석_C16,휴대전화,49,2,5659
검색,2026-02-14,굿리치몰_보장분석_C16,컴퓨터,24,1,5168
검색,2026-02-14,굿리치몰_치매보험_C07,컴퓨터,75,1,4100
검색,2026-02-14,굿리치몰_어린이보험_C06,휴대전화,66,0,0
검색,2026-02-14,굿리치몰_어린이보험_C06,태블릿,0,0,0
검색,2026-02-14,굿리치몰_암보험_C03,태블릿,1,0,0
검색,2026-02-14,굿리치몰_치매보험_C07,태블릿,7,0,0
검색,2026-02-14,굿리치몰_보장분석_C16,태블릿,1,0,0
검색,2026-02-14,굿리치몰_운전자보험_C09,태블릿,19,0,0
검색,2026-02-15,굿리치몰_실비보험_C02,휴대전화,854,42,382874
검색,2026-02-15,굿리치몰_운전자보험_C09,휴대전화,"1,895",61,359608
검색,2026-02-15,굿리치몰_C01,휴대전화,"2,166",26,203788
검색,2026-02-15,굿리치몰_C01,컴퓨터,356,26,203232
검색,2026-02-15,굿리치몰_실비보험_C02,컴퓨터,216,11,169431
검색,2026-02-15,굿리치몰_치아보험_C04,휴대전화,249,12,96046
검색,2026-02-15,굿리치몰_암보험_C03,휴대전화,265,13,88670
검색,2026-02-15,굿리치몰_운전자보험_C09,컴퓨터,541,18,87744
검색,2026-02-15,굿리치몰_암보험_C03,컴퓨터,61,6,78969
검색,2026-02-15,굿리치몰_치아보험_C04,컴퓨터,93,8,60556
검색,2026-02-15,굿리치몰_치매보험_C07,휴대전화,360,9,15218
검색,2026-02-15,굿리치몰_어린이보험_C06,컴퓨터,33,2,15140
검색,2026-02-15,굿리치몰_C01,태블릿,51,1,11698
검색,2026-02-15,굿리치몰_어린이보험_C06,휴대전화,70,3,9263
검색,2026-02-15,굿리치몰_보장분석_C16,휴대전화,47,1,6131
검색,2026-02-15,굿리치몰_보장분석_C16,컴퓨터,19,1,5277
검색,2026-02-15,굿리치몰_운전자보험_C09,태블릿,38,1,4836
검색,2026-02-15,굿리치몰_치매보험_C07,컴퓨터,65,1,2357
검색,2026-02-15,굿리치몰_어린이보험_C06,태블릿,2,0,0
검색,2026-02-15,굿리치몰_실비보험_C02,태블릿,7,0,0
검색,2026-02-15,굿리치몰_치아보험_C04,태블릿,1,0,0
검색,2026-02-15,굿리치몰_암보험_C03,태블릿,2,0,0
검색,2026-02-15,굿리치몰_치매보험_C07,태블릿,10,0,0
검색,2026-02-15,굿리치몰_보장분석_C16,태블릿,2,0,0
검색,2026-02-16,굿리치몰_실비보험_C02,휴대전화,812,35,408860
검색,2026-02-16,굿리치몰_운전자보험_C09,휴대전화,"1,936",54,302290
검색,2026-02-16,굿리치몰_C01,휴대전화,"1,233",27,210791
검색,2026-02-16,굿리치몰_실비보험_C02,컴퓨터,205,11,181485
검색,2026-02-16,굿리치몰_암보험_C03,휴대전화,263,22,150341
검색,2026-02-16,굿리치몰_C01,컴퓨터,404,19,113462
검색,2026-02-16,굿리치몰_운전자보험_C09,컴퓨터,592,20,93661
검색,2026-02-16,굿리치몰_암보험_C03,컴퓨터,72,4,61642
검색,2026-02-16,굿리치몰_치아보험_C04,컴퓨터,56,6,56315
검색,2026-02-16,굿리치몰_어린이보험_C06,휴대전화,72,4,37212
검색,2026-02-16,굿리치몰_어린이보험_C06,컴퓨터,24,3,32835
검색,2026-02-16,굿리치몰_치아보험_C04,휴대전화,204,8,26358
검색,2026-02-16,굿리치몰_치매보험_C07,휴대전화,263,7,12088
검색,2026-02-16,굿리치몰_실비보험_C02,태블릿,18,1,10997
검색,2026-02-16,굿리치몰_보장분석_C16,휴대전화,55,1,7532
검색,2026-02-16,굿리치몰_암보험_C03,태블릿,5,0,0
검색,2026-02-16,굿리치몰_치매보험_C07,컴퓨터,68,0,0
검색,2026-02-16,굿리치몰_치매보험_C07,태블릿,6,0,0
검색,2026-02-16,굿리치몰_보장분석_C16,컴퓨터,6,0,0
검색,2026-02-16,굿리치몰_보장분석_C16,태블릿,0,0,0
검색,2026-02-16,굿리치몰_C01,태블릿,18,0,0
검색,2026-02-16,굿리치몰_운전자보험_C09,태블릿,28,0,0
검색,2026-02-17,굿리치몰_실비보험_C02,휴대전화,834,46,474462
검색,2026-02-17,굿리치몰_운전자보험_C09,휴대전화,"1,705",65,370941
검색,2026-02-17,굿리치몰_C01,휴대전화,"1,125",28,165021
검색,2026-02-17,굿리치몰_C01,컴퓨터,352,15,128653
검색,2026-02-17,굿리치몰_실비보험_C02,컴퓨터,209,8,104517
검색,2026-02-17,굿리치몰_치아보험_C04,휴대전화,219,12,82980
검색,2026-02-17,굿리치몰_암보험_C03,컴퓨터,50,6,73797
검색,2026-02-17,굿리치몰_운전자보험_C09,컴퓨터,381,15,72988
검색,2026-02-17,굿리치몰_암보험_C03,휴대전화,252,10,48049
검색,2026-02-17,굿리치몰_치아보험_C04,컴퓨터,67,6,34900
검색,2026-02-17,굿리치몰_어린이보험_C06,휴대전화,90,6,33339
검색,2026-02-17,굿리치몰_실비보험_C02,태블릿,15,1,19317
검색,2026-02-17,굿리치몰_어린이보험_C06,컴퓨터,18,1,16035
검색,2026-02-17,굿리치몰_암보험_C03,태블릿,8,2,13667
검색,2026-02-17,굿리치몰_운전자보험_C09,태블릿,21,1,10458
검색,2026-02-17,굿리치몰_치매보험_C07,휴대전화,248,6,8335
검색,2026-02-17,굿리치몰_치매보험_C07,컴퓨터,54,2,4896
검색,2026-02-17,굿리치몰_어린이보험_C06,태블릿,0,0,0
검색,2026-02-17,굿리치몰_치아보험_C04,태블릿,0,0,0
검색,2026-02-17,굿리치몰_치매보험_C07,태블릿,9,0,0
검색,2026-02-17,굿리치몰_보장분석_C16,컴퓨터,16,0,0
검색,2026-02-17,굿리치몰_보장분석_C16,휴대전화,23,0,0
검색,2026-02-17,굿리치몰_보장분석_C16,태블릿,1,0,0
검색,2026-02-17,굿리치몰_C01,태블릿,27,0,0
검색,2026-02-18,굿리치몰_실비보험_C02,컴퓨터,363,29,412234
검색,2026-02-18,굿리치몰_실비보험_C02,휴대전화,895,41,373305
검색,2026-02-18,굿리치몰_운전자보험_C09,휴대전화,"1,748",68,365303
검색,2026-02-18,굿리치몰_C01,컴퓨터,485,29,191871
검색,2026-02-18,굿리치몰_암보험_C03,휴대전화,262,14,140232
검색,2026-02-18,굿리치몰_치아보험_C04,휴대전화,249,22,117181
검색,2026-02-18,굿리치몰_C01,휴대전화,"1,331",19,114998
검색,2026-02-18,굿리치몰_운전자보험_C09,컴퓨터,861,23,113913
검색,2026-02-18,굿리치몰_암보험_C03,컴퓨터,80,5,75117
검색,2026-02-18,굿리치몰_치아보험_C04,컴퓨터,69,8,66358
검색,2026-02-18,굿리치몰_어린이보험_C06,컴퓨터,35,3,30708
검색,2026-02-18,굿리치몰_운전자보험_C09,태블릿,31,3,24969
검색,2026-02-18,굿리치몰_어린이보험_C06,휴대전화,64,3,23690
검색,2026-02-18,굿리치몰_치아보험_C04,태블릿,8,1,9320
검색,2026-02-18,굿리치몰_보장분석_C16,휴대전화,52,2,7668
검색,2026-02-18,굿리치몰_보장분석_C16,컴퓨터,20,1,6544
검색,2026-02-18,굿리치몰_C01,태블릿,47,1,5488
검색,2026-02-18,굿리치몰_치매보험_C07,컴퓨터,67,1,3210
검색,2026-02-18,굿리치몰_치매보험_C07,휴대전화,265,2,2596
검색,2026-02-18,굿리치몰_어린이보험_C06,태블릿,3,0,0
검색,2026-02-18,굿리치몰_실비보험_C02,태블릿,33,0,0
검색,2026-02-18,굿리치몰_암보험_C03,태블릿,4,0,0
검색,2026-02-18,굿리치몰_치매보험_C07,태블릿,4,0,0
검색,2026-02-18,굿리치몰_보장분석_C16,태블릿,2,0,0
디스플레이,2026-02-18,굿리치몰_실비보험_20260209,휴대전화,0,0,0
디스플레이,2026-02-18,굿리치몰_실비보험_20260209,태블릿,0,0,0
디스플레이,2026-02-19,굿리치몰_실비보험_20260209,휴대전화,"26,173","1,304",1975411
검색,2026-02-19,굿리치몰_실비보험_C02,휴대전화,"1,429",65,687408
검색,2026-02-19,굿리치몰_실비보험_C02,컴퓨터,807,39,571451
검색,2026-02-19,굿리치몰_운전자보험_C09,휴대전화,"1,989",100,515453
검색,2026-02-19,굿리치몰_C01,컴퓨터,"1,160",74,381203
검색,2026-02-19,굿리치몰_운전자보험_C09,컴퓨터,"1,549",68,355296
검색,2026-02-19,굿리치몰_암보험_C03,컴퓨터,338,14,200245
검색,2026-02-19,굿리치몰_C01,휴대전화,"1,611",38,199539
검색,2026-02-19,굿리치몰_치아보험_C04,휴대전화,457,21,189335
검색,2026-02-19,굿리치몰_암보험_C03,휴대전화,364,16,149961
검색,2026-02-19,굿리치몰_치아보험_C04,컴퓨터,180,13,90778
검색,2026-02-19,굿리치몰_어린이보험_C06,컴퓨터,126,9,84945
검색,2026-02-19,굿리치몰_어린이보험_C06,휴대전화,120,7,46290
검색,2026-02-19,굿리치몰_보장분석_C16,컴퓨터,64,4,23565
검색,2026-02-19,굿리치몰_C01,태블릿,42,3,22366
디스플레이,2026-02-19,굿리치몰_실비보험_20260209,태블릿,592,8,19918
검색,2026-02-19,굿리치몰_암보험_C03,태블릿,7,1,10986
검색,2026-02-19,굿리치몰_치매보험_C07,휴대전화,139,5,10251
검색,2026-02-19,굿리치몰_치아보험_C04,태블릿,4,1,5431
검색,2026-02-19,굿리치몰_치매보험_C07,컴퓨터,46,1,2972
검색,2026-02-19,굿리치몰_어린이보험_C06,태블릿,2,0,0
검색,2026-02-19,굿리치몰_실비보험_C02,태블릿,33,0,0
검색,2026-02-19,굿리치몰_치매보험_C07,태블릿,0,0,0
검색,2026-02-19,굿리치몰_보장분석_C16,휴대전화,82,0,0
검색,2026-02-19,굿리치몰_보장분석_C16,태블릿,1,0,0
검색,2026-02-19,굿리치몰_운전자보험_C09,태블릿,27,0,0
디스플레이,2026-02-20,굿리치몰_실비보험_20260209,휴대전화,"34,492","1,017",1160205
검색,2026-02-20,굿리치몰_실비보험_C02,휴대전화,"1,348",62,635219
검색,2026-02-20,굿리치몰_실비보험_C02,컴퓨터,826,46,609808
검색,2026-02-20,굿리치몰_운전자보험_C09,휴대전화,"2,292",93,516846
검색,2026-02-20,굿리치몰_운전자보험_C09,컴퓨터,"1,547",92,466771
검색,2026-02-20,굿리치몰_C01,컴퓨터,982,51,296947
검색,2026-02-20,굿리치몰_치아보험_C04,휴대전화,464,28,204917
검색,2026-02-20,굿리치몰_암보험_C03,컴퓨터,206,12,198314
검색,2026-02-20,굿리치몰_C01,휴대전화,"1,656",26,169434
검색,2026-02-20,굿리치몰_치아보험_C04,컴퓨터,210,14,116209
검색,2026-02-20,굿리치몰_암보험_C03,휴대전화,370,15,102238
검색,2026-02-20,굿리치몰_어린이보험_C06,휴대전화,120,6,52504
검색,2026-02-20,굿리치몰_어린이보험_C06,컴퓨터,79,3,26317
검색,2026-02-20,굿리치몰_운전자보험_C09,태블릿,47,5,19722
검색,2026-02-20,굿리치몰_보장분석_C16,컴퓨터,72,3,17584
디스플레이,2026-02-20,굿리치몰_실비보험_20260209,태블릿,847,10,10549
검색,2026-02-20,굿리치몰_보장분석_C16,휴대전화,77,1,10211
검색,2026-02-20,굿리치몰_실비보험_C02,태블릿,29,1,3145
검색,2026-02-20,굿리치몰_치매보험_C07,휴대전화,129,2,1205
검색,2026-02-20,굿리치몰_어린이보험_C06,태블릿,0,0,0
검색,2026-02-20,굿리치몰_치아보험_C04,태블릿,8,0,0
검색,2026-02-20,굿리치몰_암보험_C03,태블릿,4,0,0
검색,2026-02-20,굿리치몰_치매보험_C07,컴퓨터,52,0,0
검색,2026-02-20,굿리치몰_치매보험_C07,태블릿,2,0,0
검색,2026-02-20,굿리치몰_보장분석_C16,태블릿,6,0,0
검색,2026-02-20,굿리치몰_C01,태블릿,44,0,0
디스플레이,2026-02-20,굿리치몰_실비보험_20260209,TV 화면,5,0,0
검색,2026-02-21,굿리치몰_운전자보험_C09,휴대전화,"1,770",88,571312
검색,2026-02-21,굿리치몰_실비보험_C02,휴대전화,"1,078",51,555485
검색,2026-02-21,굿리치몰_C01,컴퓨터,630,34,226117
검색,2026-02-21,굿리치몰_C01,휴대전화,"1,406",28,207752
검색,2026-02-21,굿리치몰_운전자보험_C09,컴퓨터,823,44,205634
검색,2026-02-21,굿리치몰_실비보험_C02,컴퓨터,323,14,201194
검색,2026-02-21,굿리치몰_암보험_C03,휴대전화,339,11,76923
검색,2026-02-21,굿리치몰_치아보험_C04,휴대전화,329,11,75568
검색,2026-02-21,굿리치몰_어린이보험_C06,컴퓨터,63,5,63148
검색,2026-02-21,굿리치몰_암보험_C03,컴퓨터,92,4,38491
검색,2026-02-21,굿리치몰_치아보험_C04,컴퓨터,71,3,24195
검색,2026-02-21,굿리치몰_어린이보험_C06,휴대전화,92,2,23625
검색,2026-02-21,굿리치몰_보장분석_C16,휴대전화,46,2,19133
검색,2026-02-21,굿리치몰_운전자보험_C09,태블릿,40,2,12618
검색,2026-02-21,굿리치몰_치매보험_C07,휴대전화,219,5,7487
검색,2026-02-21,굿리치몰_보장분석_C16,컴퓨터,41,1,5011
검색,2026-02-21,굿리치몰_어린이보험_C06,태블릿,1,0,0
검색,2026-02-21,굿리치몰_실비보험_C02,태블릿,16,0,0
검색,2026-02-21,굿리치몰_치아보험_C04,태블릿,6,0,0
검색,2026-02-21,굿리치몰_암보험_C03,태블릿,6,0,0
검색,2026-02-21,굿리치몰_치매보험_C07,컴퓨터,43,0,0
검색,2026-02-21,굿리치몰_치매보험_C07,태블릿,1,0,0
검색,2026-02-21,굿리치몰_보장분석_C16,태블릿,1,0,0
검색,2026-02-21,굿리치몰_C01,태블릿,35,0,0
검색,2026-02-22,굿리치몰_실비보험_C02,휴대전화,"1,062",54,574924
검색,2026-02-22,굿리치몰_실비보험_C02,컴퓨터,417,26,391254
검색,2026-02-22,굿리치몰_운전자보험_C09,휴대전화,"1,416",65,373298
검색,2026-02-22,굿리치몰_C01,컴퓨터,535,29,207166
검색,2026-02-22,굿리치몰_C01,휴대전화,"1,226",26,188234
검색,2026-02-22,굿리치몰_운전자보험_C09,컴퓨터,583,38,184005
검색,2026-02-22,굿리치몰_치아보험_C04,휴대전화,330,13,96422
검색,2026-02-22,굿리치몰_암보험_C03,휴대전화,310,9,87619
검색,2026-02-22,굿리치몰_치아보험_C04,컴퓨터,85,7,62971
검색,2026-02-22,굿리치몰_어린이보험_C06,휴대전화,108,6,58978
검색,2026-02-22,굿리치몰_암보험_C03,컴퓨터,50,5,48643
검색,2026-02-22,굿리치몰_C01,태블릿,35,4,22907
검색,2026-02-22,굿리치몰_어린이보험_C06,컴퓨터,71,2,18559
검색,2026-02-22,굿리치몰_치매보험_C07,컴퓨터,64,4,14359
검색,2026-02-22,굿리치몰_어린이보험_C06,태블릿,4,1,9619
검색,2026-02-22,굿리치몰_보장분석_C16,휴대전화,44,1,9476
검색,2026-02-22,굿리치몰_치매보험_C07,휴대전화,222,5,9221
검색,2026-02-22,굿리치몰_운전자보험_C09,태블릿,21,1,5934
검색,2026-02-22,굿리치몰_보장분석_C16,컴퓨터,107,1,2319
검색,2026-02-22,굿리치몰_실비보험_C02,태블릿,20,0,0
검색,2026-02-22,굿리치몰_치아보험_C04,태블릿,0,0,0
검색,2026-02-22,굿리치몰_암보험_C03,태블릿,4,0,0
검색,2026-02-22,굿리치몰_치매보험_C07,태블릿,2,0,0
검색,2026-02-22,굿리치몰_보장분석_C16,태블릿,2,0,0
디스플레이,2026-02-22,굿리치몰_실비보험_20260209,휴대전화,0,0,0
디스플레이,2026-02-22,굿리치몰_실비보험_20260209,태블릿,0,0,0
디스플레이,2026-02-23,굿리치몰_실비보험_20260209,휴대전화,"48,292",381,1099686
검색,2026-02-23,굿리치몰_실비보험_C02,컴퓨터,864,52,769942
검색,2026-02-23,굿리치몰_실비보험_C02,휴대전화,"1,572",73,766787
검색,2026-02-23,굿리치몰_C01,휴대전화,"2,022",38,314379
검색,2026-02-23,굿리치몰_운전자보험_C09,휴대전화,"1,336",61,303462
검색,2026-02-23,굿리치몰_C01,컴퓨터,"2,843",57,273760
검색,2026-02-23,굿리치몰_암보험_C03,컴퓨터,210,17,263317
검색,2026-02-23,굿리치몰_치아보험_C04,컴퓨터,258,23,229791
검색,2026-02-23,굿리치몰_운전자보험_C09,컴퓨터,822,43,173919
검색,2026-02-23,굿리치몰_치아보험_C04,휴대전화,459,20,163542
검색,2026-02-23,굿리치몰_암보험_C03,휴대전화,401,13,120522
검색,2026-02-23,굿리치몰_어린이보험_C06,휴대전화,113,6,56965
검색,2026-02-23,굿리치몰_어린이보험_C06,컴퓨터,112,5,44850
검색,2026-02-23,굿리치몰_보장분석_C16,컴퓨터,191,4,35851
검색,2026-02-23,굿리치몰_운전자보험_C09,태블릿,22,4,23042
검색,2026-02-23,굿리치몰_실비보험_C02,태블릿,22,2,22863
디스플레이,2026-02-23,굿리치몰_실비보험_20260209,태블릿,"1,050",6,11831
검색,2026-02-23,굿리치몰_보장분석_C16,휴대전화,71,4,10055
검색,2026-02-23,굿리치몰_치아보험_C04,태블릿,2,0,0
검색,2026-02-23,굿리치몰_암보험_C03,태블릿,6,0,0
검색,2026-02-23,굿리치몰_치매보험_C07,컴퓨터,60,0,0
검색,2026-02-23,굿리치몰_치매보험_C07,휴대전화,221,0,0
검색,2026-02-23,굿리치몰_치매보험_C07,태블릿,5,0,0
검색,2026-02-23,굿리치몰_보장분석_C16,태블릿,2,0,0
검색,2026-02-23,굿리치몰_C01,태블릿,52,0,0
디스플레이,2026-02-23,굿리치몰_실비보험_20260209,기타,1,0,0
디스플레이,2026-02-23,굿리치몰_실비보험_20260209,TV 화면,3,0,0
디스플레이,2026-02-24,굿리치몰_실비보험_20260209,휴대전화,"19,142",491,919884
검색,2026-02-24,굿리치몰_실비보험_C02,컴퓨터,736,44,667779
검색,2026-02-24,굿리치몰_실비보험_C02,휴대전화,"1,458",57,496262
검색,2026-02-24,굿리치몰_운전자보험_C09,휴대전화,"1,259",63,270042
검색,2026-02-24,굿리치몰_C01,컴퓨터,"1,093",60,261738
검색,2026-02-24,굿리치몰_운전자보험_C09,컴퓨터,934,65,260542
검색,2026-02-24,굿리치몰_C01,휴대전화,"1,591",23,181862
검색,2026-02-24,굿리치몰_암보험_C03,휴대전화,359,23,172605
검색,2026-02-24,굿리치몰_치아보험_C04,휴대전화,422,23,166862
검색,2026-02-24,굿리치몰_치아보험_C04,컴퓨터,384,14,134225
검색,2026-02-24,굿리치몰_암보험_C03,컴퓨터,157,4,84771
검색,2026-02-24,굿리치몰_어린이보험_C06,컴퓨터,123,4,35266
검색,2026-02-24,굿리치몰_운전자보험_C09,태블릿,19,2,13216
검색,2026-02-24,굿리치몰_치아보험_C04,태블릿,10,1,12428
검색,2026-02-24,굿리치몰_보장분석_C16,휴대전화,50,1,12240
디스플레이,2026-02-24,굿리치몰_실비보험_20260209,태블릿,431,2,10714
검색,2026-02-24,굿리치몰_보장분석_C16,컴퓨터,68,1,6620
검색,2026-02-24,굿리치몰_어린이보험_C06,휴대전화,119,1,6021
검색,2026-02-24,굿리치몰_실비보험_C02,태블릿,32,1,5545
검색,2026-02-24,굿리치몰_치매보험_C07,휴대전화,192,3,4768
검색,2026-02-24,굿리치몰_암보험_C03,태블릿,7,1,4156
검색,2026-02-24,굿리치몰_치매보험_C07,컴퓨터,47,2,3163
검색,2026-02-24,굿리치몰_어린이보험_C06,태블릿,0,0,0
검색,2026-02-24,굿리치몰_치매보험_C07,태블릿,2,0,0
검색,2026-02-24,굿리치몰_보장분석_C16,태블릿,0,0,0
검색,2026-02-24,굿리치몰_C01,태블릿,26,0,0
검색,2026-02-25,굿리치몰_실비보험_C02,휴대전화,"1,519",58,813284
검색,2026-02-25,굿리치몰_실비보험_C02,컴퓨터,766,35,592898
디스플레이,2026-02-25,굿리치몰_실비보험_20260209,휴대전화,"13,659",401,497200
검색,2026-02-25,굿리치몰_C01,컴퓨터,"1,253",70,390921
검색,2026-02-25,굿리치몰_운전자보험_C09,휴대전화,"1,151",69,360849
검색,2026-02-25,굿리치몰_암보험_C03,컴퓨터,182,22,276283
검색,2026-02-25,굿리치몰_운전자보험_C09,컴퓨터,764,66,272139
검색,2026-02-25,굿리치몰_치아보험_C04,컴퓨터,292,24,231872
검색,2026-02-25,굿리치몰_치아보험_C04,휴대전화,"1,118",22,187549
검색,2026-02-25,굿리치몰_C01,휴대전화,"1,426",23,136200
검색,2026-02-25,굿리치몰_암보험_C03,휴대전화,397,16,105260
검색,2026-02-25,굿리치몰_어린이보험_C06,컴퓨터,101,6,67689
검색,2026-02-25,굿리치몰_어린이보험_C06,휴대전화,138,2,14879
검색,2026-02-25,굿리치몰_치매보험_C07,휴대전화,138,8,11237
검색,2026-02-25,굿리치몰_보장분석_C16,휴대전화,75,1,9339
검색,2026-02-25,굿리치몰_운전자보험_C09,태블릿,13,1,5145
검색,2026-02-25,굿리치몰_어린이보험_C06,태블릿,2,0,0
검색,2026-02-25,굿리치몰_실비보험_C02,태블릿,16,0,0
검색,2026-02-25,굿리치몰_치아보험_C04,태블릿,1,0,0
검색,2026-02-25,굿리치몰_암보험_C03,태블릿,9,0,0
검색,2026-02-25,굿리치몰_치매보험_C07,컴퓨터,26,0,0
검색,2026-02-25,굿리치몰_치매보험_C07,태블릿,1,0,0
검색,2026-02-25,굿리치몰_보장분석_C16,컴퓨터,60,0,0
검색,2026-02-25,굿리치몰_보장분석_C16,태블릿,4,0,0
검색,2026-02-25,굿리치몰_C01,태블릿,30,0,0
디스플레이,2026-02-25,굿리치몰_실비보험_20260209,태블릿,236,0,0
디스플레이,2026-02-25,굿리치몰_실비보험_20260209,TV 화면,1,0,0
검색,2026-02-26,굿리치몰_실비보험_C02,휴대전화,"1,532",74,817495
검색,2026-02-26,굿리치몰_실비보험_C02,컴퓨터,717,35,593960
디스플레이,2026-02-26,굿리치몰_실비보험_20260209,휴대전화,"7,541",566,507169
검색,2026-02-26,굿리치몰_C01,컴퓨터,"1,125",78,393120
검색,2026-02-26,굿리치몰_운전자보험_C09,휴대전화,"1,014",59,282007
검색,2026-02-26,굿리치몰_C01,휴대전화,"1,541",30,223064
검색,2026-02-26,굿리치몰_치아보험_C04,휴대전화,308,18,180167
검색,2026-02-26,굿리치몰_운전자보험_C09,컴퓨터,518,42,163066
검색,2026-02-26,굿리치몰_치아보험_C04,컴퓨터,242,15,127508
검색,2026-02-26,굿리치몰_암보험_C03,컴퓨터,146,8,100182
검색,2026-02-26,굿리치몰_암보험_C03,휴대전화,783,11,76319
검색,2026-02-26,굿리치몰_치아보험_C04,태블릿,12,3,29006
검색,2026-02-26,굿리치몰_C01,태블릿,37,1,26634
검색,2026-02-26,굿리치몰_보장분석_C16,컴퓨터,111,4,21471
검색,2026-02-26,굿리치몰_어린이보험_C06,컴퓨터,104,2,19274
검색,2026-02-26,굿리치몰_치매보험_C07,컴퓨터,47,5,14123
검색,2026-02-26,굿리치몰_어린이보험_C06,휴대전화,142,3,14001
검색,2026-02-26,굿리치몰_실비보험_C02,태블릿,28,1,12211
검색,2026-02-26,굿리치몰_보장분석_C16,휴대전화,55,3,4570
검색,2026-02-26,굿리치몰_치매보험_C07,휴대전화,186,1,2813
디스플레이,2026-02-26,굿리치몰_실비보험_20260209,태블릿,84,1,1353
검색,2026-02-26,굿리치몰_어린이보험_C06,태블릿,2,0,0
검색,2026-02-26,굿리치몰_암보험_C03,태블릿,7,0,0
검색,2026-02-26,굿리치몰_치매보험_C07,태블릿,1,0,0
검색,2026-02-26,굿리치몰_보장분석_C16,태블릿,5,0,0
검색,2026-02-26,굿리치몰_운전자보험_C09,태블릿,7,0,0
디스플레이,2026-02-27,굿리치몰_실비보험_20260209,휴대전화,"28,057",656,677333
검색,2026-02-27,굿리치몰_실비보험_C02,휴대전화,"1,215",49,529492
검색,2026-02-27,굿리치몰_C01,컴퓨터,"1,048",74,411787
검색,2026-02-27,굿리치몰_운전자보험_C09,휴대전화,"1,014",69,357208
검색,2026-02-27,굿리치몰_실비보험_C02,컴퓨터,684,23,350146
검색,2026-02-27,굿리치몰_C01,휴대전화,"1,501",35,272124
검색,2026-02-27,굿리치몰_치아보험_C04,휴대전화,377,26,245721
검색,2026-02-27,굿리치몰_운전자보험_C09,컴퓨터,512,46,190035
검색,2026-02-27,굿리치몰_암보험_C03,휴대전화,296,15,149530
검색,2026-02-27,굿리치몰_치아보험_C04,컴퓨터,162,14,131093
검색,2026-02-27,굿리치몰_암보험_C03,컴퓨터,138,10,124797
검색,2026-02-27,굿리치몰_운전자보험_C09,태블릿,25,4,17909
검색,2026-02-27,굿리치몰_C01,태블릿,38,2,13596
검색,2026-02-27,굿리치몰_보장분석_C16,컴퓨터,80,1,12435
검색,2026-02-27,굿리치몰_어린이보험_C06,휴대전화,401,1,12023
검색,2026-02-27,굿리치몰_보장분석_C16,휴대전화,69,2,7565
검색,2026-02-27,굿리치몰_치매보험_C07,휴대전화,148,3,6352
검색,2026-02-27,굿리치몰_암보험_C03,태블릿,14,1,6044
디스플레이,2026-02-27,굿리치몰_실비보험_20260209,태블릿,547,8,2926
검색,2026-02-27,굿리치몰_어린이보험_C06,컴퓨터,56,0,0
검색,2026-02-27,굿리치몰_어린이보험_C06,태블릿,3,0,0
검색,2026-02-27,굿리치몰_실비보험_C02,태블릿,24,0,0
검색,2026-02-27,굿리치몰_치아보험_C04,태블릿,6,0,0
검색,2026-02-27,굿리치몰_치매보험_C07,컴퓨터,30,0,0
검색,2026-02-27,굿리치몰_치매보험_C07,태블릿,3,0,0
검색,2026-02-27,굿리치몰_보장분석_C16,태블릿,1,0,0
검색,2026-02-28,굿리치몰_실비보험_C02,휴대전화,"1,006",61,565738
검색,2026-02-28,굿리치몰_운전자보험_C09,휴대전화,875,59,273778
검색,2026-02-28,굿리치몰_실비보험_C02,컴퓨터,250,18,238897
검색,2026-02-28,굿리치몰_C01,컴퓨터,494,26,160939
검색,2026-02-28,굿리치몰_C01,휴대전화,"1,248",23,153315
검색,2026-02-28,굿리치몰_치아보험_C04,휴대전화,342,21,140676
검색,2026-02-28,굿리치몰_운전자보험_C09,컴퓨터,310,33,115616
검색,2026-02-28,굿리치몰_암보험_C03,휴대전화,223,10,90422
검색,2026-02-28,굿리치몰_암보험_C03,컴퓨터,57,5,71815
검색,2026-02-28,굿리치몰_어린이보험_C06,컴퓨터,39,3,43387
검색,2026-02-28,굿리치몰_실비보험_C02,태블릿,22,3,21707
검색,2026-02-28,굿리치몰_치아보험_C04,컴퓨터,65,2,17538
검색,2026-02-28,굿리치몰_보장분석_C16,컴퓨터,53,4,13219
검색,2026-02-28,굿리치몰_운전자보험_C09,태블릿,19,3,10220
검색,2026-02-28,굿리치몰_어린이보험_C06,휴대전화,108,3,9449
검색,2026-02-28,굿리치몰_치매보험_C07,휴대전화,181,6,8401
검색,2026-02-28,굿리치몰_C01,태블릿,36,1,2780
검색,2026-02-28,굿리치몰_보장분석_C16,휴대전화,37,1,1495
검색,2026-02-28,굿리치몰_치매보험_C07,컴퓨터,65,1,929
검색,2026-02-28,굿리치몰_어린이보험_C06,태블릿,3,0,0
검색,2026-02-28,굿리치몰_치아보험_C04,태블릿,2,0,0
검색,2026-02-28,굿리치몰_암보험_C03,태블릿,4,0,0
검색,2026-02-28,굿리치몰_치매보험_C07,태블릿,6,0,0
검색,2026-02-28,굿리치몰_보장분석_C16,태블릿,1,0,0
검색,2026-03-01,굿리치몰_실비보험_C02,휴대전화,914,50,430760
검색,2026-03-01,굿리치몰_운전자보험_C09,휴대전화,"1,170",81,418382
검색,2026-03-01,굿리치몰_운전자보험_C09,컴퓨터,460,48,235072
검색,2026-03-01,굿리치몰_실비보험_C02,컴퓨터,287,14,215659
검색,2026-03-01,굿리치몰_C01,휴대전화,972,27,196750
검색,2026-03-01,굿리치몰_C01,컴퓨터,440,25,153592
검색,2026-03-01,굿리치몰_암보험_C03,컴퓨터,72,8,121067
검색,2026-03-01,굿리치몰_치아보험_C04,휴대전화,199,14,115236
검색,2026-03-01,굿리치몰_암보험_C03,휴대전화,218,13,113841
검색,2026-03-01,굿리치몰_어린이보험_C06,컴퓨터,33,2,32418
검색,2026-03-01,굿리치몰_어린이보험_C06,휴대전화,75,3,25518
검색,2026-03-01,굿리치몰_보장분석_C16,컴퓨터,16,3,18432
검색,2026-03-01,굿리치몰_치아보험_C04,컴퓨터,71,2,16223
검색,2026-03-01,굿리치몰_치매보험_C07,휴대전화,160,6,11317
검색,2026-03-01,굿리치몰_운전자보험_C09,태블릿,16,1,2214
검색,2026-03-01,굿리치몰_어린이보험_C06,태블릿,1,0,0
검색,2026-03-01,굿리치몰_실비보험_C02,태블릿,6,0,0
검색,2026-03-01,굿리치몰_치아보험_C04,태블릿,6,0,0
검색,2026-03-01,굿리치몰_암보험_C03,태블릿,7,0,0
검색,2026-03-01,굿리치몰_치매보험_C07,컴퓨터,46,0,0
검색,2026-03-01,굿리치몰_치매보험_C07,태블릿,0,0,0
검색,2026-03-01,굿리치몰_보장분석_C16,휴대전화,35,0,0
검색,2026-03-01,굿리치몰_보장분석_C16,태블릿,2,0,0
검색,2026-03-01,굿리치몰_C01,태블릿,18,0,0
디스플레이,2026-03-01,굿리치몰_실비보험_20260209,휴대전화,0,0,0
디스플레이,2026-03-01,굿리치몰_실비보험_20260209,태블릿,0,0,0
디스플레이,2026-03-02,굿리치몰_실비보험_20260209,휴대전화,"47,963",494,659082
검색,2026-03-02,굿리치몰_실비보험_C02,휴대전화,940,46,426198
검색,2026-03-02,굿리치몰_운전자보험_C09,휴대전화,"1,196",65,344561
검색,2026-03-02,굿리치몰_실비보험_C02,컴퓨터,399,17,294182
검색,2026-03-02,굿리치몰_운전자보험_C09,컴퓨터,620,54,264517
검색,2026-03-02,굿리치몰_C01,휴대전화,"1,380",18,164201
검색,2026-03-02,굿리치몰_C01,컴퓨터,565,16,105786
검색,2026-03-02,굿리치몰_치아보험_C04,휴대전화,244,10,93812
검색,2026-03-02,굿리치몰_암보험_C03,휴대전화,235,5,60313
검색,2026-03-02,굿리치몰_치아보험_C04,컴퓨터,58,6,49537
검색,2026-03-02,굿리치몰_어린이보험_C06,컴퓨터,42,4,34185
검색,2026-03-02,굿리치몰_암보험_C03,컴퓨터,43,1,25648
검색,2026-03-02,굿리치몰_보장분석_C16,컴퓨터,37,2,22718
검색,2026-03-02,굿리치몰_어린이보험_C06,휴대전화,130,2,14582
검색,2026-03-02,굿리치몰_치매보험_C07,컴퓨터,73,2,11839
검색,2026-03-02,굿리치몰_운전자보험_C09,태블릿,21,2,10556
검색,2026-03-02,굿리치몰_치매보험_C07,휴대전화,170,3,3725
디스플레이,2026-03-02,굿리치몰_실비보험_20260209,태블릿,"1,263",6,1303
검색,2026-03-02,굿리치몰_어린이보험_C06,태블릿,1,0,0
검색,2026-03-02,굿리치몰_실비보험_C02,태블릿,18,0,0
검색,2026-03-02,굿리치몰_치아보험_C04,태블릿,4,0,0
검색,2026-03-02,굿리치몰_암보험_C03,태블릿,6,0,0
검색,2026-03-02,굿리치몰_치매보험_C07,태블릿,2,0,0
검색,2026-03-02,굿리치몰_보장분석_C16,휴대전화,37,0,0
검색,2026-03-02,굿리치몰_보장분석_C16,태블릿,2,0,0
검색,2026-03-02,굿리치몰_C01,태블릿,18,0,0
디스플레이,2026-03-02,굿리치몰_실비보험_20260209,기타,6,0,0
디스플레이,2026-03-03,굿리치몰_실비보험_20260209,휴대전화,"143,442",830,730660
검색,2026-03-03,굿리치몰_실비보험_C02,휴대전화,"1,264",53,556286
검색,2026-03-03,굿리치몰_실비보험_C02,컴퓨터,714,29,431910
검색,2026-03-03,굿리치몰_운전자보험_C09,휴대전화,841,50,338144
검색,2026-03-03,굿리치몰_운전자보험_C09,컴퓨터,821,62,330658
검색,2026-03-03,굿리치몰_C01,컴퓨터,935,46,241963
검색,2026-03-03,굿리치몰_암보험_C03,휴대전화,250,16,174682
검색,2026-03-03,굿리치몰_C01,휴대전화,"1,044",23,143330
검색,2026-03-03,굿리치몰_암보험_C03,컴퓨터,152,8,143320
검색,2026-03-03,굿리치몰_치아보험_C04,컴퓨터,188,13,120346
검색,2026-03-03,굿리치몰_치아보험_C04,휴대전화,310,11,91531
검색,2026-03-03,굿리치몰_보장분석_C16,컴퓨터,56,4,29940
검색,2026-03-03,굿리치몰_어린이보험_C06,휴대전화,267,6,28204
검색,2026-03-03,굿리치몰_보장분석_C16,휴대전화,54,2,9460
검색,2026-03-03,굿리치몰_치매보험_C07,휴대전화,98,4,7689
검색,2026-03-03,굿리치몰_어린이보험_C06,컴퓨터,90,1,6320
디스플레이,2026-03-03,굿리치몰_실비보험_20260209,태블릿,"3,579",12,4936
검색,2026-03-03,굿리치몰_운전자보험_C09,태블릿,10,1,3352
검색,2026-03-03,굿리치몰_C01,태블릿,30,1,1886
검색,2026-03-03,굿리치몰_어린이보험_C06,태블릿,2,0,0
검색,2026-03-03,굿리치몰_실비보험_C02,태블릿,15,0,0
검색,2026-03-03,굿리치몰_치아보험_C04,태블릿,2,0,0
검색,2026-03-03,굿리치몰_암보험_C03,태블릿,4,0,0
검색,2026-03-03,굿리치몰_치매보험_C07,컴퓨터,31,0,0
검색,2026-03-03,굿리치몰_치매보험_C07,태블릿,5,0,0
검색,2026-03-03,굿리치몰_보장분석_C16,태블릿,3,0,0
디스플레이,2026-03-03,굿리치몰_실비보험_20260209,기타,5,0,0
디스플레이,2026-03-03,굿리치몰_실비보험_20260209,TV 화면,18,0,0
디스플레이,2026-03-04,굿리치몰_실비보험_20260209,휴대전화,"207,950","1,001",690408
검색,2026-03-04,굿리치몰_실비보험_C02,휴대전화,"1,793",65,672820
검색,2026-03-04,굿리치몰_실비보험_C02,컴퓨터,769,31,520815
검색,2026-03-04,굿리치몰_운전자보험_C09,휴대전화,"1,096",68,413198
검색,2026-03-04,굿리치몰_C01,컴퓨터,920,63,350045
검색,2026-03-04,굿리치몰_운전자보험_C09,컴퓨터,769,61,334642
검색,2026-03-04,굿리치몰_C01,휴대전화,"1,170",38,225847
검색,2026-03-04,굿리치몰_치아보험_C04,휴대전화,257,24,202533
검색,2026-03-04,굿리치몰_치아보험_C04,컴퓨터,141,11,110600
검색,2026-03-04,굿리치몰_암보험_C03,휴대전화,209,9,104456
검색,2026-03-04,굿리치몰_암보험_C03,컴퓨터,114,7,94833
검색,2026-03-04,굿리치몰_어린이보험_C06,컴퓨터,63,4,66675
검색,2026-03-04,굿리치몰_보장분석_C16,컴퓨터,64,7,56324
디스플레이,2026-03-04,굿리치몰_실비보험_20260209,태블릿,"6,119",24,10809
검색,2026-03-04,굿리치몰_어린이보험_C06,휴대전화,119,1,10170
검색,2026-03-04,굿리치몰_C01,태블릿,18,1,7477
검색,2026-03-04,굿리치몰_치매보험_C07,휴대전화,90,3,4856
검색,2026-03-04,굿리치몰_실비보험_C02,태블릿,22,1,3434
검색,2026-03-04,굿리치몰_어린이보험_C06,태블릿,1,0,0
검색,2026-03-04,굿리치몰_치아보험_C04,태블릿,0,0,0
검색,2026-03-04,굿리치몰_암보험_C03,태블릿,2,0,0
검색,2026-03-04,굿리치몰_치매보험_C07,컴퓨터,34,0,0
검색,2026-03-04,굿리치몰_치매보험_C07,태블릿,1,0,0
검색,2026-03-04,굿리치몰_보장분석_C16,휴대전화,57,0,0
검색,2026-03-04,굿리치몰_보장분석_C16,태블릿,3,0,0
검색,2026-03-04,굿리치몰_운전자보험_C09,태블릿,19,0,0
디스플레이,2026-03-04,굿리치몰_실비보험_20260209,기타,4,0,0
디스플레이,2026-03-04,굿리치몰_실비보험_20260209,TV 화면,31,0,0
검색,2026-03-05,굿리치몰_실비보험_C02,휴대전화,"1,426",65,708847
디스플레이,2026-03-05,굿리치몰_실비보험_20260209,휴대전화,"153,134",673,695455
검색,2026-03-05,굿리치몰_실비보험_C02,컴퓨터,703,33,560677
검색,2026-03-05,굿리치몰_운전자보험_C09,휴대전화,"1,141",71,438153
검색,2026-03-05,굿리치몰_C01,컴퓨터,866,59,388490
검색,2026-03-05,굿리치몰_운전자보험_C09,컴퓨터,797,56,297688
검색,2026-03-05,굿리치몰_암보험_C03,휴대전화,303,19,277068
검색,2026-03-05,굿리치몰_C01,휴대전화,"1,167",35,265353
검색,2026-03-05,굿리치몰_치아보험_C04,컴퓨터,196,16,170572
검색,2026-03-05,굿리치몰_암보험_C03,컴퓨터,121,9,159540
검색,2026-03-05,굿리치몰_치아보험_C04,휴대전화,301,20,151041
검색,2026-03-05,굿리치몰_어린이보험_C06,컴퓨터,85,3,49181
디스플레이,2026-03-05,굿리치몰_실비보험_20260209,태블릿,"3,919",16,21154
검색,2026-03-05,굿리치몰_보장분석_C16,컴퓨터,66,3,18946
검색,2026-03-05,굿리치몰_보장분석_C16,휴대전화,103,2,13527
검색,2026-03-05,굿리치몰_C01,태블릿,33,1,7730
검색,2026-03-05,굿리치몰_어린이보험_C06,휴대전화,339,2,6540
검색,2026-03-05,굿리치몰_운전자보험_C09,태블릿,20,1,4907
검색,2026-03-05,굿리치몰_치매보험_C07,휴대전화,127,2,4482
검색,2026-03-05,굿리치몰_어린이보험_C06,태블릿,3,0,0
검색,2026-03-05,굿리치몰_실비보험_C02,태블릿,19,0,0
검색,2026-03-05,굿리치몰_치아보험_C04,태블릿,5,0,0
검색,2026-03-05,굿리치몰_암보험_C03,태블릿,3,0,0
검색,2026-03-05,굿리치몰_치매보험_C07,컴퓨터,30,0,0
검색,2026-03-05,굿리치몰_치매보험_C07,태블릿,0,0,0
검색,2026-03-05,굿리치몰_보장분석_C16,태블릿,5,0,0
디스플레이,2026-03-05,굿리치몰_실비보험_20260209,TV 화면,49,0,0
검색,2026-03-06,굿리치몰_실비보험_C02,휴대전화,"1,218",67,736414
검색,2026-03-06,굿리치몰_실비보험_C02,컴퓨터,610,31,435973
검색,2026-03-06,굿리치몰_C01,컴퓨터,819,53,272087
검색,2026-03-06,굿리치몰_운전자보험_C09,휴대전화,702,52,266501
검색,2026-03-06,굿리치몰_C01,휴대전화,"1,195",25,172633
검색,2026-03-06,굿리치몰_치아보험_C04,휴대전화,386,19,129669
검색,2026-03-06,굿리치몰_운전자보험_C09,컴퓨터,379,27,113724
검색,2026-03-06,굿리치몰_치아보험_C04,컴퓨터,183,14,101587
검색,2026-03-06,굿리치몰_암보험_C03,휴대전화,694,7,55980
검색,2026-03-06,굿리치몰_암보험_C03,컴퓨터,119,3,40699
검색,2026-03-06,굿리치몰_보장분석_C16,휴대전화,68,3,23955
검색,2026-03-06,굿리치몰_보장분석_C16,컴퓨터,54,3,21571
검색,2026-03-06,굿리치몰_어린이보험_C06,컴퓨터,77,2,20144
검색,2026-03-06,굿리치몰_C01,태블릿,28,2,18790
검색,2026-03-06,굿리치몰_운전자보험_C09,태블릿,16,3,14709
검색,2026-03-06,굿리치몰_어린이보험_C06,휴대전화,178,1,8125
검색,2026-03-06,굿리치몰_실비보험_C02,태블릿,20,1,1692
검색,2026-03-06,굿리치몰_어린이보험_C06,태블릿,1,0,0
검색,2026-03-06,굿리치몰_치아보험_C04,태블릿,8,0,0
검색,2026-03-06,굿리치몰_암보험_C03,태블릿,1,0,0
검색,2026-03-06,굿리치몰_치매보험_C07,컴퓨터,22,0,0
검색,2026-03-06,굿리치몰_치매보험_C07,휴대전화,136,0,0
검색,2026-03-06,굿리치몰_치매보험_C07,태블릿,4,0,0
검색,2026-03-06,굿리치몰_보장분석_C16,태블릿,3,0,0
디스플레이,2026-03-06,굿리치몰_실비보험_20260209,휴대전화,"3,222",41,0
디스플레이,2026-03-06,굿리치몰_실비보험_20260209,태블릿,78,1,0
검색,2026-03-07,굿리치몰_실비보험_C02,휴대전화,"1,025",53,466156
검색,2026-03-07,굿리치몰_운전자보험_C09,휴대전화,919,62,301612
검색,2026-03-07,굿리치몰_C01,휴대전화,"1,087",32,263570
검색,2026-03-07,굿리치몰_암보험_C03,휴대전화,247,19,193737
검색,2026-03-07,굿리치몰_실비보험_C02,컴퓨터,318,16,190739
검색,2026-03-07,굿리치몰_C01,컴퓨터,564,28,156096
검색,2026-03-07,굿리치몰_운전자보험_C09,컴퓨터,346,29,120605
검색,2026-03-07,굿리치몰_암보험_C03,컴퓨터,65,7,116348
검색,2026-03-07,굿리치몰_치아보험_C04,휴대전화,297,12,73492
검색,2026-03-07,굿리치몰_치아보험_C04,컴퓨터,75,4,37627
검색,2026-03-07,굿리치몰_보장분석_C16,컴퓨터,25,4,35003
검색,2026-03-07,굿리치몰_운전자보험_C09,태블릿,18,5,21329
검색,2026-03-07,굿리치몰_어린이보험_C06,컴퓨터,47,1,20868
검색,2026-03-07,굿리치몰_치매보험_C07,휴대전화,284,7,11656
검색,2026-03-07,굿리치몰_실비보험_C02,태블릿,21,1,10731
검색,2026-03-07,굿리치몰_어린이보험_C06,휴대전화,69,1,2472
검색,2026-03-07,굿리치몰_보장분석_C16,휴대전화,44,1,2355
검색,2026-03-07,굿리치몰_어린이보험_C06,태블릿,1,0,0
검색,2026-03-07,굿리치몰_치아보험_C04,태블릿,9,0,0
검색,2026-03-07,굿리치몰_암보험_C03,태블릿,5,0,0
검색,2026-03-07,굿리치몰_치매보험_C07,컴퓨터,46,0,0
검색,2026-03-07,굿리치몰_치매보험_C07,태블릿,3,0,0
검색,2026-03-07,굿리치몰_보장분석_C16,태블릿,3,0,0
검색,2026-03-07,굿리치몰_C01,태블릿,33,0,0
검색,2026-03-08,굿리치몰_실비보험_C02,휴대전화,871,45,522192
검색,2026-03-08,굿리치몰_운전자보험_C09,휴대전화,958,59,285136
검색,2026-03-08,굿리치몰_C01,컴퓨터,542,29,170779
검색,2026-03-08,굿리치몰_실비보험_C02,컴퓨터,302,14,167809
검색,2026-03-08,굿리치몰_운전자보험_C09,컴퓨터,466,30,138018
검색,2026-03-08,굿리치몰_암보험_C03,휴대전화,249,13,117103
검색,2026-03-08,굿리치몰_C01,휴대전화,"1,059",21,114556
검색,2026-03-08,굿리치몰_치아보험_C04,휴대전화,209,16,110807
검색,2026-03-08,굿리치몰_암보험_C03,컴퓨터,90,8,100609
검색,2026-03-08,굿리치몰_어린이보험_C06,컴퓨터,51,6,55368
검색,2026-03-08,굿리치몰_치아보험_C04,컴퓨터,63,5,50687
검색,2026-03-08,굿리치몰_어린이보험_C06,휴대전화,80,4,47725
검색,2026-03-08,굿리치몰_보장분석_C16,휴대전화,40,4,27193
검색,2026-03-08,굿리치몰_운전자보험_C09,태블릿,27,3,25884
검색,2026-03-08,굿리치몰_치매보험_C07,휴대전화,167,5,7772
검색,2026-03-08,굿리치몰_보장분석_C16,컴퓨터,13,1,4824
검색,2026-03-08,굿리치몰_치아보험_C04,태블릿,5,1,4408
검색,2026-03-08,굿리치몰_치매보험_C07,컴퓨터,36,2,3956
검색,2026-03-08,굿리치몰_치매보험_C07,태블릿,5,1,3225
검색,2026-03-08,굿리치몰_어린이보험_C06,태블릿,1,0,0
검색,2026-03-08,굿리치몰_실비보험_C02,태블릿,19,0,0
검색,2026-03-08,굿리치몰_암보험_C03,태블릿,2,0,0
검색,2026-03-08,굿리치몰_보장분석_C16,태블릿,0,0,0
검색,2026-03-08,굿리치몰_C01,태블릿,35,0,0
디스플레이,2026-03-08,굿리치몰_실비보험_20260209,휴대전화,0,0,0
디스플레이,2026-03-08,굿리치몰_실비보험_20260209,태블릿,0,0,0
검색,2026-03-09,굿리치몰_실비보험_C02,휴대전화,"1,295",59,691589
검색,2026-03-09,굿리치몰_실비보험_C02,컴퓨터,739,42,565403
검색,2026-03-09,굿리치몰_C01,컴퓨터,937,61,254446
검색,2026-03-09,굿리치몰_C01,휴대전화,"1,427",30,242293
검색,2026-03-09,굿리치몰_운전자보험_C09,휴대전화,866,54,240464
검색,2026-03-09,굿리치몰_운전자보험_C09,컴퓨터,649,48,192069
검색,2026-03-09,굿리치몰_치아보험_C04,휴대전화,328,15,122321
검색,2026-03-09,굿리치몰_치아보험_C04,컴퓨터,141,12,105278
검색,2026-03-09,굿리치몰_암보험_C03,휴대전화,367,9,87555
검색,2026-03-09,굿리치몰_암보험_C03,컴퓨터,186,6,78145
검색,2026-03-09,굿리치몰_어린이보험_C06,컴퓨터,111,7,55035
검색,2026-03-09,굿리치몰_보장분석_C16,컴퓨터,86,5,35617
검색,2026-03-09,굿리치몰_어린이보험_C06,휴대전화,181,3,19740
검색,2026-03-09,굿리치몰_암보험_C03,태블릿,6,1,8649
검색,2026-03-09,굿리치몰_치아보험_C04,태블릿,7,1,6076
검색,2026-03-09,굿리치몰_보장분석_C16,휴대전화,57,1,2353
검색,2026-03-09,굿리치몰_치매보험_C07,휴대전화,107,1,2089
검색,2026-03-09,굿리치몰_운전자보험_C09,태블릿,8,1,2065
검색,2026-03-09,굿리치몰_어린이보험_C06,태블릿,5,0,0
검색,2026-03-09,굿리치몰_실비보험_C02,태블릿,16,0,0
검색,2026-03-09,굿리치몰_치매보험_C07,컴퓨터,24,0,0
검색,2026-03-09,굿리치몰_보장분석_C16,태블릿,5,0,0
검색,2026-03-09,굿리치몰_C01,태블릿,40,0,0
디스플레이,2026-03-09,굿리치몰_실비보험_20260209,휴대전화,"1,173",12,0
디스플레이,2026-03-09,굿리치몰_실비보험_20260209,태블릿,21,0,0
검색,2026-03-10,굿리치몰_실비보험_C02,휴대전화,"1,252",58,618027
검색,2026-03-10,굿리치몰_실비보험_C02,컴퓨터,753,36,523749
검색,2026-03-10,굿리치몰_C01,컴퓨터,"1,132",70,353200
검색,2026-03-10,굿리치몰_운전자보험_C09,휴대전화,836,58,264802
검색,2026-03-10,굿리치몰_암보험_C03,컴퓨터,145,16,246468
검색,2026-03-10,굿리치몰_운전자보험_C09,컴퓨터,678,47,201271
검색,2026-03-10,굿리치몰_C01,휴대전화,"1,227",31,191192
검색,2026-03-10,굿리치몰_치아보험_C04,컴퓨터,161,17,135948
검색,2026-03-10,굿리치몰_암보험_C03,휴대전화,350,18,132364
검색,2026-03-10,굿리치몰_치아보험_C04,휴대전화,320,14,102570
검색,2026-03-10,굿리치몰_어린이보험_C06,휴대전화,131,6,54757
디스플레이,2026-03-10,굿리치몰_실비보험_20260209,휴대전화,"1,512",18,40000
검색,2026-03-10,굿리치몰_보장분석_C16,컴퓨터,55,6,36050
검색,2026-03-10,굿리치몰_어린이보험_C06,컴퓨터,110,3,27279
검색,2026-03-10,굿리치몰_보장분석_C16,휴대전화,60,2,11155
검색,2026-03-10,굿리치몰_어린이보험_C06,태블릿,1,1,10461
검색,2026-03-10,굿리치몰_치매보험_C07,휴대전화,149,4,6003
검색,2026-03-10,굿리치몰_운전자보험_C09,태블릿,16,2,5250
검색,2026-03-10,굿리치몰_치아보험_C04,태블릿,4,1,4843
검색,2026-03-10,굿리치몰_암보험_C03,태블릿,6,1,4782
검색,2026-03-10,굿리치몰_C01,태블릿,34,1,4598
검색,2026-03-10,굿리치몰_실비보험_C02,태블릿,14,0,0
검색,2026-03-10,굿리치몰_치매보험_C07,컴퓨터,43,0,0
검색,2026-03-10,굿리치몰_치매보험_C07,태블릿,0,0,0
검색,2026-03-10,굿리치몰_보장분석_C16,태블릿,1,0,0
디스플레이,2026-03-10,굿리치몰_실비보험_20260209,태블릿,41,1,0
검색,2026-03-11,굿리치몰_실비보험_C02,컴퓨터,767,38,589035
검색,2026-03-11,굿리치몰_실비보험_C02,휴대전화,"1,653",50,483546
검색,2026-03-11,굿리치몰_C01,컴퓨터,"1,016",56,365786
검색,2026-03-11,굿리치몰_C01,휴대전화,"1,157",33,295015
검색,2026-03-11,굿리치몰_운전자보험_C09,휴대전화,898,46,240150
검색,2026-03-11,굿리치몰_치아보험_C04,휴대전화,312,25,232498
검색,2026-03-11,굿리치몰_운전자보험_C09,컴퓨터,561,46,177076
검색,2026-03-11,굿리치몰_암보험_C03,컴퓨터,108,14,170091
검색,2026-03-11,굿리치몰_치아보험_C04,컴퓨터,180,18,146927
검색,2026-03-11,굿리치몰_암보험_C03,휴대전화,271,14,128925
검색,2026-03-11,굿리치몰_어린이보험_C06,컴퓨터,69,4,42341
검색,2026-03-11,굿리치몰_보장분석_C16,휴대전화,67,4,21541
검색,2026-03-11,굿리치몰_어린이보험_C06,휴대전화,112,4,21320
검색,2026-03-11,굿리치몰_치매보험_C07,컴퓨터,45,3,14147
검색,2026-03-11,굿리치몰_보장분석_C16,컴퓨터,63,2,11763
검색,2026-03-11,굿리치몰_운전자보험_C09,태블릿,15,3,10556
검색,2026-03-11,굿리치몰_치매보험_C07,휴대전화,271,4,7276
검색,2026-03-11,굿리치몰_어린이보험_C06,태블릿,1,0,0
검색,2026-03-11,굿리치몰_실비보험_C02,태블릿,16,0,0
검색,2026-03-11,굿리치몰_치아보험_C04,태블릿,5,0,0
검색,2026-03-11,굿리치몰_암보험_C03,태블릿,1,0,0
검색,2026-03-11,굿리치몰_치매보험_C07,태블릿,3,0,0
검색,2026-03-11,굿리치몰_C01,태블릿,27,0,0
디스플레이,2026-03-11,굿리치몰_실비보험_20260209,휴대전화,"1,362",12,0
디스플레이,2026-03-11,굿리치몰_실비보험_20260209,태블릿,32,1,0
검색,2026-03-12,굿리치몰_실비보험_C02,컴퓨터,791,33,548932
검색,2026-03-12,굿리치몰_실비보험_C02,휴대전화,"1,411",49,544568
검색,2026-03-12,굿리치몰_C01,컴퓨터,"1,004",61,420945
검색,2026-03-12,굿리치몰_C01,휴대전화,"1,453",34,286734
검색,2026-03-12,굿리치몰_운전자보험_C09,휴대전화,881,49,265391
검색,2026-03-12,굿리치몰_암보험_C03,휴대전화,321,19,179751
검색,2026-03-12,굿리치몰_운전자보험_C09,컴퓨터,538,36,163443
검색,2026-03-12,굿리치몰_암보험_C03,컴퓨터,151,11,161768
검색,2026-03-12,굿리치몰_치아보험_C04,휴대전화,280,24,153598
검색,2026-03-12,굿리치몰_어린이보험_C06,컴퓨터,104,6,66839
검색,2026-03-12,굿리치몰_치아보험_C04,컴퓨터,162,9,62662
검색,2026-03-12,굿리치몰_암보험_C03,태블릿,5,3,41140
검색,2026-03-12,굿리치몰_보장분석_C16,컴퓨터,79,4,35082
검색,2026-03-12,굿리치몰_실비보험_C02,태블릿,48,4,26578
검색,2026-03-12,굿리치몰_어린이보험_C06,휴대전화,117,2,11772
검색,2026-03-12,굿리치몰_운전자보험_C09,태블릿,18,1,11282
검색,2026-03-12,굿리치몰_치매보험_C07,휴대전화,279,4,8785
검색,2026-03-12,굿리치몰_C01,태블릿,36,1,2012
검색,2026-03-12,굿리치몰_치아보험_C04,태블릿,1,0,0
검색,2026-03-12,굿리치몰_치매보험_C07,컴퓨터,35,0,0
검색,2026-03-12,굿리치몰_치매보험_C07,태블릿,4,0,0
검색,2026-03-12,굿리치몰_보장분석_C16,휴대전화,377,0,0
검색,2026-03-12,굿리치몰_보장분석_C16,태블릿,1,0,0
디스플레이,2026-03-12,굿리치몰_실비보험_20260209,휴대전화,385,0,0
디스플레이,2026-03-12,굿리치몰_실비보험_20260209,태블릿,15,0,0
검색,2026-03-13,굿리치몰_실비보험_C02,휴대전화,"1,195",45,540741
검색,2026-03-13,굿리치몰_C01,휴대전화,"1,866",39,391381
검색,2026-03-13,굿리치몰_운전자보험_C09,휴대전화,647,52,352651
검색,2026-03-13,굿리치몰_C01,컴퓨터,971,50,318807
검색,2026-03-13,굿리치몰_실비보험_C02,컴퓨터,584,21,304132
검색,2026-03-13,굿리치몰_운전자보험_C09,컴퓨터,512,25,142520
검색,2026-03-13,굿리치몰_암보험_C03,휴대전화,252,13,125416
검색,2026-03-13,굿리치몰_치아보험_C04,휴대전화,323,16,107166
검색,2026-03-13,굿리치몰_치아보험_C04,컴퓨터,130,13,86849
검색,2026-03-13,굿리치몰_암보험_C03,컴퓨터,104,3,68370
검색,2026-03-13,굿리치몰_어린이보험_C06,컴퓨터,75,5,43669
검색,2026-03-13,굿리치몰_보장분석_C16,컴퓨터,67,2,12369
검색,2026-03-13,굿리치몰_보장분석_C16,휴대전화,97,4,11455
검색,2026-03-13,굿리치몰_실비보험_C02,태블릿,17,1,5960
검색,2026-03-13,굿리치몰_어린이보험_C06,휴대전화,99,1,5218
검색,2026-03-13,굿리치몰_치아보험_C04,태블릿,2,1,599
검색,2026-03-13,굿리치몰_어린이보험_C06,태블릿,1,0,0
검색,2026-03-13,굿리치몰_암보험_C03,태블릿,2,0,0
검색,2026-03-13,굿리치몰_치매보험_C07,컴퓨터,26,0,0
검색,2026-03-13,굿리치몰_치매보험_C07,휴대전화,333,0,0
검색,2026-03-13,굿리치몰_치매보험_C07,태블릿,5,0,0
검색,2026-03-13,굿리치몰_보장분석_C16,태블릿,0,0,0
검색,2026-03-13,굿리치몰_C01,태블릿,26,0,0
검색,2026-03-13,굿리치몰_운전자보험_C09,태블릿,8,0,0
디스플레이,2026-03-13,굿리치몰_실비보험_20260209,휴대전화,485,1,0
디스플레이,2026-03-13,굿리치몰_실비보험_20260209,태블릿,14,1,0
검색,2026-03-14,굿리치몰_실비보험_C02,휴대전화,995,33,362311
검색,2026-03-14,굿리치몰_운전자보험_C09,휴대전화,959,63,291360
검색,2026-03-14,굿리치몰_C01,휴대전화,"1,130",32,248293
검색,2026-03-14,굿리치몰_C01,컴퓨터,620,24,159423
검색,2026-03-14,굿리치몰_치아보험_C04,휴대전화,311,22,143602
검색,2026-03-14,굿리치몰_실비보험_C02,컴퓨터,345,10,118042
검색,2026-03-14,굿리치몰_운전자보험_C09,컴퓨터,393,23,110925
검색,2026-03-14,굿리치몰_암보험_C03,휴대전화,243,14,79160
검색,2026-03-14,굿리치몰_암보험_C03,컴퓨터,46,3,40226
검색,2026-03-14,굿리치몰_치아보험_C04,컴퓨터,54,5,39457
검색,2026-03-14,굿리치몰_운전자보험_C09,태블릿,25,4,33359
검색,2026-03-14,굿리치몰_어린이보험_C06,컴퓨터,25,1,11581
검색,2026-03-14,굿리치몰_어린이보험_C06,휴대전화,96,1,10825
검색,2026-03-14,굿리치몰_보장분석_C16,컴퓨터,18,2,9789
검색,2026-03-14,굿리치몰_치매보험_C07,휴대전화,260,7,8612
검색,2026-03-14,굿리치몰_치매보험_C07,컴퓨터,44,2,6915
검색,2026-03-14,굿리치몰_치아보험_C04,태블릿,4,1,3828
검색,2026-03-14,굿리치몰_어린이보험_C06,태블릿,2,0,0
검색,2026-03-14,굿리치몰_실비보험_C02,태블릿,14,0,0
검색,2026-03-14,굿리치몰_암보험_C03,태블릿,2,0,0
검색,2026-03-14,굿리치몰_치매보험_C07,태블릿,5,0,0
검색,2026-03-14,굿리치몰_보장분석_C16,휴대전화,43,0,0
검색,2026-03-14,굿리치몰_보장분석_C16,태블릿,4,0,0
검색,2026-03-14,굿리치몰_C01,태블릿,17,0,0
검색,2026-03-15,굿리치몰_실비보험_C02,휴대전화,982,59,633053
검색,2026-03-15,굿리치몰_C01,휴대전화,"1,443",36,276423
검색,2026-03-15,굿리치몰_운전자보험_C09,휴대전화,894,37,249538
검색,2026-03-15,굿리치몰_실비보험_C02,컴퓨터,401,19,237007
검색,2026-03-15,굿리치몰_C01,컴퓨터,675,33,210265
검색,2026-03-15,굿리치몰_운전자보험_C09,컴퓨터,406,27,143245
검색,2026-03-15,굿리치몰_암보험_C03,휴대전화,297,17,118670
검색,2026-03-15,굿리치몰_치아보험_C04,휴대전화,196,10,52081
검색,2026-03-15,굿리치몰_암보험_C03,컴퓨터,71,3,47458
검색,2026-03-15,굿리치몰_어린이보험_C06,휴대전화,137,3,26923
검색,2026-03-15,굿리치몰_치아보험_C04,컴퓨터,36,2,9720
검색,2026-03-15,굿리치몰_치매보험_C07,휴대전화,470,4,8106
검색,2026-03-15,굿리치몰_보장분석_C16,컴퓨터,19,1,7181
검색,2026-03-15,굿리치몰_운전자보험_C09,태블릿,15,1,5126
검색,2026-03-15,굿리치몰_C01,태블릿,34,2,2725
검색,2026-03-15,굿리치몰_치매보험_C07,태블릿,11,1,2549
검색,2026-03-15,굿리치몰_어린이보험_C06,컴퓨터,41,0,0
검색,2026-03-15,굿리치몰_실비보험_C02,태블릿,11,0,0
검색,2026-03-15,굿리치몰_치아보험_C04,태블릿,3,0,0
검색,2026-03-15,굿리치몰_암보험_C03,태블릿,8,0,0
검색,2026-03-15,굿리치몰_치매보험_C07,컴퓨터,67,0,0
검색,2026-03-15,굿리치몰_보장분석_C16,휴대전화,52,0,0
검색,2026-03-15,굿리치몰_보장분석_C16,태블릿,2,0,0
디스플레이,2026-03-15,굿리치몰_실비보험_20260209,휴대전화,0,0,0
디스플레이,2026-03-15,굿리치몰_실비보험_20260209,태블릿,0,0,0
검색,2026-03-16,굿리치몰_실비보험_C02,휴대전화,"1,374",68,761105
검색,2026-03-16,굿리치몰_실비보험_C02,컴퓨터,899,46,618107
검색,2026-03-16,굿리치몰_운전자보험_C09,휴대전화,640,45,278794
검색,2026-03-16,굿리치몰_C01,컴퓨터,"1,054",52,251365
검색,2026-03-16,굿리치몰_C01,휴대전화,"1,530",30,248919
검색,2026-03-16,굿리치몰_운전자보험_C09,컴퓨터,606,48,230207
검색,2026-03-16,굿리치몰_치아보험_C04,휴대전화,271,16,104578
검색,2026-03-16,굿리치몰_암보험_C03,컴퓨터,96,6,75410
검색,2026-03-16,굿리치몰_치아보험_C04,컴퓨터,133,11,62158
검색,2026-03-16,굿리치몰_암보험_C03,휴대전화,239,7,35756
검색,2026-03-16,굿리치몰_보장분석_C16,컴퓨터,67,4,22857
검색,2026-03-16,굿리치몰_어린이보험_C06,컴퓨터,72,2,12466
검색,2026-03-16,굿리치몰_치매보험_C07,휴대전화,367,3,7287
검색,2026-03-16,굿리치몰_치매보험_C07,컴퓨터,55,2,4560
검색,2026-03-16,굿리치몰_보장분석_C16,휴대전화,66,1,3212
검색,2026-03-16,굿리치몰_운전자보험_C09,태블릿,23,1,2437
검색,2026-03-16,굿리치몰_어린이보험_C06,휴대전화,112,1,2259
검색,2026-03-16,굿리치몰_어린이보험_C06,태블릿,3,0,0
검색,2026-03-16,굿리치몰_실비보험_C02,태블릿,22,0,0
검색,2026-03-16,굿리치몰_치아보험_C04,태블릿,1,0,0
검색,2026-03-16,굿리치몰_암보험_C03,태블릿,5,0,0
검색,2026-03-16,굿리치몰_치매보험_C07,태블릿,3,0,0
검색,2026-03-16,굿리치몰_보장분석_C16,태블릿,1,0,0
검색,2026-03-16,굿리치몰_C01,태블릿,16,0,0
디스플레이,2026-03-16,굿리치몰_실비보험_20260209,휴대전화,"3,932",57,0
디스플레이,2026-03-16,굿리치몰_실비보험_20260209,태블릿,129,1,0
검색,2026-03-17,굿리치몰_실비보험_C02,휴대전화,"1,483",68,659685
검색,2026-03-17,굿리치몰_실비보험_C02,컴퓨터,719,31,417123
검색,2026-03-17,굿리치몰_C01,컴퓨터,864,78,338204
검색,2026-03-17,굿리치몰_운전자보험_C09,휴대전화,661,55,312158
검색,2026-03-17,굿리치몰_C01,휴대전화,952,32,199569
검색,2026-03-17,굿리치몰_운전자보험_C09,컴퓨터,546,43,170573
검색,2026-03-17,굿리치몰_암보험_C03,휴대전화,184,13,127660
검색,2026-03-17,굿리치몰_암보험_C03,컴퓨터,102,9,102179
검색,2026-03-17,굿리치몰_치아보험_C04,휴대전화,219,13,69386
디스플레이,2026-03-17,굿리치몰_실비보험_20260209,휴대전화,"4,379",60,65000
검색,2026-03-17,굿리치몰_보장분석_C16,컴퓨터,72,8,56868
검색,2026-03-17,굿리치몰_치아보험_C04,컴퓨터,139,5,31384
검색,2026-03-17,굿리치몰_어린이보험_C06,컴퓨터,97,3,21192
검색,2026-03-17,굿리치몰_운전자보험_C09,태블릿,15,4,11801
검색,2026-03-17,굿리치몰_치아보험_C04,태블릿,5,1,4346
검색,2026-03-17,굿리치몰_치매보험_C07,휴대전화,225,1,1315
검색,2026-03-17,굿리치몰_C01,태블릿,23,1,1118
검색,2026-03-17,굿리치몰_암보험_C03,태블릿,1,1,370
검색,2026-03-17,굿리치몰_어린이보험_C06,휴대전화,122,0,0
검색,2026-03-17,굿리치몰_어린이보험_C06,태블릿,1,0,0
검색,2026-03-17,굿리치몰_실비보험_C02,태블릿,15,0,0
검색,2026-03-17,굿리치몰_치매보험_C07,컴퓨터,42,0,0
검색,2026-03-17,굿리치몰_치매보험_C07,태블릿,4,0,0
검색,2026-03-17,굿리치몰_보장분석_C16,휴대전화,69,0,0
검색,2026-03-17,굿리치몰_보장분석_C16,태블릿,2,0,0
디스플레이,2026-03-17,굿리치몰_실비보험_20260209,태블릿,100,1,0
디스플레이,2026-03-17,굿리치몰_실비보험_20260209,TV 화면,1,0,0
검색,2026-03-18,굿리치몰_실비보험_C02,휴대전화,"3,059",68,732336
검색,2026-03-18,굿리치몰_실비보험_C02,컴퓨터,751,27,356642
검색,2026-03-18,굿리치몰_운전자보험_C09,컴퓨터,557,62,258674
검색,2026-03-18,굿리치몰_C01,컴퓨터,807,57,256303
검색,2026-03-18,굿리치몰_운전자보험_C09,휴대전화,690,41,239238
검색,2026-03-18,굿리치몰_C01,휴대전화,922,28,200702
디스플레이,2026-03-18,굿리치몰_실비보험_20260209,휴대전화,"17,184",223,130000
검색,2026-03-18,굿리치몰_암보험_C03,휴대전화,408,14,126448
검색,2026-03-18,굿리치몰_암보험_C03,컴퓨터,108,6,75122
검색,2026-03-18,굿리치몰_치아보험_C04,휴대전화,230,12,68176
디스플레이,2026-03-18,굿리치몰_실비보험_20260209,태블릿,341,9,65000
검색,2026-03-18,굿리치몰_보장분석_C16,컴퓨터,95,5,38862
검색,2026-03-18,굿리치몰_치아보험_C04,컴퓨터,121,5,37796
검색,2026-03-18,굿리치몰_실비보험_C02,태블릿,28,3,37526
검색,2026-03-18,굿리치몰_어린이보험_C06,컴퓨터,82,5,30336
검색,2026-03-18,굿리치몰_치매보험_C07,휴대전화,191,7,11568
검색,2026-03-18,굿리치몰_어린이보험_C06,휴대전화,155,1,7936
검색,2026-03-18,굿리치몰_치매보험_C07,컴퓨터,33,1,2262
검색,2026-03-18,굿리치몰_치아보험_C04,태블릿,5,0,0
검색,2026-03-18,굿리치몰_암보험_C03,태블릿,0,0,0
검색,2026-03-18,굿리치몰_치매보험_C07,태블릿,3,0,0
검색,2026-03-18,굿리치몰_보장분석_C16,휴대전화,240,0,0
검색,2026-03-18,굿리치몰_보장분석_C16,태블릿,7,0,0
검색,2026-03-18,굿리치몰_C01,태블릿,27,0,0
검색,2026-03-18,굿리치몰_운전자보험_C09,태블릿,8,0,0
검색,2026-03-19,굿리치몰_실비보험_C02,컴퓨터,683,30,463855
검색,2026-03-19,굿리치몰_실비보험_C02,휴대전화,"1,257",50,447185
검색,2026-03-19,굿리치몰_운전자보험_C09,휴대전화,732,52,297481
검색,2026-03-19,굿리치몰_운전자보험_C09,컴퓨터,732,44,209457
검색,2026-03-19,굿리치몰_C01,컴퓨터,738,51,170050
디스플레이,2026-03-19,굿리치몰_실비보험_20260209,휴대전화,"37,725",412,160000
검색,2026-03-19,굿리치몰_C01,휴대전화,718,23,123352
검색,2026-03-19,굿리치몰_암보험_C03,컴퓨터,80,5,75220
검색,2026-03-19,굿리치몰_치아보험_C04,휴대전화,241,12,74452
검색,2026-03-19,굿리치몰_암보험_C03,휴대전화,195,11,73352
검색,2026-03-19,굿리치몰_보장분석_C16,컴퓨터,48,4,39313
검색,2026-03-19,굿리치몰_운전자보험_C09,태블릿,17,6,34997
검색,2026-03-19,굿리치몰_치아보험_C04,컴퓨터,92,5,29890
검색,2026-03-19,굿리치몰_어린이보험_C06,컴퓨터,74,3,21377
검색,2026-03-19,굿리치몰_어린이보험_C06,휴대전화,114,3,21131
검색,2026-03-19,굿리치몰_치매보험_C07,휴대전화,135,1,1444
검색,2026-03-19,굿리치몰_치매보험_C07,컴퓨터,22,1,917
검색,2026-03-19,굿리치몰_실비보험_C02,태블릿,18,0,0
검색,2026-03-19,굿리치몰_치아보험_C04,태블릿,3,0,0
검색,2026-03-19,굿리치몰_암보험_C03,태블릿,6,0,0
검색,2026-03-19,굿리치몰_치매보험_C07,태블릿,2,0,0
검색,2026-03-19,굿리치몰_보장분석_C16,휴대전화,75,0,0
검색,2026-03-19,굿리치몰_보장분석_C16,태블릿,1,0,0
검색,2026-03-19,굿리치몰_C01,태블릿,23,0,0
디스플레이,2026-03-19,굿리치몰_실비보험_20260209,태블릿,"1,190",19,0
디스플레이,2026-03-19,굿리치몰_실비보험_20260209,TV 화면,2,0,0
디스플레이,2026-03-20,굿리치몰_실비보험_20260209,휴대전화,"57,876",651,640000
검색,2026-03-20,굿리치몰_실비보험_C02,휴대전화,"1,851",56,633071
검색,2026-03-20,굿리치몰_실비보험_C02,컴퓨터,682,30,429134
검색,2026-03-20,굿리치몰_C01,컴퓨터,668,41,197812
검색,2026-03-20,굿리치몰_운전자보험_C09,휴대전화,369,33,184534
검색,2026-03-20,굿리치몰_C01,휴대전화,763,23,172431
검색,2026-03-20,굿리치몰_운전자보험_C09,컴퓨터,313,28,132396
검색,2026-03-20,굿리치몰_암보험_C03,컴퓨터,113,5,75770
검색,2026-03-20,굿리치몰_암보험_C03,휴대전화,181,10,40782
검색,2026-03-20,굿리치몰_치아보험_C04,휴대전화,152,8,38155
검색,2026-03-20,굿리치몰_C01,태블릿,30,3,30642
검색,2026-03-20,굿리치몰_치아보험_C04,컴퓨터,48,4,25218
검색,2026-03-20,굿리치몰_어린이보험_C06,컴퓨터,71,2,15461
검색,2026-03-20,굿리치몰_어린이보험_C06,휴대전화,115,2,12748
검색,2026-03-20,굿리치몰_보장분석_C16,컴퓨터,62,2,9231
검색,2026-03-20,굿리치몰_치매보험_C07,컴퓨터,32,1,2741
검색,2026-03-20,굿리치몰_실비보험_C02,태블릿,30,0,0
검색,2026-03-20,굿리치몰_치아보험_C04,태블릿,3,0,0
검색,2026-03-20,굿리치몰_치매보험_C07,휴대전화,158,0,0
검색,2026-03-20,굿리치몰_치매보험_C07,태블릿,6,0,0
검색,2026-03-20,굿리치몰_보장분석_C16,휴대전화,52,0,0
검색,2026-03-20,굿리치몰_운전자보험_C09,태블릿,5,0,0
디스플레이,2026-03-20,굿리치몰_실비보험_20260209,태블릿,"1,964",29,0
디스플레이,2026-03-20,굿리치몰_실비보험_20260209,TV 화면,5,0,0
검색,2026-03-21,굿리치몰_실비보험_C02,휴대전화,"1,084",63,702639
검색,2026-03-21,굿리치몰_운전자보험_C09,휴대전화,789,43,226409
검색,2026-03-21,굿리치몰_실비보험_C02,컴퓨터,299,15,217036
검색,2026-03-21,굿리치몰_운전자보험_C09,컴퓨터,367,22,115913
검색,2026-03-21,굿리치몰_C01,컴퓨터,526,22,112822
검색,2026-03-21,굿리치몰_C01,휴대전화,848,19,96946
검색,2026-03-21,굿리치몰_암보험_C03,휴대전화,164,11,88051
검색,2026-03-21,굿리치몰_암보험_C03,컴퓨터,81,4,59101
검색,2026-03-21,굿리치몰_어린이보험_C06,컴퓨터,46,2,30301
검색,2026-03-21,굿리치몰_치아보험_C04,휴대전화,365,8,26251
검색,2026-03-21,굿리치몰_어린이보험_C06,휴대전화,91,3,20879
검색,2026-03-21,굿리치몰_보장분석_C16,휴대전화,42,3,18693
검색,2026-03-21,굿리치몰_보장분석_C16,컴퓨터,31,2,16260
검색,2026-03-21,굿리치몰_암보험_C03,태블릿,2,1,12837
검색,2026-03-21,굿리치몰_운전자보험_C09,태블릿,19,2,12007
검색,2026-03-21,굿리치몰_C01,태블릿,18,1,5414
검색,2026-03-21,굿리치몰_치매보험_C07,휴대전화,127,2,1447
검색,2026-03-21,굿리치몰_어린이보험_C06,태블릿,0,0,0
검색,2026-03-21,굿리치몰_실비보험_C02,태블릿,12,0,0
검색,2026-03-21,굿리치몰_치아보험_C04,컴퓨터,28,0,0
검색,2026-03-21,굿리치몰_치아보험_C04,태블릿,1,0,0
검색,2026-03-21,굿리치몰_치매보험_C07,컴퓨터,27,0,0
검색,2026-03-21,굿리치몰_치매보험_C07,태블릿,1,0,0
검색,2026-03-22,굿리치몰_실비보험_C02,휴대전화,971,72,769181
검색,2026-03-22,굿리치몰_실비보험_C02,컴퓨터,387,21,250134
검색,2026-03-22,굿리치몰_운전자보험_C09,휴대전화,525,31,236325
검색,2026-03-22,굿리치몰_C01,컴퓨터,616,33,195160
검색,2026-03-22,굿리치몰_C01,휴대전화,921,27,177933
검색,2026-03-22,굿리치몰_운전자보험_C09,컴퓨터,247,17,72500
검색,2026-03-22,굿리치몰_암보험_C03,휴대전화,193,5,39434
검색,2026-03-22,굿리치몰_치아보험_C04,휴대전화,130,7,32132
검색,2026-03-22,굿리치몰_보장분석_C16,휴대전화,43,3,28562
검색,2026-03-22,굿리치몰_보장분석_C16,컴퓨터,28,2,24548
검색,2026-03-22,굿리치몰_어린이보험_C06,컴퓨터,54,4,21822
검색,2026-03-22,굿리치몰_암보험_C03,컴퓨터,50,1,8726
검색,2026-03-22,굿리치몰_C01,태블릿,19,1,6523
검색,2026-03-22,굿리치몰_치매보험_C07,휴대전화,162,2,3957
검색,2026-03-22,굿리치몰_어린이보험_C06,휴대전화,107,0,0
검색,2026-03-22,굿리치몰_어린이보험_C06,태블릿,1,0,0
검색,2026-03-22,굿리치몰_실비보험_C02,태블릿,16,0,0
검색,2026-03-22,굿리치몰_치아보험_C04,컴퓨터,34,0,0
검색,2026-03-22,굿리치몰_치아보험_C04,태블릿,3,0,0
검색,2026-03-22,굿리치몰_암보험_C03,태블릿,5,0,0
검색,2026-03-22,굿리치몰_치매보험_C07,컴퓨터,25,0,0
검색,2026-03-22,굿리치몰_치매보험_C07,태블릿,1,0,0
검색,2026-03-22,굿리치몰_운전자보험_C09,태블릿,5,0,0
디스플레이,2026-03-22,굿리치몰_실비보험_20260209,휴대전화,0,0,0
디스플레이,2026-03-22,굿리치몰_실비보험_20260209,태블릿,0,0,0
검색,2026-03-23,굿리치몰_실비보험_C02,휴대전화,"1,870",48,606230
검색,2026-03-23,굿리치몰_운전자보험_C09,휴대전화,"1,115",79,460175
검색,2026-03-23,굿리치몰_실비보험_C02,컴퓨터,831,34,440589
검색,2026-03-23,굿리치몰_운전자보험_C09,컴퓨터,932,51,261275
검색,2026-03-23,굿리치몰_C01,휴대전화,"1,411",32,226354
검색,2026-03-23,굿리치몰_C01,컴퓨터,760,53,168904
검색,2026-03-23,굿리치몰_암보험_C03,휴대전화,198,6,68555
검색,2026-03-23,굿리치몰_어린이보험_C06,컴퓨터,100,6,59114
검색,2026-03-23,굿리치몰_암보험_C03,컴퓨터,123,5,39197
검색,2026-03-23,굿리치몰_치아보험_C04,휴대전화,135,8,33868
검색,2026-03-23,굿리치몰_어린이보험_C06,휴대전화,429,7,30398
검색,2026-03-23,굿리치몰_운전자보험_C09,태블릿,37,5,26214
검색,2026-03-23,굿리치몰_보장분석_C16,컴퓨터,57,3,12948
검색,2026-03-23,굿리치몰_실비보험_C02,태블릿,25,1,11318
검색,2026-03-23,굿리치몰_치아보험_C04,컴퓨터,99,3,10612
검색,2026-03-23,굿리치몰_보장분석_C16,휴대전화,65,3,10336
검색,2026-03-23,굿리치몰_치매보험_C07,컴퓨터,15,1,2627
검색,2026-03-23,굿리치몰_치매보험_C07,휴대전화,125,2,1394
검색,2026-03-23,굿리치몰_치아보험_C04,태블릿,1,0,0
검색,2026-03-23,굿리치몰_암보험_C03,태블릿,2,0,0
검색,2026-03-23,굿리치몰_보장분석_C16,태블릿,0,0,0
검색,2026-03-23,굿리치몰_C01,태블릿,31,0,0
디스플레이,2026-03-23,굿리치몰_실비보험_20260209,휴대전화,"5,413",39,0
디스플레이,2026-03-23,굿리치몰_실비보험_20260209,태블릿,128,0,0
디스플레이,2026-03-23,굿리치몰_실비보험_20260209,TV 화면,1,0,0
검색,2026-03-24,굿리치몰_실비보험_C02,휴대전화,"1,663",76,943088
검색,2026-03-24,굿리치몰_실비보험_C02,컴퓨터,811,47,673140
디스플레이,2026-03-24,굿리치몰_실비보험_20260209,휴대전화,"25,393",220,450000
검색,2026-03-24,굿리치몰_C01,컴퓨터,821,73,334391
검색,2026-03-24,굿리치몰_운전자보험_C09,휴대전화,846,53,280874
검색,2026-03-24,굿리치몰_운전자보험_C09,컴퓨터,725,53,235834
검색,2026-03-24,굿리치몰_C01,휴대전화,"1,333",40,189126
검색,2026-03-24,굿리치몰_암보험_C03,컴퓨터,134,8,72849
검색,2026-03-24,굿리치몰_보장분석_C16,컴퓨터,79,8,52089
검색,2026-03-24,굿리치몰_어린이보험_C06,컴퓨터,110,5,41614
검색,2026-03-24,굿리치몰_실비보험_C02,태블릿,29,2,32813
검색,2026-03-24,굿리치몰_치아보험_C04,컴퓨터,87,3,22771
검색,2026-03-24,굿리치몰_보장분석_C16,휴대전화,64,4,19864
검색,2026-03-24,굿리치몰_암보험_C03,휴대전화,255,3,19105
검색,2026-03-24,굿리치몰_치아보험_C04,휴대전화,200,3,15706
검색,2026-03-24,굿리치몰_어린이보험_C06,휴대전화,197,4,13418
검색,2026-03-24,굿리치몰_운전자보험_C09,태블릿,7,1,3467
검색,2026-03-24,굿리치몰_치매보험_C07,휴대전화,125,1,1132
검색,2026-03-24,굿리치몰_C01,태블릿,44,1,235
검색,2026-03-24,굿리치몰_어린이보험_C06,태블릿,4,0,0
검색,2026-03-24,굿리치몰_치아보험_C04,태블릿,1,0,0
검색,2026-03-24,굿리치몰_암보험_C03,태블릿,4,0,0
검색,2026-03-24,굿리치몰_치매보험_C07,컴퓨터,17,0,0
검색,2026-03-24,굿리치몰_보장분석_C16,태블릿,3,0,0
디스플레이,2026-03-24,굿리치몰_실비보험_20260209,태블릿,618,4,0
디스플레이,2026-03-24,굿리치몰_실비보험_20260209,TV 화면,7,0,0
검색,2026-03-25,굿리치몰_실비보험_C02,휴대전화,"1,685",81,923856
디스플레이,2026-03-25,굿리치몰_실비보험_20260209,휴대전화,"77,489",612,630000
검색,2026-03-25,굿리치몰_실비보험_C02,컴퓨터,906,37,528815
검색,2026-03-25,굿리치몰_C01,휴대전화,"1,633",43,327613
검색,2026-03-25,굿리치몰_C01,컴퓨터,995,67,314758
검색,2026-03-25,굿리치몰_운전자보험_C09,휴대전화,724,51,277452
검색,2026-03-25,굿리치몰_운전자보험_C09,컴퓨터,543,52,229342
검색,2026-03-25,굿리치몰_암보험_C03,휴대전화,273,16,161116
검색,2026-03-25,굿리치몰_암보험_C03,컴퓨터,151,12,152370
검색,2026-03-25,굿리치몰_어린이보험_C06,컴퓨터,88,4,32263
검색,2026-03-25,굿리치몰_치아보험_C04,휴대전화,167,4,15799
검색,2026-03-25,굿리치몰_암보험_C03,태블릿,4,1,13959
검색,2026-03-25,굿리치몰_보장분석_C16,컴퓨터,55,1,12446
검색,2026-03-25,굿리치몰_실비보험_C02,태블릿,24,1,11586
검색,2026-03-25,굿리치몰_치아보험_C04,컴퓨터,69,2,11586
검색,2026-03-25,굿리치몰_보장분석_C16,태블릿,7,1,10458
검색,2026-03-25,굿리치몰_치매보험_C07,휴대전화,118,2,5989
검색,2026-03-25,굿리치몰_어린이보험_C06,휴대전화,140,2,4727
검색,2026-03-25,굿리치몰_보장분석_C16,휴대전화,60,1,3268
검색,2026-03-25,굿리치몰_어린이보험_C06,태블릿,3,0,0
검색,2026-03-25,굿리치몰_치아보험_C04,태블릿,9,0,0
검색,2026-03-25,굿리치몰_치매보험_C07,컴퓨터,31,0,0
검색,2026-03-25,굿리치몰_C01,태블릿,30,0,0
검색,2026-03-25,굿리치몰_운전자보험_C09,태블릿,15,0,0
디스플레이,2026-03-25,굿리치몰_실비보험_20260209,태블릿,"2,733",13,0
디스플레이,2026-03-25,굿리치몰_실비보험_20260209,TV 화면,11,0,0
디스플레이,2026-03-25,굿리치몰_실비보험_20260325,휴대전화,0,0,0
디스플레이,2026-03-25,굿리치몰_실비보험_20260325,태블릿,0,0,0
검색,2026-03-26,굿리치몰_실비보험_C02,휴대전화,"1,370",63,699765
검색,2026-03-26,굿리치몰_실비보험_C02,컴퓨터,738,46,650481
디스플레이,2026-03-26,굿리치몰_실비보험_20260325,휴대전화,"2,055",242,401414
검색,2026-03-26,굿리치몰_운전자보험_C09,휴대전화,993,59,367470
디스플레이,2026-03-26,굿리치몰_실비보험_20260209,휴대전화,"58,222",493,360000
검색,2026-03-26,굿리치몰_C01,컴퓨터,804,61,301293
검색,2026-03-26,굿리치몰_운전자보험_C09,컴퓨터,646,43,165971
검색,2026-03-26,굿리치몰_C01,휴대전화,"1,238",33,155839
검색,2026-03-26,굿리치몰_암보험_C03,휴대전화,491,17,137199
디스플레이,2026-03-26,굿리치몰_실비보험_20260209,태블릿,"1,800",12,90000
검색,2026-03-26,굿리치몰_암보험_C03,컴퓨터,110,9,87761
검색,2026-03-26,굿리치몰_어린이보험_C06,휴대전화,161,9,68802
검색,2026-03-26,굿리치몰_어린이보험_C06,컴퓨터,65,6,42248
검색,2026-03-26,굿리치몰_보장분석_C16,컴퓨터,56,4,17201
검색,2026-03-26,굿리치몰_치아보험_C04,휴대전화,65,2,16337
검색,2026-03-26,굿리치몰_치아보험_C04,컴퓨터,35,1,9441
검색,2026-03-26,굿리치몰_실비보험_C02,태블릿,18,1,7564
검색,2026-03-26,굿리치몰_보장분석_C16,휴대전화,55,1,4622
디스플레이,2026-03-26,굿리치몰_실비보험_20260325,태블릿,16,2,2582
검색,2026-03-26,굿리치몰_치매보험_C07,컴퓨터,21,1,667
검색,2026-03-26,굿리치몰_어린이보험_C06,태블릿,1,0,0
검색,2026-03-26,굿리치몰_치아보험_C04,태블릿,1,0,0
검색,2026-03-26,굿리치몰_암보험_C03,태블릿,1,0,0
검색,2026-03-26,굿리치몰_치매보험_C07,휴대전화,131,0,0
검색,2026-03-26,굿리치몰_보장분석_C16,태블릿,1,0,0
검색,2026-03-26,굿리치몰_C01,태블릿,32,0,0
검색,2026-03-26,굿리치몰_운전자보험_C09,태블릿,22,0,0
디스플레이,2026-03-26,굿리치몰_실비보험_20260209,TV 화면,14,0,0
검색,2026-03-27,굿리치몰_실비보험_C02,휴대전화,"1,170",53,577168
검색,2026-03-27,굿리치몰_실비보험_C02,컴퓨터,648,32,467294
검색,2026-03-27,굿리치몰_C01,컴퓨터,840,54,216404
디스플레이,2026-03-27,굿리치몰_실비보험_20260325,휴대전화,"1,578",194,211042
검색,2026-03-27,굿리치몰_운전자보험_C09,휴대전화,415,34,183226
검색,2026-03-27,굿리치몰_C01,휴대전화,"1,058",29,150776
검색,2026-03-27,굿리치몰_운전자보험_C09,컴퓨터,380,25,96706
디스플레이,2026-03-27,굿리치몰_실비보험_20260209,휴대전화,"20,889",92,90000
검색,2026-03-27,굿리치몰_암보험_C03,컴퓨터,112,6,86290
검색,2026-03-27,굿리치몰_암보험_C03,휴대전화,217,8,54873
검색,2026-03-27,굿리치몰_어린이보험_C06,컴퓨터,73,5,36145
검색,2026-03-27,굿리치몰_어린이보험_C06,휴대전화,125,5,20367
검색,2026-03-27,굿리치몰_실비보험_C02,태블릿,31,2,19424
검색,2026-03-27,굿리치몰_C01,태블릿,14,1,15264
검색,2026-03-27,굿리치몰_보장분석_C16,컴퓨터,40,2,11922
검색,2026-03-27,굿리치몰_치아보험_C04,휴대전화,77,2,11592
검색,2026-03-27,굿리치몰_보장분석_C16,휴대전화,56,5,11077
검색,2026-03-27,굿리치몰_치아보험_C04,컴퓨터,32,1,8145
검색,2026-03-27,굿리치몰_운전자보험_C09,태블릿,7,1,2251
디스플레이,2026-03-27,굿리치몰_실비보험_20260325,태블릿,18,2,1904
검색,2026-03-27,굿리치몰_치매보험_C07,휴대전화,160,1,1032
검색,2026-03-27,굿리치몰_어린이보험_C06,태블릿,2,0,0
검색,2026-03-27,굿리치몰_치아보험_C04,태블릿,0,0,0
검색,2026-03-27,굿리치몰_암보험_C03,태블릿,0,0,0
검색,2026-03-27,굿리치몰_치매보험_C07,컴퓨터,9,0,0
검색,2026-03-27,굿리치몰_치매보험_C07,태블릿,0,0,0
검색,2026-03-27,굿리치몰_보장분석_C16,태블릿,1,0,0
디스플레이,2026-03-27,굿리치몰_실비보험_20260209,태블릿,650,2,0
디스플레이,2026-03-27,굿리치몰_실비보험_20260209,TV 화면,9,0,0
검색,2026-03-28,굿리치몰_실비보험_C02,휴대전화,945,43,516814
검색,2026-03-28,굿리치몰_운전자보험_C09,휴대전화,668,40,191331
검색,2026-03-28,굿리치몰_실비보험_C02,컴퓨터,288,11,147377
검색,2026-03-28,굿리치몰_C01,휴대전화,857,26,145729
검색,2026-03-28,굿리치몰_C01,컴퓨터,426,29,136207
검색,2026-03-28,굿리치몰_운전자보험_C09,컴퓨터,345,24,101540
검색,2026-03-28,굿리치몰_암보험_C03,휴대전화,222,11,86039
검색,2026-03-28,굿리치몰_암보험_C03,컴퓨터,49,2,18718
검색,2026-03-28,굿리치몰_실비보험_C02,태블릿,15,2,11976
검색,2026-03-28,굿리치몰_어린이보험_C06,컴퓨터,37,3,11552
검색,2026-03-28,굿리치몰_치매보험_C07,휴대전화,94,3,4227
검색,2026-03-28,굿리치몰_치아보험_C04,휴대전화,117,1,4172
검색,2026-03-28,굿리치몰_치매보험_C07,컴퓨터,22,1,1246
검색,2026-03-28,굿리치몰_어린이보험_C06,휴대전화,100,0,0
검색,2026-03-28,굿리치몰_어린이보험_C06,태블릿,3,0,0
검색,2026-03-28,굿리치몰_치아보험_C04,컴퓨터,22,0,0
검색,2026-03-28,굿리치몰_치아보험_C04,태블릿,2,0,0
검색,2026-03-28,굿리치몰_암보험_C03,태블릿,6,0,0
검색,2026-03-28,굿리치몰_치매보험_C07,태블릿,1,0,0
검색,2026-03-28,굿리치몰_보장분석_C16,컴퓨터,18,0,0
검색,2026-03-28,굿리치몰_보장분석_C16,휴대전화,30,0,0
검색,2026-03-28,굿리치몰_C01,태블릿,16,0,0
검색,2026-03-28,굿리치몰_운전자보험_C09,태블릿,13,0,0
검색,2026-03-29,굿리치몰_실비보험_C02,휴대전화,869,53,530581
검색,2026-03-29,굿리치몰_실비보험_C02,컴퓨터,381,27,345415
검색,2026-03-29,굿리치몰_운전자보험_C09,휴대전화,"1,036",57,325920
검색,2026-03-29,굿리치몰_C01,컴퓨터,614,31,161069
검색,2026-03-29,굿리치몰_운전자보험_C09,컴퓨터,657,28,152503
검색,2026-03-29,굿리치몰_C01,휴대전화,985,25,137417
검색,2026-03-29,굿리치몰_암보험_C03,휴대전화,203,17,134529
검색,2026-03-29,굿리치몰_어린이보험_C06,컴퓨터,62,5,40453
검색,2026-03-29,굿리치몰_어린이보험_C06,휴대전화,125,5,38822
검색,2026-03-29,굿리치몰_암보험_C03,컴퓨터,65,2,25899
검색,2026-03-29,굿리치몰_C01,태블릿,33,3,18712
검색,2026-03-29,굿리치몰_치아보험_C04,휴대전화,62,2,13351
검색,2026-03-29,굿리치몰_운전자보험_C09,태블릿,29,3,13209
검색,2026-03-29,굿리치몰_보장분석_C16,휴대전화,32,3,11093
검색,2026-03-29,굿리치몰_실비보험_C02,태블릿,23,1,9090
검색,2026-03-29,굿리치몰_치아보험_C04,컴퓨터,18,2,8528
검색,2026-03-29,굿리치몰_보장분석_C16,컴퓨터,8,1,6726
검색,2026-03-29,굿리치몰_어린이보험_C06,태블릿,4,0,0
검색,2026-03-29,굿리치몰_치아보험_C04,태블릿,1,0,0
검색,2026-03-29,굿리치몰_암보험_C03,태블릿,6,0,0
검색,2026-03-29,굿리치몰_치매보험_C07,컴퓨터,32,0,0
검색,2026-03-29,굿리치몰_치매보험_C07,휴대전화,99,0,0
검색,2026-03-29,굿리치몰_치매보험_C07,태블릿,0,0,0
디스플레이,2026-03-29,굿리치몰_실비보험_20260209,휴대전화,0,0,0
디스플레이,2026-03-29,굿리치몰_실비보험_20260209,태블릿,0,0,0
디스플레이,2026-03-29,굿리치몰_실비보험_20260325,휴대전화,0,0,0
디스플레이,2026-03-29,굿리치몰_실비보험_20260325,태블릿,0,0,0
검색,2026-03-30,굿리치몰_실비보험_C02,휴대전화,"1,589",76,831027
검색,2026-03-30,굿리치몰_실비보험_C02,컴퓨터,907,54,750130
검색,2026-03-30,굿리치몰_C01,컴퓨터,"1,259",95,504894
검색,2026-03-30,굿리치몰_운전자보험_C09,컴퓨터,775,64,283592
검색,2026-03-30,굿리치몰_운전자보험_C09,휴대전화,765,51,262620
검색,2026-03-30,굿리치몰_C01,휴대전화,"1,217",31,203929
디스플레이,2026-03-30,굿리치몰_실비보험_20260325,휴대전화,"49,220",298,197349
검색,2026-03-30,굿리치몰_암보험_C03,휴대전화,259,21,197202
검색,2026-03-30,굿리치몰_암보험_C03,컴퓨터,191,13,174735
검색,2026-03-30,굿리치몰_보장분석_C16,컴퓨터,63,3,28135
검색,2026-03-30,굿리치몰_어린이보험_C06,휴대전화,147,5,22797
검색,2026-03-30,굿리치몰_어린이보험_C06,컴퓨터,119,3,18026
검색,2026-03-30,굿리치몰_운전자보험_C09,태블릿,17,1,6482
검색,2026-03-30,굿리치몰_치아보험_C04,휴대전화,98,2,5924
검색,2026-03-30,굿리치몰_치아보험_C04,컴퓨터,59,1,4261
디스플레이,2026-03-30,굿리치몰_실비보험_20260325,태블릿,"1,076",7,3938
검색,2026-03-30,굿리치몰_치매보험_C07,컴퓨터,22,1,1279
검색,2026-03-30,굿리치몰_어린이보험_C06,태블릿,2,0,0
검색,2026-03-30,굿리치몰_실비보험_C02,태블릿,14,0,0
검색,2026-03-30,굿리치몰_치아보험_C04,태블릿,0,0,0
검색,2026-03-30,굿리치몰_암보험_C03,태블릿,2,0,0
검색,2026-03-30,굿리치몰_치매보험_C07,휴대전화,74,0,0
검색,2026-03-30,굿리치몰_치매보험_C07,태블릿,1,0,0
검색,2026-03-30,굿리치몰_보장분석_C16,휴대전화,37,0,0
검색,2026-03-30,굿리치몰_보장분석_C16,태블릿,2,0,0
검색,2026-03-30,굿리치몰_C01,태블릿,20,0,0
디스플레이,2026-03-30,굿리치몰_실비보험_20260209,휴대전화,"32,226",115,0
디스플레이,2026-03-30,굿리치몰_실비보험_20260209,태블릿,807,2,0
디스플레이,2026-03-30,굿리치몰_실비보험_20260209,TV 화면,12,0,0
디스플레이,2026-03-30,굿리치몰_실비보험_20260325,TV 화면,20,0,0
검색,2026-03-31,굿리치몰_실비보험_C02,휴대전화,"1,398",83,811202
검색,2026-03-31,굿리치몰_실비보험_C02,컴퓨터,944,55,808654
디스플레이,2026-03-31,굿리치몰_실비보험_20260209,휴대전화,"141,066",591,788544
검색,2026-03-31,굿리치몰_C01,컴퓨터,"1,368",66,352263
검색,2026-03-31,굿리치몰_C01,휴대전화,"1,477",40,256618
검색,2026-03-31,굿리치몰_운전자보험_C09,컴퓨터,537,53,238239
검색,2026-03-31,굿리치몰_운전자보험_C09,휴대전화,683,42,190412
디스플레이,2026-03-31,굿리치몰_실비보험_20260325,휴대전화,"20,104",241,168729
검색,2026-03-31,굿리치몰_암보험_C03,휴대전화,264,15,157990
검색,2026-03-31,굿리치몰_암보험_C03,컴퓨터,150,11,136468
검색,2026-03-31,굿리치몰_어린이보험_C06,컴퓨터,121,5,40679
검색,2026-03-31,굿리치몰_보장분석_C16,컴퓨터,52,4,34634
검색,2026-03-31,굿리치몰_어린이보험_C06,휴대전화,149,3,24001
검색,2026-03-31,굿리치몰_치아보험_C04,컴퓨터,49,5,22974
디스플레이,2026-03-31,굿리치몰_실비보험_20260209,태블릿,"2,922",12,19926
검색,2026-03-31,굿리치몰_실비보험_C02,태블릿,36,1,4107
검색,2026-03-31,굿리치몰_치아보험_C04,휴대전화,76,1,3296
검색,2026-03-31,굿리치몰_보장분석_C16,휴대전화,47,2,2881
디스플레이,2026-03-31,굿리치몰_실비보험_20260325,태블릿,525,5,2480
검색,2026-03-31,굿리치몰_치매보험_C07,컴퓨터,30,1,2176
검색,2026-03-31,굿리치몰_치매보험_C07,휴대전화,109,2,1479
검색,2026-03-31,굿리치몰_어린이보험_C06,태블릿,3,0,0
검색,2026-03-31,굿리치몰_치아보험_C04,태블릿,6,0,0
검색,2026-03-31,굿리치몰_암보험_C03,태블릿,3,0,0
검색,2026-03-31,굿리치몰_보장분석_C16,태블릿,5,0,0
검색,2026-03-31,굿리치몰_C01,태블릿,30,0,0
검색,2026-03-31,굿리치몰_운전자보험_C09,태블릿,17,0,0
디스플레이,2026-03-31,굿리치몰_실비보험_20260209,기타,3,0,0
디스플레이,2026-03-31,굿리치몰_실비보험_20260209,TV 화면,21,0,0
디스플레이,2026-03-31,굿리치몰_실비보험_20260325,TV 화면,10,0,0
디스플레이,2026-04-01,굿리치몰_실비보험_20260209,휴대전화,"150,483","1,027",901066
검색,2026-04-01,굿리치몰_실비보험_C02,휴대전화,"1,159",42,486981
검색,2026-04-01,굿리치몰_실비보험_C02,컴퓨터,570,27,426542
검색,2026-04-01,굿리치몰_운전자보험_C09,휴대전화,970,67,385176
검색,2026-04-01,굿리치몰_C01,휴대전화,"1,167",38,294465
검색,2026-04-01,굿리치몰_운전자보험_C09,컴퓨터,748,51,264886
검색,2026-04-01,굿리치몰_C01,컴퓨터,"1,041",61,258663
디스플레이,2026-04-01,굿리치몰_실비보험_20260325,휴대전화,"40,751",281,239667
검색,2026-04-01,굿리치몰_암보험_C03,휴대전화,229,20,170208
검색,2026-04-01,굿리치몰_암보험_C03,컴퓨터,114,11,139200
검색,2026-04-01,굿리치몰_실비보험_C02,태블릿,8,2,47904
검색,2026-04-01,굿리치몰_어린이보험_C06,컴퓨터,75,4,41397
검색,2026-04-01,굿리치몰_어린이보험_C06,휴대전화,120,4,40781
검색,2026-04-01,굿리치몰_보장분석_C16,휴대전화,45,2,22672
디스플레이,2026-04-01,굿리치몰_실비보험_20260209,태블릿,"3,764",27,20129
검색,2026-04-01,굿리치몰_보장분석_C16,컴퓨터,50,1,16825
검색,2026-04-01,굿리치몰_치아보험_C04,휴대전화,107,1,7858
검색,2026-04-01,굿리치몰_운전자보험_C09,태블릿,16,1,5760
디스플레이,2026-04-01,굿리치몰_실비보험_20260325,태블릿,726,5,5301
검색,2026-04-01,굿리치몰_치아보험_C04,태블릿,5,1,4310
검색,2026-04-01,굿리치몰_C01,태블릿,37,1,3314
검색,2026-04-01,굿리치몰_어린이보험_C06,태블릿,3,0,0
검색,2026-04-01,굿리치몰_치아보험_C04,컴퓨터,24,0,0
검색,2026-04-01,굿리치몰_암보험_C03,태블릿,4,0,0
검색,2026-04-01,굿리치몰_치매보험_C07,컴퓨터,2,0,0
검색,2026-04-01,굿리치몰_치매보험_C07,휴대전화,42,0,0
검색,2026-04-01,굿리치몰_보장분석_C16,태블릿,3,0,0
디스플레이,2026-04-01,굿리치몰_실비보험_20260209,TV 화면,20,0,0
디스플레이,2026-04-01,굿리치몰_실비보험_20260325,TV 화면,21,0,0
디스플레이,2026-04-02,굿리치몰_실비보험_20260209,휴대전화,"138,435",893,844105
검색,2026-04-02,굿리치몰_실비보험_C02,컴퓨터,649,31,480500
검색,2026-04-02,굿리치몰_실비보험_C02,휴대전화,"1,119",41,420641
검색,2026-04-02,굿리치몰_운전자보험_C09,컴퓨터,874,66,354782
검색,2026-04-02,굿리치몰_운전자보험_C09,휴대전화,989,51,303640
검색,2026-04-02,굿리치몰_C01,컴퓨터,"1,122",66,294239
디스플레이,2026-04-02,굿리치몰_실비보험_20260325,휴대전화,"19,231",180,216561
검색,2026-04-02,굿리치몰_암보험_C03,휴대전화,208,18,174027
검색,2026-04-02,굿리치몰_암보험_C03,컴퓨터,126,12,159298
검색,2026-04-02,굿리치몰_C01,휴대전화,"1,945",38,158449
디스플레이,2026-04-02,굿리치몰_실비보험_20260209,태블릿,"4,034",35,30301
검색,2026-04-02,굿리치몰_실비보험_C02,태블릿,25,1,24096
검색,2026-04-02,굿리치몰_어린이보험_C06,휴대전화,290,5,18549
검색,2026-04-02,굿리치몰_어린이보험_C06,컴퓨터,52,1,12580
검색,2026-04-02,굿리치몰_보장분석_C16,휴대전화,325,1,7287
디스플레이,2026-04-02,굿리치몰_실비보험_20260325,태블릿,335,5,5640
검색,2026-04-02,굿리치몰_치매보험_C07,휴대전화,43,1,2126
검색,2026-04-02,굿리치몰_어린이보험_C06,태블릿,1,0,0
검색,2026-04-02,굿리치몰_치아보험_C04,컴퓨터,11,0,0
검색,2026-04-02,굿리치몰_치아보험_C04,휴대전화,63,0,0
검색,2026-04-02,굿리치몰_치아보험_C04,태블릿,3,0,0
검색,2026-04-02,굿리치몰_암보험_C03,태블릿,2,0,0
검색,2026-04-02,굿리치몰_치매보험_C07,컴퓨터,6,0,0
검색,2026-04-02,굿리치몰_치매보험_C07,태블릿,1,0,0
검색,2026-04-02,굿리치몰_보장분석_C16,컴퓨터,48,0,0
검색,2026-04-02,굿리치몰_C01,태블릿,17,0,0
검색,2026-04-02,굿리치몰_운전자보험_C09,태블릿,13,0,0
디스플레이,2026-04-02,굿리치몰_실비보험_20260209,TV 화면,16,0,0
디스플레이,2026-04-02,굿리치몰_실비보험_20260325,TV 화면,4,0,0
디스플레이,2026-04-03,굿리치몰_실비보험_20260209,휴대전화,"184,604",698,874322
검색,2026-04-03,굿리치몰_실비보험_C02,컴퓨터,523,21,270310
검색,2026-04-03,굿리치몰_실비보험_C02,휴대전화,"1,035",25,256642
검색,2026-04-03,굿리치몰_C01,컴퓨터,"1,151",58,235192
검색,2026-04-03,굿리치몰_C01,휴대전화,"1,246",34,217861
디스플레이,2026-04-03,굿리치몰_실비보험_20260325,휴대전화,"12,807",214,190931
검색,2026-04-03,굿리치몰_운전자보험_C09,휴대전화,482,32,185974
검색,2026-04-03,굿리치몰_운전자보험_C09,컴퓨터,446,21,115387
검색,2026-04-03,굿리치몰_암보험_C03,휴대전화,99,10,100332
검색,2026-04-03,굿리치몰_암보험_C03,컴퓨터,70,5,61320
검색,2026-04-03,굿리치몰_어린이보험_C06,컴퓨터,96,3,26544
검색,2026-04-03,굿리치몰_보장분석_C16,컴퓨터,55,4,21286
디스플레이,2026-04-03,굿리치몰_실비보험_20260209,태블릿,"5,508",18,20087
검색,2026-04-03,굿리치몰_어린이보험_C06,휴대전화,"1,744",2,15439
검색,2026-04-03,굿리치몰_C01,태블릿,26,1,7134
검색,2026-04-03,굿리치몰_운전자보험_C09,태블릿,10,2,6785
검색,2026-04-03,굿리치몰_치아보험_C04,휴대전화,62,2,5810
검색,2026-04-03,굿리치몰_보장분석_C16,휴대전화,42,2,5706
검색,2026-04-03,굿리치몰_실비보험_C02,태블릿,17,1,5163
검색,2026-04-03,굿리치몰_치아보험_C04,컴퓨터,28,1,5061
검색,2026-04-03,굿리치몰_치매보험_C07,컴퓨터,13,1,3618
디스플레이,2026-04-03,굿리치몰_실비보험_20260325,태블릿,240,5,2407
검색,2026-04-03,굿리치몰_치매보험_C07,휴대전화,34,2,2338
검색,2026-04-03,굿리치몰_어린이보험_C06,태블릿,1,0,0
검색,2026-04-03,굿리치몰_치아보험_C04,태블릿,2,0,0
검색,2026-04-03,굿리치몰_암보험_C03,태블릿,2,0,0
디스플레이,2026-04-03,굿리치몰_실비보험_20260209,기타,1,0,0
디스플레이,2026-04-03,굿리치몰_실비보험_20260209,TV 화면,14,0,0
디스플레이,2026-04-03,굿리치몰_실비보험_20260325,TV 화면,1,0,0
검색,2026-04-04,굿리치몰_실비보험_C02,휴대전화,827,39,419958
검색,2026-04-04,굿리치몰_운전자보험_C09,휴대전화,627,54,317203
검색,2026-04-04,굿리치몰_C01,컴퓨터,653,29,194823
검색,2026-04-04,굿리치몰_C01,휴대전화,963,22,167109
검색,2026-04-04,굿리치몰_실비보험_C02,컴퓨터,298,6,109529
검색,2026-04-04,굿리치몰_운전자보험_C09,컴퓨터,307,21,94501
검색,2026-04-04,굿리치몰_암보험_C03,컴퓨터,37,4,58496
검색,2026-04-04,굿리치몰_암보험_C03,휴대전화,104,4,54967
검색,2026-04-04,굿리치몰_어린이보험_C06,컴퓨터,36,2,23295
검색,2026-04-04,굿리치몰_어린이보험_C06,휴대전화,97,3,23038
검색,2026-04-04,굿리치몰_치매보험_C07,휴대전화,68,4,12515
검색,2026-04-04,굿리치몰_치아보험_C04,휴대전화,80,2,10511
검색,2026-04-04,굿리치몰_운전자보험_C09,태블릿,18,2,7087
검색,2026-04-04,굿리치몰_치매보험_C07,컴퓨터,33,3,7038
검색,2026-04-04,굿리치몰_보장분석_C16,컴퓨터,22,1,6747
검색,2026-04-04,굿리치몰_실비보험_C02,태블릿,7,0,0
검색,2026-04-04,굿리치몰_치아보험_C04,컴퓨터,6,0,0
검색,2026-04-04,굿리치몰_치아보험_C04,태블릿,2,0,0
검색,2026-04-04,굿리치몰_암보험_C03,태블릿,2,0,0
검색,2026-04-04,굿리치몰_치매보험_C07,태블릿,1,0,0
검색,2026-04-04,굿리치몰_보장분석_C16,휴대전화,23,0,0
검색,2026-04-04,굿리치몰_보장분석_C16,태블릿,0,0,0
검색,2026-04-04,굿리치몰_C01,태블릿,20,0,0
검색,2026-04-05,굿리치몰_실비보험_C02,휴대전화,686,38,445635
검색,2026-04-05,굿리치몰_운전자보험_C09,휴대전화,"1,004",62,382380
검색,2026-04-05,굿리치몰_C01,컴퓨터,585,31,208630
검색,2026-04-05,굿리치몰_C01,휴대전화,915,25,183861
검색,2026-04-05,굿리치몰_실비보험_C02,컴퓨터,295,10,163958
검색,2026-04-05,굿리치몰_운전자보험_C09,컴퓨터,461,23,111012
검색,2026-04-05,굿리치몰_암보험_C03,휴대전화,89,10,80380
검색,2026-04-05,굿리치몰_암보험_C03,컴퓨터,52,4,48145
검색,2026-04-05,굿리치몰_어린이보험_C06,컴퓨터,39,3,31318
검색,2026-04-05,굿리치몰_C01,태블릿,14,3,22709
검색,2026-04-05,굿리치몰_어린이보험_C06,휴대전화,95,2,17940
검색,2026-04-05,굿리치몰_보장분석_C16,컴퓨터,11,2,10985
검색,2026-04-05,굿리치몰_치아보험_C04,컴퓨터,15,2,6804
검색,2026-04-05,굿리치몰_치아보험_C04,휴대전화,44,2,6751
검색,2026-04-05,굿리치몰_보장분석_C16,휴대전화,16,1,6588
검색,2026-04-05,굿리치몰_운전자보험_C09,태블릿,21,1,4013
검색,2026-04-05,굿리치몰_치매보험_C07,휴대전화,22,1,3201
검색,2026-04-05,굿리치몰_실비보험_C02,태블릿,22,0,0
검색,2026-04-05,굿리치몰_치아보험_C04,태블릿,2,0,0
검색,2026-04-05,굿리치몰_암보험_C03,태블릿,0,0,0
검색,2026-04-05,굿리치몰_치매보험_C07,컴퓨터,3,0,0
검색,2026-04-05,굿리치몰_보장분석_C16,태블릿,2,0,0
디스플레이,2026-04-05,굿리치몰_실비보험_20260209,휴대전화,0,0,0
디스플레이,2026-04-05,굿리치몰_실비보험_20260209,태블릿,0,0,0
디스플레이,2026-04-05,굿리치몰_실비보험_20260325,휴대전화,0,0,0
디스플레이,2026-04-05,굿리치몰_실비보험_20260325,태블릿,0,0,0
디스플레이,2026-04-06,굿리치몰_실비보험_20260209,휴대전화,"333,052",629,884405
검색,2026-04-06,굿리치몰_실비보험_C02,휴대전화,"3,588",42,497878
검색,2026-04-06,굿리치몰_실비보험_C02,컴퓨터,714,30,473349
검색,2026-04-06,굿리치몰_운전자보험_C09,휴대전화,"1,191",67,383369
검색,2026-04-06,굿리치몰_운전자보험_C09,컴퓨터,976,63,291102
검색,2026-04-06,굿리치몰_C01,컴퓨터,"1,153",53,222135
디스플레이,2026-04-06,굿리치몰_실비보험_20260325,휴대전화,"73,795",230,203346
검색,2026-04-06,굿리치몰_C01,휴대전화,"3,655",35,147772
검색,2026-04-06,굿리치몰_어린이보험_C06,컴퓨터,116,11,106378
검색,2026-04-06,굿리치몰_암보험_C03,휴대전화,122,11,98032
검색,2026-04-06,굿리치몰_보장분석_C16,컴퓨터,39,3,24219
검색,2026-04-06,굿리치몰_암보험_C03,컴퓨터,99,2,23558
검색,2026-04-06,굿리치몰_치아보험_C04,휴대전화,59,5,21426
검색,2026-04-06,굿리치몰_어린이보험_C06,휴대전화,507,4,15557
검색,2026-04-06,굿리치몰_운전자보험_C09,태블릿,21,1,9906
디스플레이,2026-04-06,굿리치몰_실비보험_20260209,태블릿,"8,305",15,9646
검색,2026-04-06,굿리치몰_실비보험_C02,태블릿,36,1,8667
검색,2026-04-06,굿리치몰_어린이보험_C06,태블릿,2,1,3719
검색,2026-04-06,굿리치몰_치아보험_C04,컴퓨터,18,1,2590
디스플레이,2026-04-06,굿리치몰_실비보험_20260325,태블릿,"1,912",7,892
검색,2026-04-06,굿리치몰_보장분석_C16,휴대전화,42,1,516
검색,2026-04-06,굿리치몰_암보험_C03,태블릿,1,0,0
검색,2026-04-06,굿리치몰_치매보험_C07,컴퓨터,8,0,0
검색,2026-04-06,굿리치몰_치매보험_C07,휴대전화,20,0,0
검색,2026-04-06,굿리치몰_보장분석_C16,태블릿,0,0,0
검색,2026-04-06,굿리치몰_C01,태블릿,23,0,0
디스플레이,2026-04-06,굿리치몰_실비보험_20260209,기타,4,0,0
디스플레이,2026-04-06,굿리치몰_실비보험_20260209,TV 화면,38,0,0
디스플레이,2026-04-06,굿리치몰_실비보험_20260325,기타,8,0,0
디스플레이,2026-04-06,굿리치몰_실비보험_20260325,TV 화면,9,0,0
디스플레이,2026-04-07,굿리치몰_실비보험_20260209,휴대전화,"232,324",623,816011
검색,2026-04-07,굿리치몰_실비보험_C02,휴대전화,944,42,472650
디스플레이,2026-04-07,굿리치몰_실비보험_20260325,휴대전화,"83,277",209,290878
검색,2026-04-07,굿리치몰_운전자보험_C09,휴대전화,765,48,284299
검색,2026-04-07,굿리치몰_운전자보험_C09,컴퓨터,616,63,279385
검색,2026-04-07,굿리치몰_C01,컴퓨터,"1,093",52,224465
검색,2026-04-07,굿리치몰_실비보험_C02,컴퓨터,627,12,198488
검색,2026-04-07,굿리치몰_C01,휴대전화,"1,963",24,178595
검색,2026-04-07,굿리치몰_암보험_C03,휴대전화,132,13,133284
검색,2026-04-07,굿리치몰_암보험_C03,컴퓨터,96,8,99905
검색,2026-04-07,굿리치몰_어린이보험_C06,컴퓨터,85,4,60285
검색,2026-04-07,굿리치몰_보장분석_C16,휴대전화,54,8,54633
검색,2026-04-07,굿리치몰_실비보험_C02,태블릿,16,2,25375
검색,2026-04-07,굿리치몰_암보험_C03,태블릿,11,1,19148
검색,2026-04-07,굿리치몰_어린이보험_C06,휴대전화,120,2,17552
검색,2026-04-07,굿리치몰_보장분석_C16,컴퓨터,48,2,16034
검색,2026-04-07,굿리치몰_치아보험_C04,컴퓨터,30,2,15394
디스플레이,2026-04-07,굿리치몰_실비보험_20260209,태블릿,"4,634",9,9236
검색,2026-04-07,굿리치몰_치아보험_C04,휴대전화,55,1,5189
검색,2026-04-07,굿리치몰_운전자보험_C09,태블릿,12,1,2346
디스플레이,2026-04-07,굿리치몰_실비보험_20260325,태블릿,"2,197",3,813
검색,2026-04-07,굿리치몰_어린이보험_C06,태블릿,1,0,0
검색,2026-04-07,굿리치몰_치아보험_C04,태블릿,1,0,0
검색,2026-04-07,굿리치몰_치매보험_C07,컴퓨터,8,0,0
검색,2026-04-07,굿리치몰_치매보험_C07,휴대전화,25,0,0
검색,2026-04-07,굿리치몰_보장분석_C16,태블릿,3,0,0
검색,2026-04-07,굿리치몰_C01,태블릿,20,0,0
디스플레이,2026-04-07,굿리치몰_실비보험_20260209,기타,14,0,0
디스플레이,2026-04-07,굿리치몰_실비보험_20260209,TV 화면,28,0,0
디스플레이,2026-04-07,굿리치몰_실비보험_20260325,기타,17,0,0
디스플레이,2026-04-07,굿리치몰_실비보험_20260325,TV 화면,11,0,0
디스플레이,2026-04-08,굿리치몰_실비보험_20260209,휴대전화,"38,753",346,617976
검색,2026-04-08,굿리치몰_실비보험_C02,휴대전화,"2,326",43,558683
검색,2026-04-08,굿리치몰_실비보험_C02,컴퓨터,613,23,375043
검색,2026-04-08,굿리치몰_운전자보험_C09,휴대전화,760,51,317668
검색,2026-04-08,굿리치몰_운전자보험_C09,컴퓨터,689,47,215918
디스플레이,2026-04-08,굿리치몰_실비보험_20260325,휴대전화,"25,821",105,206761
검색,2026-04-08,굿리치몰_C01,컴퓨터,739,46,206560
검색,2026-04-08,굿리치몰_C01,휴대전화,745,17,96970
검색,2026-04-08,굿리치몰_암보험_C03,컴퓨터,84,4,66401
검색,2026-04-08,굿리치몰_암보험_C03,휴대전화,117,6,51350
검색,2026-04-08,굿리치몰_어린이보험_C06,컴퓨터,73,4,42673
검색,2026-04-08,굿리치몰_보장분석_C16,컴퓨터,45,6,38492
검색,2026-04-08,굿리치몰_보장분석_C16,휴대전화,31,2,24544
검색,2026-04-08,굿리치몰_어린이보험_C06,휴대전화,121,2,17558
검색,2026-04-08,굿리치몰_운전자보험_C09,태블릿,26,5,15234
검색,2026-04-08,굿리치몰_치아보험_C04,휴대전화,41,1,5370
검색,2026-04-08,굿리치몰_C01,태블릿,12,1,4925
검색,2026-04-08,굿리치몰_어린이보험_C06,태블릿,1,0,0
검색,2026-04-08,굿리치몰_실비보험_C02,태블릿,17,0,0
검색,2026-04-08,굿리치몰_치아보험_C04,컴퓨터,18,0,0
검색,2026-04-08,굿리치몰_치아보험_C04,태블릿,0,0,0
검색,2026-04-08,굿리치몰_암보험_C03,태블릿,6,0,0
검색,2026-04-08,굿리치몰_치매보험_C07,컴퓨터,5,0,0
검색,2026-04-08,굿리치몰_치매보험_C07,휴대전화,9,0,0
검색,2026-04-08,굿리치몰_보장분석_C16,태블릿,2,0,0
디스플레이,2026-04-08,굿리치몰_실비보험_20260209,기타,4,0,0
디스플레이,2026-04-08,굿리치몰_실비보험_20260209,태블릿,"1,133",0,0
디스플레이,2026-04-08,굿리치몰_실비보험_20260209,TV 화면,3,0,0
디스플레이,2026-04-08,굿리치몰_실비보험_20260325,기타,1,0,0
디스플레이,2026-04-08,굿리치몰_실비보험_20260325,태블릿,487,0,0
디스플레이,2026-04-08,굿리치몰_실비보험_20260325,TV 화면,10,0,0
검색,2026-04-09,굿리치몰_실비보험_C02,휴대전화,"1,028",43,480736
디스플레이,2026-04-09,굿리치몰_실비보험_20260209,휴대전화,"8,465",405,455888
검색,2026-04-09,굿리치몰_운전자보험_C09,컴퓨터,698,52,268382
검색,2026-04-09,굿리치몰_운전자보험_C09,휴대전화,781,45,265075
검색,2026-04-09,굿리치몰_실비보험_C02,컴퓨터,553,17,226097
검색,2026-04-09,굿리치몰_C01,컴퓨터,645,54,223867
디스플레이,2026-04-09,굿리치몰_실비보험_20260325,휴대전화,"46,595",108,205976
검색,2026-04-09,굿리치몰_C01,휴대전화,732,29,192402
검색,2026-04-09,굿리치몰_암보험_C03,휴대전화,131,14,108285
검색,2026-04-09,굿리치몰_암보험_C03,컴퓨터,78,4,44341
검색,2026-04-09,굿리치몰_어린이보험_C06,컴퓨터,76,4,23947
검색,2026-04-09,굿리치몰_치아보험_C04,컴퓨터,28,4,19549
검색,2026-04-09,굿리치몰_어린이보험_C06,휴대전화,96,3,16937
검색,2026-04-09,굿리치몰_보장분석_C16,컴퓨터,36,2,14162
디스플레이,2026-04-09,굿리치몰_실비보험_20260325,태블릿,760,4,9041
디스플레이,2026-04-09,굿리치몰_실비보험_20260209,태블릿,671,6,6429
검색,2026-04-09,굿리치몰_치아보험_C04,휴대전화,34,2,3974
검색,2026-04-09,굿리치몰_보장분석_C16,휴대전화,51,2,3660
검색,2026-04-09,굿리치몰_C01,태블릿,10,1,59
검색,2026-04-09,굿리치몰_어린이보험_C06,태블릿,0,0,0
검색,2026-04-09,굿리치몰_실비보험_C02,태블릿,13,0,0
검색,2026-04-09,굿리치몰_치아보험_C04,태블릿,1,0,0
검색,2026-04-09,굿리치몰_암보험_C03,태블릿,3,0,0
검색,2026-04-09,굿리치몰_치매보험_C07,컴퓨터,9,0,0
검색,2026-04-09,굿리치몰_치매보험_C07,휴대전화,26,0,0
검색,2026-04-09,굿리치몰_보장분석_C16,태블릿,5,0,0
검색,2026-04-09,굿리치몰_운전자보험_C09,태블릿,31,0,0
디스플레이,2026-04-09,굿리치몰_실비보험_20260325,TV 화면,14,0,0
검색,2026-04-10,굿리치몰_실비보험_C02,휴대전화,"1,017",39,483534
검색,2026-04-10,굿리치몰_실비보험_C02,컴퓨터,525,29,470128
디스플레이,2026-04-10,굿리치몰_실비보험_20260209,휴대전화,"14,788",312,447262
검색,2026-04-10,굿리치몰_운전자보험_C09,휴대전화,850,38,235954
검색,2026-04-10,굿리치몰_C01,컴퓨터,642,51,215760
디스플레이,2026-04-10,굿리치몰_실비보험_20260325,휴대전화,"28,344",110,185228
검색,2026-04-10,굿리치몰_운전자보험_C09,컴퓨터,568,33,181157
검색,2026-04-10,굿리치몰_암보험_C03,휴대전화,131,16,145909
검색,2026-04-10,굿리치몰_C01,휴대전화,951,25,138118
검색,2026-04-10,굿리치몰_암보험_C03,컴퓨터,108,7,92240
검색,2026-04-10,굿리치몰_어린이보험_C06,컴퓨터,90,6,76992
검색,2026-04-10,굿리치몰_어린이보험_C06,휴대전화,113,3,42047
검색,2026-04-10,굿리치몰_치아보험_C04,휴대전화,28,3,31672
검색,2026-04-10,굿리치몰_보장분석_C16,컴퓨터,104,5,28083
검색,2026-04-10,굿리치몰_C01,태블릿,19,1,15637
검색,2026-04-10,굿리치몰_보장분석_C16,휴대전화,43,3,14345
디스플레이,2026-04-10,굿리치몰_실비보험_20260209,태블릿,919,11,11856
검색,2026-04-10,굿리치몰_치매보험_C07,휴대전화,27,1,4236
검색,2026-04-10,굿리치몰_치매보험_C07,컴퓨터,12,1,2333
디스플레이,2026-04-10,굿리치몰_실비보험_20260325,태블릿,513,1,63
검색,2026-04-10,굿리치몰_어린이보험_C06,태블릿,3,0,0
검색,2026-04-10,굿리치몰_실비보험_C02,태블릿,8,0,0
검색,2026-04-10,굿리치몰_치아보험_C04,컴퓨터,11,0,0
검색,2026-04-10,굿리치몰_치아보험_C04,태블릿,0,0,0
검색,2026-04-10,굿리치몰_암보험_C03,태블릿,2,0,0
검색,2026-04-10,굿리치몰_운전자보험_C09,태블릿,8,0,0
디스플레이,2026-04-10,굿리치몰_실비보험_20260209,기타,1,0,0
디스플레이,2026-04-10,굿리치몰_실비보험_20260325,TV 화면,8,0,0
검색,2026-04-11,굿리치몰_실비보험_C02,휴대전화,894,42,426359
검색,2026-04-11,굿리치몰_운전자보험_C09,휴대전화,"1,883",58,344858
검색,2026-04-11,굿리치몰_C01,휴대전화,"1,007",30,184031
검색,2026-04-11,굿리치몰_실비보험_C02,컴퓨터,309,11,166567
검색,2026-04-11,굿리치몰_운전자보험_C09,컴퓨터,387,27,143900
검색,2026-04-11,굿리치몰_암보험_C03,휴대전화,169,11,112906
검색,2026-04-11,굿리치몰_암보험_C03,컴퓨터,70,4,86873
검색,2026-04-11,굿리치몰_C01,컴퓨터,477,13,73315
검색,2026-04-11,굿리치몰_치아보험_C04,휴대전화,85,4,16189
검색,2026-04-11,굿리치몰_어린이보험_C06,컴퓨터,28,1,15371
검색,2026-04-11,굿리치몰_운전자보험_C09,태블릿,21,2,11444
검색,2026-04-11,굿리치몰_보장분석_C16,컴퓨터,79,1,11227
검색,2026-04-11,굿리치몰_치아보험_C04,컴퓨터,12,1,3356
검색,2026-04-11,굿리치몰_치매보험_C07,휴대전화,56,1,1215
검색,2026-04-11,굿리치몰_실비보험_C02,태블릿,19,2,389
검색,2026-04-11,굿리치몰_보장분석_C16,휴대전화,23,1,1
검색,2026-04-11,굿리치몰_어린이보험_C06,휴대전화,915,0,0
검색,2026-04-11,굿리치몰_치아보험_C04,태블릿,6,0,0
검색,2026-04-11,굿리치몰_치매보험_C07,컴퓨터,39,0,0
검색,2026-04-11,굿리치몰_치매보험_C07,태블릿,1,0,0
검색,2026-04-11,굿리치몰_보장분석_C16,태블릿,0,0,0
검색,2026-04-11,굿리치몰_C01,태블릿,13,0,0
검색,2026-04-12,굿리치몰_운전자보험_C09,휴대전화,810,50,350854
검색,2026-04-12,굿리치몰_실비보험_C02,휴대전화,716,29,304409
검색,2026-04-12,굿리치몰_C01,컴퓨터,509,29,253041
검색,2026-04-12,굿리치몰_실비보험_C02,컴퓨터,323,14,185534
검색,2026-04-12,굿리치몰_C01,휴대전화,854,20,111500
검색,2026-04-12,굿리치몰_운전자보험_C09,컴퓨터,366,17,103580
검색,2026-04-12,굿리치몰_암보험_C03,휴대전화,135,7,96859
검색,2026-04-12,굿리치몰_암보험_C03,컴퓨터,43,2,37282
검색,2026-04-12,굿리치몰_보장분석_C16,컴퓨터,50,2,28384
검색,2026-04-12,굿리치몰_실비보험_C02,태블릿,11,2,27501
검색,2026-04-12,굿리치몰_어린이보험_C06,휴대전화,61,2,11934
검색,2026-04-12,굿리치몰_치매보험_C07,컴퓨터,18,3,9244
검색,2026-04-12,굿리치몰_어린이보험_C06,컴퓨터,53,1,8601
검색,2026-04-12,굿리치몰_치아보험_C04,휴대전화,57,1,6102
검색,2026-04-12,굿리치몰_치아보험_C04,컴퓨터,20,1,4883
검색,2026-04-12,굿리치몰_보장분석_C16,휴대전화,17,1,4038
검색,2026-04-12,굿리치몰_치매보험_C07,휴대전화,23,1,2547
검색,2026-04-12,굿리치몰_치아보험_C04,태블릿,0,0,0
검색,2026-04-12,굿리치몰_암보험_C03,태블릿,0,0,0
검색,2026-04-12,굿리치몰_보장분석_C16,태블릿,2,0,0
검색,2026-04-12,굿리치몰_C01,태블릿,15,0,0
검색,2026-04-12,굿리치몰_운전자보험_C09,태블릿,14,0,0
디스플레이,2026-04-12,굿리치몰_실비보험_20260209,휴대전화,0,0,0
디스플레이,2026-04-12,굿리치몰_실비보험_20260209,태블릿,0,0,0
디스플레이,2026-04-12,굿리치몰_실비보험_20260325,휴대전화,0,0,0
디스플레이,2026-04-12,굿리치몰_실비보험_20260325,태블릿,0,0,0
검색,2026-04-13,굿리치몰_실비보험_C02,휴대전화,"2,843",46,591782
디스플레이,2026-04-13,굿리치몰_실비보험_20260209,휴대전화,"22,946",219,452485
검색,2026-04-13,굿리치몰_실비보험_C02,컴퓨터,621,25,410447
검색,2026-04-13,굿리치몰_운전자보험_C09,휴대전화,947,57,371978
검색,2026-04-13,굿리치몰_C01,휴대전화,"1,180",45,250595
검색,2026-04-13,굿리치몰_C01,컴퓨터,756,51,214541
디스플레이,2026-04-13,굿리치몰_실비보험_20260325,휴대전화,"22,721",111,198645
검색,2026-04-13,굿리치몰_운전자보험_C09,컴퓨터,603,46,188141
검색,2026-04-13,굿리치몰_암보험_C03,휴대전화,127,13,122242
검색,2026-04-13,굿리치몰_암보험_C03,컴퓨터,105,4,57588
검색,2026-04-13,굿리치몰_보장분석_C16,컴퓨터,64,5,42521
검색,2026-04-13,굿리치몰_어린이보험_C06,컴퓨터,66,3,39490
검색,2026-04-13,굿리치몰_암보험_C03,태블릿,5,1,22641
검색,2026-04-13,굿리치몰_치아보험_C04,휴대전화,112,2,14584
검색,2026-04-13,굿리치몰_C01,태블릿,19,2,12226
검색,2026-04-13,굿리치몰_보장분석_C16,휴대전화,24,1,8966
검색,2026-04-13,굿리치몰_어린이보험_C06,휴대전화,98,1,4943
검색,2026-04-13,굿리치몰_치매보험_C07,컴퓨터,13,2,4655
디스플레이,2026-04-13,굿리치몰_실비보험_20260325,태블릿,497,2,4555
검색,2026-04-13,굿리치몰_치아보험_C04,태블릿,3,1,4124
디스플레이,2026-04-13,굿리치몰_실비보험_20260209,태블릿,766,1,144
검색,2026-04-13,굿리치몰_어린이보험_C06,태블릿,0,0,0
검색,2026-04-13,굿리치몰_실비보험_C02,태블릿,13,0,0
검색,2026-04-13,굿리치몰_치아보험_C04,컴퓨터,32,0,0
검색,2026-04-13,굿리치몰_치매보험_C07,휴대전화,17,0,0
검색,2026-04-13,굿리치몰_보장분석_C16,태블릿,1,0,0
검색,2026-04-13,굿리치몰_운전자보험_C09,태블릿,13,0,0
디스플레이,2026-04-13,굿리치몰_실비보험_20260325,TV 화면,2,0,0
검색,2026-04-14,굿리치몰_실비보험_C02,컴퓨터,699,35,534155
디스플레이,2026-04-14,굿리치몰_실비보험_20260209,휴대전화,"4,713",548,442157
검색,2026-04-14,굿리치몰_운전자보험_C09,휴대전화,721,43,283382
검색,2026-04-14,굿리치몰_C01,컴퓨터,755,55,278789
검색,2026-04-14,굿리치몰_운전자보험_C09,컴퓨터,665,54,247344
디스플레이,2026-04-14,굿리치몰_실비보험_20260325,휴대전화,"38,611",140,242697
검색,2026-04-14,굿리치몰_C01,휴대전화,"1,197",41,239851
검색,2026-04-14,굿리치몰_실비보험_C02,휴대전화,514,18,216494
검색,2026-04-14,굿리치몰_암보험_C03,컴퓨터,114,7,91154
검색,2026-04-14,굿리치몰_암보험_C03,휴대전화,114,8,51147
검색,2026-04-14,굿리치몰_어린이보험_C06,휴대전화,93,2,29673
검색,2026-04-14,굿리치몰_어린이보험_C06,컴퓨터,57,2,19248
검색,2026-04-14,굿리치몰_운전자보험_C09,태블릿,20,2,16953
검색,2026-04-14,굿리치몰_보장분석_C16,휴대전화,40,3,15545
검색,2026-04-14,굿리치몰_보장분석_C16,컴퓨터,40,3,14495
검색,2026-04-14,굿리치몰_암보험_C03,태블릿,3,1,6027
검색,2026-04-14,굿리치몰_치아보험_C04,컴퓨터,22,1,5733
디스플레이,2026-04-14,굿리치몰_실비보험_20260209,태블릿,87,4,5563
검색,2026-04-14,굿리치몰_치아보험_C04,휴대전화,212,2,5481
검색,2026-04-14,굿리치몰_치매보험_C07,휴대전화,37,3,5376
검색,2026-04-14,굿리치몰_어린이보험_C06,태블릿,1,0,0
검색,2026-04-14,굿리치몰_실비보험_C02,태블릿,1,0,0
검색,2026-04-14,굿리치몰_치아보험_C04,태블릿,4,0,0
검색,2026-04-14,굿리치몰_치매보험_C07,컴퓨터,5,0,0
검색,2026-04-14,굿리치몰_보장분석_C16,태블릿,1,0,0
검색,2026-04-14,굿리치몰_C01,태블릿,19,0,0
디스플레이,2026-04-14,굿리치몰_실비보험_20260325,기타,2,0,0
디스플레이,2026-04-14,굿리치몰_실비보험_20260325,태블릿,661,0,0
디스플레이,2026-04-14,굿리치몰_실비보험_20260325,TV 화면,10,0,0
검색,2026-04-15,굿리치몰_실비보험_C02,휴대전화,"1,015",45,545637
디스플레이,2026-04-15,굿리치몰_실비보험_20260209,휴대전화,"4,461",501,425570
검색,2026-04-15,굿리치몰_실비보험_C02,컴퓨터,550,24,359084
검색,2026-04-15,굿리치몰_운전자보험_C09,컴퓨터,719,62,288905
검색,2026-04-15,굿리치몰_운전자보험_C09,휴대전화,"1,107",37,256054
검색,2026-04-15,굿리치몰_C01,컴퓨터,741,57,232008
검색,2026-04-15,굿리치몰_C01,휴대전화,942,27,228114
디스플레이,2026-04-15,굿리치몰_실비보험_20260325,휴대전화,"10,813",133,209600
검색,2026-04-15,굿리치몰_암보험_C03,휴대전화,125,12,158892
검색,2026-04-15,굿리치몰_암보험_C03,컴퓨터,73,7,66272
검색,2026-04-15,굿리치몰_어린이보험_C06,휴대전화,121,6,44491
검색,2026-04-15,굿리치몰_보장분석_C16,컴퓨터,51,4,18590
검색,2026-04-15,굿리치몰_치아보험_C04,휴대전화,93,6,18456
검색,2026-04-15,굿리치몰_치아보험_C04,컴퓨터,33,3,18345
검색,2026-04-15,굿리치몰_어린이보험_C06,컴퓨터,60,2,16655
검색,2026-04-15,굿리치몰_C01,태블릿,15,4,13743
디스플레이,2026-04-15,굿리치몰_실비보험_20260209,태블릿,60,9,7735
검색,2026-04-15,굿리치몰_운전자보험_C09,태블릿,8,1,5287
검색,2026-04-15,굿리치몰_실비보험_C02,태블릿,17,1,1601
검색,2026-04-15,굿리치몰_보장분석_C16,휴대전화,35,1,1016
검색,2026-04-15,굿리치몰_어린이보험_C06,태블릿,1,0,0
검색,2026-04-15,굿리치몰_치아보험_C04,태블릿,6,0,0
검색,2026-04-15,굿리치몰_암보험_C03,태블릿,0,0,0
검색,2026-04-15,굿리치몰_치매보험_C07,컴퓨터,3,0,0
검색,2026-04-15,굿리치몰_치매보험_C07,휴대전화,43,0,0
검색,2026-04-15,굿리치몰_보장분석_C16,태블릿,0,0,0
디스플레이,2026-04-15,굿리치몰_실비보험_20260325,태블릿,180,0,0
디스플레이,2026-04-15,굿리치몰_실비보험_20260325,TV 화면,1,0,0
디스플레이,2026-04-16,굿리치몰_실비보험_20260209,휴대전화,"2,876",397,394900
검색,2026-04-16,굿리치몰_실비보험_C02,휴대전화,"1,269",33,356171
검색,2026-04-16,굿리치몰_실비보험_C02,컴퓨터,589,21,290903
검색,2026-04-16,굿리치몰_운전자보험_C09,휴대전화,959,46,280371
디스플레이,2026-04-16,굿리치몰_실비보험_20260325,휴대전화,"2,240",115,199144
검색,2026-04-16,굿리치몰_운전자보험_C09,컴퓨터,699,49,198991
검색,2026-04-16,굿리치몰_C01,컴퓨터,788,53,186852
검색,2026-04-16,굿리치몰_C01,휴대전화,947,29,180674
검색,2026-04-16,굿리치몰_암보험_C03,컴퓨터,77,7,99834
검색,2026-04-16,굿리치몰_암보험_C03,휴대전화,106,9,69805
검색,2026-04-16,굿리치몰_어린이보험_C06,컴퓨터,77,3,35649
검색,2026-04-16,굿리치몰_어린이보험_C06,휴대전화,159,4,27895
검색,2026-04-16,굿리치몰_보장분석_C16,휴대전화,40,2,18476
검색,2026-04-16,굿리치몰_보장분석_C16,컴퓨터,47,2,17045
검색,2026-04-16,굿리치몰_C01,태블릿,25,1,7369
검색,2026-04-16,굿리치몰_암보험_C03,태블릿,3,1,5331
검색,2026-04-16,굿리치몰_치아보험_C04,컴퓨터,24,1,4391
검색,2026-04-16,굿리치몰_치아보험_C04,휴대전화,58,1,3647
디스플레이,2026-04-16,굿리치몰_실비보험_20260209,태블릿,33,3,2861
검색,2026-04-16,굿리치몰_어린이보험_C06,태블릿,1,0,0
검색,2026-04-16,굿리치몰_실비보험_C02,태블릿,8,0,0
검색,2026-04-16,굿리치몰_치매보험_C07,컴퓨터,8,0,0
검색,2026-04-16,굿리치몰_치매보험_C07,휴대전화,17,0,0
검색,2026-04-16,굿리치몰_보장분석_C16,태블릿,4,0,0
검색,2026-04-16,굿리치몰_운전자보험_C09,태블릿,20,0,0
디스플레이,2026-04-16,굿리치몰_실비보험_20260325,태블릿,43,0,0
디스플레이,2026-04-17,굿리치몰_실비보험_20260209,휴대전화,"4,304",639,430786
검색,2026-04-17,굿리치몰_실비보험_C02,휴대전화,855,32,390823
검색,2026-04-17,굿리치몰_실비보험_C02,컴퓨터,484,24,374044
검색,2026-04-17,굿리치몰_C01,휴대전화,785,31,232709
검색,2026-04-17,굿리치몰_운전자보험_C09,휴대전화,620,30,198175
검색,2026-04-17,굿리치몰_운전자보험_C09,컴퓨터,604,41,180622
디스플레이,2026-04-17,굿리치몰_실비보험_20260325,휴대전화,"4,227",138,175907
검색,2026-04-17,굿리치몰_C01,컴퓨터,616,37,157851
검색,2026-04-17,굿리치몰_암보험_C03,컴퓨터,59,4,48026
검색,2026-04-17,굿리치몰_보장분석_C16,휴대전화,41,5,39313
검색,2026-04-17,굿리치몰_보장분석_C16,컴퓨터,50,4,29973
검색,2026-04-17,굿리치몰_어린이보험_C06,컴퓨터,40,3,23485
검색,2026-04-17,굿리치몰_어린이보험_C06,휴대전화,73,2,18000
검색,2026-04-17,굿리치몰_암보험_C03,휴대전화,82,3,13973
검색,2026-04-17,굿리치몰_치아보험_C04,컴퓨터,26,3,12468
검색,2026-04-17,굿리치몰_운전자보험_C09,태블릿,6,1,10124
검색,2026-04-17,굿리치몰_치매보험_C07,휴대전화,60,1,1749
디스플레이,2026-04-17,굿리치몰_실비보험_20260209,태블릿,61,1,293
검색,2026-04-17,굿리치몰_어린이보험_C06,태블릿,1,0,0
검색,2026-04-17,굿리치몰_실비보험_C02,태블릿,18,0,0
검색,2026-04-17,굿리치몰_치아보험_C04,휴대전화,60,0,0
검색,2026-04-17,굿리치몰_치아보험_C04,태블릿,1,0,0
검색,2026-04-17,굿리치몰_암보험_C03,태블릿,0,0,0
검색,2026-04-17,굿리치몰_치매보험_C07,컴퓨터,21,0,0
검색,2026-04-17,굿리치몰_치매보험_C07,태블릿,0,0,0
검색,2026-04-17,굿리치몰_C01,태블릿,26,0,0
디스플레이,2026-04-17,굿리치몰_실비보험_20260325,태블릿,73,0,0
검색,2026-04-18,굿리치몰_실비보험_C02,휴대전화,784,32,324945
검색,2026-04-18,굿리치몰_운전자보험_C09,휴대전화,870,40,269509
검색,2026-04-18,굿리치몰_C01,휴대전화,929,36,136927
검색,2026-04-18,굿리치몰_운전자보험_C09,컴퓨터,374,27,131536
검색,2026-04-18,굿리치몰_실비보험_C02,컴퓨터,289,9,125435
검색,2026-04-18,굿리치몰_C01,컴퓨터,483,12,87332
검색,2026-04-18,굿리치몰_암보험_C03,컴퓨터,42,4,69576
검색,2026-04-18,굿리치몰_암보험_C03,휴대전화,91,5,43410
검색,2026-04-18,굿리치몰_어린이보험_C06,컴퓨터,22,2,23580
검색,2026-04-18,굿리치몰_보장분석_C16,컴퓨터,16,2,18462
검색,2026-04-18,굿리치몰_치아보험_C04,휴대전화,142,4,17535
검색,2026-04-18,굿리치몰_치아보험_C04,컴퓨터,38,2,10833
검색,2026-04-18,굿리치몰_실비보험_C02,태블릿,10,1,6458
검색,2026-04-18,굿리치몰_C01,태블릿,32,1,3098
검색,2026-04-18,굿리치몰_치매보험_C07,휴대전화,149,1,498
검색,2026-04-18,굿리치몰_어린이보험_C06,휴대전화,82,0,0
검색,2026-04-18,굿리치몰_치아보험_C04,태블릿,3,0,0
검색,2026-04-18,굿리치몰_암보험_C03,태블릿,2,0,0
검색,2026-04-18,굿리치몰_치매보험_C07,컴퓨터,53,0,0
검색,2026-04-18,굿리치몰_치매보험_C07,태블릿,2,0,0
검색,2026-04-18,굿리치몰_보장분석_C16,휴대전화,15,0,0
검색,2026-04-18,굿리치몰_운전자보험_C09,태블릿,16,0,0
검색,2026-04-19,굿리치몰_실비보험_C02,휴대전화,724,28,290846
검색,2026-04-19,굿리치몰_실비보험_C02,컴퓨터,326,18,253168
검색,2026-04-19,굿리치몰_운전자보험_C09,휴대전화,662,36,216838
검색,2026-04-19,굿리치몰_C01,휴대전화,859,28,182082
검색,2026-04-19,굿리치몰_C01,컴퓨터,501,29,145139
검색,2026-04-19,굿리치몰_운전자보험_C09,컴퓨터,395,25,142136
검색,2026-04-19,굿리치몰_암보험_C03,휴대전화,93,10,117419
검색,2026-04-19,굿리치몰_암보험_C03,컴퓨터,44,4,58501
검색,2026-04-19,굿리치몰_치아보험_C04,컴퓨터,43,5,28068
검색,2026-04-19,굿리치몰_C01,태블릿,24,1,15011
검색,2026-04-19,굿리치몰_보장분석_C16,컴퓨터,20,1,14104
검색,2026-04-19,굿리치몰_치아보험_C04,휴대전화,80,4,13350
검색,2026-04-19,굿리치몰_운전자보험_C09,태블릿,28,2,11012
검색,2026-04-19,굿리치몰_어린이보험_C06,컴퓨터,40,1,8070
검색,2026-04-19,굿리치몰_치매보험_C07,휴대전화,91,1,1462
검색,2026-04-19,굿리치몰_실비보험_C02,태블릿,20,1,36
검색,2026-04-19,굿리치몰_어린이보험_C06,휴대전화,88,0,0
검색,2026-04-19,굿리치몰_어린이보험_C06,태블릿,0,0,0
검색,2026-04-19,굿리치몰_치아보험_C04,태블릿,3,0,0
검색,2026-04-19,굿리치몰_암보험_C03,태블릿,6,0,0
검색,2026-04-19,굿리치몰_치매보험_C07,컴퓨터,19,0,0
검색,2026-04-19,굿리치몰_보장분석_C16,휴대전화,11,0,0
디스플레이,2026-04-19,굿리치몰_실비보험_20260209,휴대전화,0,0,0
디스플레이,2026-04-19,굿리치몰_실비보험_20260209,태블릿,0,0,0
디스플레이,2026-04-19,굿리치몰_실비보험_20260325,휴대전화,0,0,0
디스플레이,2026-04-19,굿리치몰_실비보험_20260325,태블릿,0,0,0
검색,2026-04-20,굿리치몰_실비보험_C02,휴대전화,"1,241",56,615225
검색,2026-04-20,굿리치몰_실비보험_C02,컴퓨터,738,31,456586
디스플레이,2026-04-20,굿리치몰_실비보험_20260209,휴대전화,"51,946",108,391771
검색,2026-04-20,굿리치몰_C01,컴퓨터,825,60,316031
검색,2026-04-20,굿리치몰_운전자보험_C09,휴대전화,910,39,244804
디스플레이,2026-04-20,굿리치몰_실비보험_20260325,휴대전화,"40,273",120,244040
검색,2026-04-20,굿리치몰_운전자보험_C09,컴퓨터,702,52,227059
실적 최대화,2026-04-20,실비보험_260420,휴대전화,"14,186",261,222076
검색,2026-04-20,굿리치몰_C01,휴대전화,"1,721",25,120256
검색,2026-04-20,굿리치몰_암보험_C03,컴퓨터,106,8,119298
검색,2026-04-20,굿리치몰_암보험_C03,휴대전화,99,9,92311
검색,2026-04-20,굿리치몰_어린이보험_C06,컴퓨터,81,3,42784
검색,2026-04-20,굿리치몰_보장분석_C16,컴퓨터,53,3,25209
검색,2026-04-20,굿리치몰_운전자보험_C09,태블릿,10,2,12572
검색,2026-04-20,굿리치몰_치아보험_C04,휴대전화,817,4,12504
검색,2026-04-20,굿리치몰_치아보험_C04,컴퓨터,50,2,11238
검색,2026-04-20,굿리치몰_C01,태블릿,34,1,6789
검색,2026-04-20,굿리치몰_치매보험_C07,휴대전화,431,3,5673
실적 최대화,2026-04-20,실비보험_260420,태블릿,"2,371",18,3336
디스플레이,2026-04-20,굿리치몰_실비보험_20260209,태블릿,757,1,2276
검색,2026-04-20,굿리치몰_어린이보험_C06,휴대전화,258,1,1489
디스플레이,2026-04-20,굿리치몰_실비보험_20260325,태블릿,591,1,364
검색,2026-04-20,굿리치몰_어린이보험_C06,태블릿,1,0,0
검색,2026-04-20,굿리치몰_실비보험_C02,태블릿,15,0,0
검색,2026-04-20,굿리치몰_치아보험_C04,태블릿,2,0,0
검색,2026-04-20,굿리치몰_암보험_C03,태블릿,2,0,0
검색,2026-04-20,굿리치몰_치매보험_C07,컴퓨터,31,0,0
검색,2026-04-20,굿리치몰_치매보험_C07,태블릿,0,0,0
검색,2026-04-20,굿리치몰_보장분석_C16,휴대전화,42,0,0
검색,2026-04-20,굿리치몰_보장분석_C16,태블릿,3,0,0
디스플레이,2026-04-20,굿리치몰_실비보험_20260209,기타,14,0,0
디스플레이,2026-04-20,굿리치몰_실비보험_20260209,TV 화면,1,0,0
디스플레이,2026-04-20,굿리치몰_실비보험_20260325,기타,5,0,0
디스플레이,2026-04-20,굿리치몰_실비보험_20260325,TV 화면,6,0,0
검색,2026-04-21,굿리치몰_실비보험_C02,휴대전화,"1,049",39,460097
검색,2026-04-21,굿리치몰_실비보험_C02,컴퓨터,665,32,437190
디스플레이,2026-04-21,굿리치몰_실비보험_20260209,휴대전화,"27,302",156,356531
검색,2026-04-21,굿리치몰_운전자보험_C09,컴퓨터,791,63,296372
검색,2026-04-21,굿리치몰_운전자보험_C09,휴대전화,954,40,226988
디스플레이,2026-04-21,굿리치몰_실비보험_20260325,휴대전화,"13,435",107,186451
검색,2026-04-21,굿리치몰_암보험_C03,휴대전화,136,16,165396
검색,2026-04-21,굿리치몰_C01,컴퓨터,735,46,158720
검색,2026-04-21,굿리치몰_C01,휴대전화,"1,284",30,108290
검색,2026-04-21,굿리치몰_암보험_C03,컴퓨터,93,7,90459
검색,2026-04-21,굿리치몰_치아보험_C04,컴퓨터,63,4,29011
검색,2026-04-21,굿리치몰_보장분석_C16,컴퓨터,55,4,23994
검색,2026-04-21,굿리치몰_보장분석_C16,휴대전화,39,3,23892
검색,2026-04-21,굿리치몰_치아보험_C04,휴대전화,157,6,20491
검색,2026-04-21,굿리치몰_어린이보험_C06,컴퓨터,94,2,17605
검색,2026-04-21,굿리치몰_암보험_C03,태블릿,3,1,15866
검색,2026-04-21,굿리치몰_어린이보험_C06,휴대전화,94,2,15485
디스플레이,2026-04-21,굿리치몰_실비보험_20260209,태블릿,714,2,2260
검색,2026-04-21,굿리치몰_치매보험_C07,컴퓨터,23,1,1881
검색,2026-04-21,굿리치몰_어린이보험_C06,태블릿,2,0,0
검색,2026-04-21,굿리치몰_실비보험_C02,태블릿,11,0,0
검색,2026-04-21,굿리치몰_치아보험_C04,태블릿,9,0,0
검색,2026-04-21,굿리치몰_치매보험_C07,휴대전화,74,0,0
검색,2026-04-21,굿리치몰_치매보험_C07,태블릿,1,0,0
검색,2026-04-21,굿리치몰_보장분석_C16,태블릿,4,0,0
검색,2026-04-21,굿리치몰_C01,태블릿,16,0,0
검색,2026-04-21,굿리치몰_운전자보험_C09,태블릿,16,0,0
디스플레이,2026-04-21,굿리치몰_실비보험_20260209,기타,1,0,0
디스플레이,2026-04-21,굿리치몰_실비보험_20260209,TV 화면,3,0,0
디스플레이,2026-04-21,굿리치몰_실비보험_20260325,태블릿,216,0,0
디스플레이,2026-04-21,굿리치몰_실비보험_20260325,TV 화면,2,0,0
검색,2026-04-22,굿리치몰_실비보험_C02,휴대전화,"1,150",57,682867
검색,2026-04-22,굿리치몰_실비보험_C02,컴퓨터,650,26,404592
디스플레이,2026-04-22,굿리치몰_실비보험_20260209,휴대전화,"73,909",280,363185
검색,2026-04-22,굿리치몰_운전자보험_C09,휴대전화,765,42,253739
검색,2026-04-22,굿리치몰_C01,휴대전화,953,44,250730
검색,2026-04-22,굿리치몰_운전자보험_C09,컴퓨터,786,49,246765
검색,2026-04-22,굿리치몰_C01,컴퓨터,772,50,203055
디스플레이,2026-04-22,굿리치몰_실비보험_20260325,휴대전화,"7,777",131,173761
검색,2026-04-22,굿리치몰_암보험_C03,휴대전화,139,9,90387
검색,2026-04-22,굿리치몰_암보험_C03,컴퓨터,94,7,89131
검색,2026-04-22,굿리치몰_보장분석_C16,컴퓨터,56,4,35594
검색,2026-04-22,굿리치몰_치아보험_C04,휴대전화,158,8,28663
검색,2026-04-22,굿리치몰_어린이보험_C06,컴퓨터,63,1,20042
검색,2026-04-22,굿리치몰_어린이보험_C06,휴대전화,132,2,19866
검색,2026-04-22,굿리치몰_보장분석_C16,휴대전화,48,3,18965
검색,2026-04-22,굿리치몰_운전자보험_C09,태블릿,27,1,5744
디스플레이,2026-04-22,굿리치몰_실비보험_20260325,태블릿,112,3,4447
검색,2026-04-22,굿리치몰_치아보험_C04,컴퓨터,45,1,4388
검색,2026-04-22,굿리치몰_C01,태블릿,22,1,3089
디스플레이,2026-04-22,굿리치몰_실비보험_20260209,태블릿,"1,879",4,1348
검색,2026-04-22,굿리치몰_실비보험_C02,태블릿,23,0,0
검색,2026-04-22,굿리치몰_치아보험_C04,태블릿,7,0,0
검색,2026-04-22,굿리치몰_암보험_C03,태블릿,4,0,0
검색,2026-04-22,굿리치몰_치매보험_C07,컴퓨터,19,0,0
검색,2026-04-22,굿리치몰_치매보험_C07,휴대전화,78,0,0
검색,2026-04-22,굿리치몰_보장분석_C16,태블릿,1,0,0
실적 최대화,2026-04-22,실비보험_260420,휴대전화,0,0,0
실적 최대화,2026-04-22,실비보험_260420,태블릿,0,0,0
실적 최대화,2026-04-23,실비보험_260420,휴대전화,"85,031","1,007",1655766
검색,2026-04-23,굿리치몰_실비보험_C02,휴대전화,"1,167",62,636138
검색,2026-04-23,굿리치몰_실비보험_C02,컴퓨터,697,33,486902
검색,2026-04-23,굿리치몰_운전자보험_C09,휴대전화,870,43,253068
검색,2026-04-23,굿리치몰_C01,컴퓨터,827,54,239899
검색,2026-04-23,굿리치몰_운전자보험_C09,컴퓨터,804,51,238083
검색,2026-04-23,굿리치몰_C01,휴대전화,"1,001",34,172088
검색,2026-04-23,굿리치몰_암보험_C03,휴대전화,171,15,153682
검색,2026-04-23,굿리치몰_암보험_C03,컴퓨터,114,11,146315
검색,2026-04-23,굿리치몰_실비보험_C02,태블릿,19,2,32954
검색,2026-04-23,굿리치몰_어린이보험_C06,휴대전화,86,3,30972
검색,2026-04-23,굿리치몰_운전자보험_C09,태블릿,31,6,29061
검색,2026-04-23,굿리치몰_어린이보험_C06,컴퓨터,55,1,23691
검색,2026-04-23,굿리치몰_치아보험_C04,휴대전화,710,7,20651
검색,2026-04-23,굿리치몰_보장분석_C16,휴대전화,43,2,19702
실적 최대화,2026-04-23,실비보험_260420,태블릿,"1,746",15,18397
검색,2026-04-23,굿리치몰_보장분석_C16,컴퓨터,41,2,15835
검색,2026-04-23,굿리치몰_치아보험_C04,컴퓨터,49,1,7834
검색,2026-04-23,굿리치몰_암보험_C03,태블릿,1,1,6151
검색,2026-04-23,굿리치몰_C01,태블릿,24,1,2999
검색,2026-04-23,굿리치몰_치아보험_C04,태블릿,5,0,0
검색,2026-04-23,굿리치몰_치매보험_C07,컴퓨터,31,0,0
검색,2026-04-23,굿리치몰_치매보험_C07,휴대전화,66,0,0
검색,2026-04-23,굿리치몰_보장분석_C16,태블릿,2,0,0
실적 최대화,2026-04-24,실비보험_260420,휴대전화,"90,351","1,311",1543043
검색,2026-04-24,굿리치몰_실비보험_C02,휴대전화,"1,133",38,386610
검색,2026-04-24,굿리치몰_실비보험_C02,컴퓨터,544,25,315377
검색,2026-04-24,굿리치몰_운전자보험_C09,컴퓨터,649,51,246907
검색,2026-04-24,굿리치몰_C01,휴대전화,"1,358",66,207121
검색,2026-04-24,굿리치몰_C01,컴퓨터,869,55,205058
검색,2026-04-24,굿리치몰_운전자보험_C09,휴대전화,659,28,173330
검색,2026-04-24,굿리치몰_암보험_C03,컴퓨터,95,12,137040
검색,2026-04-24,굿리치몰_암보험_C03,휴대전화,172,11,96031
검색,2026-04-24,굿리치몰_보장분석_C16,컴퓨터,47,5,35748
검색,2026-04-24,굿리치몰_어린이보험_C06,컴퓨터,61,3,33087
검색,2026-04-24,굿리치몰_어린이보험_C06,휴대전화,115,3,31321
실적 최대화,2026-04-24,실비보험_260420,태블릿,"2,315",20,30168
검색,2026-04-24,굿리치몰_치아보험_C04,휴대전화,121,5,23766
검색,2026-04-24,굿리치몰_실비보험_C02,태블릿,25,1,9786
검색,2026-04-24,굿리치몰_치아보험_C04,컴퓨터,43,1,2932
검색,2026-04-24,굿리치몰_C01,태블릿,33,3,2243
검색,2026-04-24,굿리치몰_치매보험_C07,휴대전화,123,2,1667
검색,2026-04-24,굿리치몰_치아보험_C04,태블릿,3,0,0
검색,2026-04-24,굿리치몰_암보험_C03,태블릿,1,0,0
검색,2026-04-24,굿리치몰_치매보험_C07,컴퓨터,57,0,0
검색,2026-04-24,굿리치몰_치매보험_C07,태블릿,0,0,0
검색,2026-04-24,굿리치몰_보장분석_C16,휴대전화,30,0,0
검색,2026-04-24,굿리치몰_운전자보험_C09,태블릿,11,0,0
실적 최대화,2026-04-25,실비보험_260420,휴대전화,"42,607",976,1146428
검색,2026-04-25,굿리치몰_실비보험_C02,휴대전화,788,38,424246
검색,2026-04-25,굿리치몰_운전자보험_C09,휴대전화,849,39,236488
검색,2026-04-25,굿리치몰_C01,휴대전화,"1,428",74,187354
검색,2026-04-25,굿리치몰_실비보험_C02,컴퓨터,311,14,182248
검색,2026-04-25,굿리치몰_암보험_C03,휴대전화,150,19,148682
검색,2026-04-25,굿리치몰_C01,컴퓨터,427,24,138074
검색,2026-04-25,굿리치몰_운전자보험_C09,컴퓨터,384,23,106066
검색,2026-04-25,굿리치몰_암보험_C03,컴퓨터,52,3,53366
실적 최대화,2026-04-25,실비보험_260420,태블릿,"2,210",15,27847
검색,2026-04-25,굿리치몰_치아보험_C04,휴대전화,145,4,20785
검색,2026-04-25,굿리치몰_실비보험_C02,태블릿,9,1,18939
검색,2026-04-25,굿리치몰_치아보험_C04,컴퓨터,35,2,8129
검색,2026-04-25,굿리치몰_C01,태블릿,28,2,6579
검색,2026-04-25,굿리치몰_보장분석_C16,휴대전화,15,1,3764
검색,2026-04-25,굿리치몰_치매보험_C07,컴퓨터,70,1,2535
검색,2026-04-25,굿리치몰_치매보험_C07,휴대전화,184,1,671
검색,2026-04-25,굿리치몰_어린이보험_C06,컴퓨터,33,0,0
검색,2026-04-25,굿리치몰_어린이보험_C06,휴대전화,114,0,0
검색,2026-04-25,굿리치몰_어린이보험_C06,태블릿,1,0,0
검색,2026-04-25,굿리치몰_치아보험_C04,태블릿,2,0,0
검색,2026-04-25,굿리치몰_암보험_C03,태블릿,0,0,0
검색,2026-04-25,굿리치몰_치매보험_C07,태블릿,1,0,0
검색,2026-04-25,굿리치몰_보장분석_C16,컴퓨터,14,0,0
검색,2026-04-25,굿리치몰_운전자보험_C09,태블릿,11,0,0
실적 최대화,2026-04-26,실비보험_260420,휴대전화,"24,063",924,850775
검색,2026-04-26,굿리치몰_실비보험_C02,휴대전화,877,51,541302
검색,2026-04-26,굿리치몰_실비보험_C02,컴퓨터,340,27,346622
검색,2026-04-26,굿리치몰_C01,휴대전화,"1,639",85,209697
검색,2026-04-26,굿리치몰_운전자보험_C09,휴대전화,740,31,167097
검색,2026-04-26,굿리치몰_운전자보험_C09,컴퓨터,503,31,144717
검색,2026-04-26,굿리치몰_C01,컴퓨터,574,23,133430
검색,2026-04-26,굿리치몰_암보험_C03,휴대전화,119,14,132677
검색,2026-04-26,굿리치몰_암보험_C03,컴퓨터,89,8,96975
검색,2026-04-26,굿리치몰_치아보험_C04,휴대전화,118,5,31795
검색,2026-04-26,굿리치몰_보장분석_C16,컴퓨터,12,2,17638
검색,2026-04-26,굿리치몰_치아보험_C04,컴퓨터,48,3,16238
검색,2026-04-26,굿리치몰_실비보험_C02,태블릿,23,1,15328
검색,2026-04-26,굿리치몰_어린이보험_C06,컴퓨터,37,2,12855
실적 최대화,2026-04-26,실비보험_260420,태블릿,"1,406",10,11878
검색,2026-04-26,굿리치몰_치매보험_C07,컴퓨터,61,3,11854
검색,2026-04-26,굿리치몰_운전자보험_C09,태블릿,23,2,8396
검색,2026-04-26,굿리치몰_어린이보험_C06,휴대전화,87,1,5589
검색,2026-04-26,굿리치몰_치매보험_C07,휴대전화,126,1,1808
검색,2026-04-26,굿리치몰_C01,태블릿,44,2,473
검색,2026-04-26,굿리치몰_어린이보험_C06,태블릿,3,0,0
검색,2026-04-26,굿리치몰_치아보험_C04,태블릿,2,0,0
검색,2026-04-26,굿리치몰_암보험_C03,태블릿,9,0,0
검색,2026-04-26,굿리치몰_치매보험_C07,태블릿,2,0,0
검색,2026-04-26,굿리치몰_보장분석_C16,휴대전화,16,0,0
검색,2026-04-27,굿리치몰_실비보험_C02,휴대전화,"1,347",64,707599
검색,2026-04-27,굿리치몰_실비보험_C02,컴퓨터,819,48,662046
실적 최대화,2026-04-27,실비보험_260420,휴대전화,"9,323",536,559214
검색,2026-04-27,굿리치몰_C01,컴퓨터,"1,051",65,364490
검색,2026-04-27,굿리치몰_운전자보험_C09,컴퓨터,"1,027",61,283854
검색,2026-04-27,굿리치몰_암보험_C03,휴대전화,208,17,250806
검색,2026-04-27,굿리치몰_운전자보험_C09,휴대전화,"1,191",40,250185
검색,2026-04-27,굿리치몰_암보험_C03,컴퓨터,184,15,214765
검색,2026-04-27,굿리치몰_C01,휴대전화,"2,792",46,179781
검색,2026-04-27,굿리치몰_어린이보험_C06,컴퓨터,104,4,61728
검색,2026-04-27,굿리치몰_치아보험_C04,휴대전화,223,11,44687
검색,2026-04-27,굿리치몰_어린이보험_C06,휴대전화,112,5,30409
검색,2026-04-27,굿리치몰_치아보험_C04,컴퓨터,108,5,28496
검색,2026-04-27,굿리치몰_보장분석_C16,컴퓨터,51,3,22060
검색,2026-04-27,굿리치몰_운전자보험_C09,태블릿,26,1,5633
실적 최대화,2026-04-27,실비보험_260420,태블릿,349,0,1029
검색,2026-04-27,굿리치몰_어린이보험_C06,태블릿,2,0,0
검색,2026-04-27,굿리치몰_실비보험_C02,태블릿,19,0,0
검색,2026-04-27,굿리치몰_치아보험_C04,태블릿,1,0,0
검색,2026-04-27,굿리치몰_암보험_C03,태블릿,0,0,0
검색,2026-04-27,굿리치몰_치매보험_C07,컴퓨터,41,0,0
검색,2026-04-27,굿리치몰_치매보험_C07,휴대전화,229,0,0
검색,2026-04-27,굿리치몰_치매보험_C07,태블릿,2,0,0
검색,2026-04-27,굿리치몰_보장분석_C16,휴대전화,26,0,0
검색,2026-04-27,굿리치몰_보장분석_C16,태블릿,5,0,0
검색,2026-04-27,굿리치몰_C01,태블릿,42,0,0
실적 최대화,2026-04-28,실비보험_260420,휴대전화,"49,615",826,1146711
검색,2026-04-28,굿리치몰_실비보험_C02,휴대전화,"1,327",61,713771
검색,2026-04-28,굿리치몰_실비보험_C02,컴퓨터,859,34,560087
검색,2026-04-28,굿리치몰_C01,휴대전화,"1,536",43,318552
검색,2026-04-28,굿리치몰_운전자보험_C09,휴대전화,"1,000",49,271932
검색,2026-04-28,굿리치몰_C01,컴퓨터,"1,054",47,253738
검색,2026-04-28,굿리치몰_암보험_C03,휴대전화,174,17,203518
검색,2026-04-28,굿리치몰_운전자보험_C09,컴퓨터,876,47,191268
검색,2026-04-28,굿리치몰_암보험_C03,컴퓨터,152,9,173415
검색,2026-04-28,굿리치몰_어린이보험_C06,휴대전화,500,8,113717
검색,2026-04-28,굿리치몰_치아보험_C04,휴대전화,170,7,30502
검색,2026-04-28,굿리치몰_어린이보험_C06,컴퓨터,63,4,26796
검색,2026-04-28,굿리치몰_치아보험_C04,컴퓨터,76,4,22355
검색,2026-04-28,굿리치몰_보장분석_C16,컴퓨터,44,4,18887
실적 최대화,2026-04-28,실비보험_260420,태블릿,"1,294",16,18842
검색,2026-04-28,굿리치몰_보장분석_C16,휴대전화,23,3,13245
검색,2026-04-28,굿리치몰_치매보험_C07,컴퓨터,30,1,3204
검색,2026-04-28,굿리치몰_치매보험_C07,휴대전화,85,1,698
검색,2026-04-28,굿리치몰_어린이보험_C06,태블릿,1,0,0
검색,2026-04-28,굿리치몰_실비보험_C02,태블릿,17,0,0
검색,2026-04-28,굿리치몰_치아보험_C04,태블릿,2,0,0
검색,2026-04-28,굿리치몰_암보험_C03,태블릿,1,0,0
검색,2026-04-28,굿리치몰_치매보험_C07,태블릿,1,0,0
검색,2026-04-28,굿리치몰_보장분석_C16,태블릿,2,0,0
검색,2026-04-28,굿리치몰_C01,태블릿,27,0,0
검색,2026-04-28,굿리치몰_운전자보험_C09,태블릿,11,0,0
실적 최대화,2026-04-29,실비보험_260420,휴대전화,"32,389",512,870906
검색,2026-04-29,굿리치몰_실비보험_C02,휴대전화,"1,316",71,807853
검색,2026-04-29,굿리치몰_실비보험_C02,컴퓨터,793,44,665007
검색,2026-04-29,굿리치몰_C01,컴퓨터,"1,001",71,404370
검색,2026-04-29,굿리치몰_운전자보험_C09,휴대전화,"1,103",72,312379
검색,2026-04-29,굿리치몰_C01,휴대전화,"2,482",56,253372
검색,2026-04-29,굿리치몰_암보험_C03,컴퓨터,184,14,196803
검색,2026-04-29,굿리치몰_운전자보험_C09,컴퓨터,950,44,196696
검색,2026-04-29,굿리치몰_암보험_C03,휴대전화,235,17,162866
검색,2026-04-29,굿리치몰_치아보험_C04,휴대전화,864,7,45678
검색,2026-04-29,굿리치몰_어린이보험_C06,휴대전화,118,3,33527
검색,2026-04-29,굿리치몰_운전자보험_C09,태블릿,29,3,18114
검색,2026-04-29,굿리치몰_C01,태블릿,55,4,16599
검색,2026-04-29,굿리치몰_실비보험_C02,태블릿,24,1,16344
검색,2026-04-29,굿리치몰_치매보험_C07,휴대전화,69,3,12835
검색,2026-04-29,굿리치몰_보장분석_C16,컴퓨터,34,1,11823
검색,2026-04-29,굿리치몰_보장분석_C16,휴대전화,26,1,10082
검색,2026-04-29,굿리치몰_어린이보험_C06,컴퓨터,77,1,7866
검색,2026-04-29,굿리치몰_치매보험_C07,컴퓨터,25,1,6188
검색,2026-04-29,굿리치몰_치아보험_C04,컴퓨터,57,1,3592
실적 최대화,2026-04-29,실비보험_260420,태블릿,803,2,2390
검색,2026-04-29,굿리치몰_어린이보험_C06,태블릿,1,0,0
검색,2026-04-29,굿리치몰_치아보험_C04,태블릿,0,0,0
검색,2026-04-29,굿리치몰_암보험_C03,태블릿,5,0,0
검색,2026-04-29,굿리치몰_치매보험_C07,태블릿,1,0,0
검색,2026-04-29,굿리치몰_보장분석_C16,태블릿,2,0,0
검색,2026-04-30,굿리치몰_실비보험_C02,휴대전화,"1,367",61,644921
실적 최대화,2026-04-30,실비보험_260420,휴대전화,"99,308",739,532576
검색,2026-04-30,굿리치몰_실비보험_C02,컴퓨터,745,28,415613
검색,2026-04-30,굿리치몰_운전자보험_C09,컴퓨터,"1,046",64,349358
검색,2026-04-30,굿리치몰_C01,휴대전화,"6,093",133,344785
검색,2026-04-30,굿리치몰_운전자보험_C09,휴대전화,"1,717",70,316621
검색,2026-04-30,굿리치몰_C01,컴퓨터,"1,042",75,301962
검색,2026-04-30,굿리치몰_암보험_C03,컴퓨터,236,11,134363
검색,2026-04-30,굿리치몰_암보험_C03,휴대전화,293,13,120742
검색,2026-04-30,굿리치몰_어린이보험_C06,컴퓨터,69,6,71749
검색,2026-04-30,굿리치몰_치아보험_C04,컴퓨터,77,11,50841
검색,2026-04-30,굿리치몰_실비보험_C02,태블릿,18,3,27942
검색,2026-04-30,굿리치몰_치아보험_C04,휴대전화,201,5,17828
검색,2026-04-30,굿리치몰_어린이보험_C06,휴대전화,670,2,15828
검색,2026-04-30,굿리치몰_C01,태블릿,43,2,5423
실적 최대화,2026-04-30,실비보험_260420,태블릿,"2,272",18,5150
검색,2026-04-30,굿리치몰_운전자보험_C09,태블릿,21,1,3898
검색,2026-04-30,굿리치몰_치아보험_C04,태블릿,3,0,0
검색,2026-04-30,굿리치몰_암보험_C03,태블릿,3,0,0
검색,2026-04-30,굿리치몰_치매보험_C07,컴퓨터,19,0,0
검색,2026-04-30,굿리치몰_치매보험_C07,휴대전화,89,0,0
검색,2026-04-30,굿리치몰_보장분석_C16,컴퓨터,32,0,0
검색,2026-04-30,굿리치몰_보장분석_C16,휴대전화,39,0,0
실적 최대화,2026-05-01,실비보험_260420,휴대전화,"95,212","1,218",984404
검색,2026-05-01,굿리치몰_실비보험_C02,휴대전화,877,51,453476
검색,2026-05-01,굿리치몰_운전자보험_C09,휴대전화,"1,526",84,367250
검색,2026-05-01,굿리치몰_C01,휴대전화,"4,741",207,358302
검색,2026-05-01,굿리치몰_실비보험_C02,컴퓨터,291,19,239435
검색,2026-05-01,굿리치몰_C01,컴퓨터,506,30,132621
검색,2026-05-01,굿리치몰_운전자보험_C09,컴퓨터,464,27,128335
검색,2026-05-01,굿리치몰_치아보험_C04,휴대전화,213,15,67629
검색,2026-05-01,굿리치몰_암보험_C03,휴대전화,462,19,63822
검색,2026-05-01,굿리치몰_암보험_C03,컴퓨터,39,2,33426
실적 최대화,2026-05-01,실비보험_260420,태블릿,"1,979",42,21768
검색,2026-05-01,굿리치몰_어린이보험_C06,휴대전화,98,3,12372
검색,2026-05-01,굿리치몰_어린이보험_C06,컴퓨터,41,1,5951
검색,2026-05-01,굿리치몰_보장분석_C16,휴대전화,20,1,2751
검색,2026-05-01,굿리치몰_치매보험_C07,휴대전화,460,1,1305
검색,2026-05-01,굿리치몰_운전자보험_C09,태블릿,27,1,1155
검색,2026-05-01,굿리치몰_C01,태블릿,37,1,632
검색,2026-05-01,굿리치몰_실비보험_C02,태블릿,3,0,0
검색,2026-05-01,굿리치몰_치아보험_C04,컴퓨터,33,0,0
검색,2026-05-01,굿리치몰_치아보험_C04,태블릿,1,0,0
검색,2026-05-01,굿리치몰_암보험_C03,태블릿,11,0,0
검색,2026-05-01,굿리치몰_치매보험_C07,컴퓨터,69,0,0
검색,2026-05-01,굿리치몰_치매보험_C07,태블릿,0,0,0
검색,2026-05-01,굿리치몰_보장분석_C16,컴퓨터,13,0,0
실적 최대화,2026-05-02,실비보험_260420,휴대전화,"54,610","1,047",987389
검색,2026-05-02,굿리치몰_실비보험_C02,휴대전화,"2,535",36,319443
검색,2026-05-02,굿리치몰_운전자보험_C09,휴대전화,"1,017",48,300672
검색,2026-05-02,굿리치몰_C01,휴대전화,"1,379",58,222707
검색,2026-05-02,굿리치몰_C01,컴퓨터,485,25,149914
검색,2026-05-02,굿리치몰_실비보험_C02,컴퓨터,308,9,122116
검색,2026-05-02,굿리치몰_운전자보험_C09,컴퓨터,395,21,111361
검색,2026-05-02,굿리치몰_암보험_C03,휴대전화,468,6,65993
검색,2026-05-02,굿리치몰_암보험_C03,컴퓨터,37,4,47708
검색,2026-05-02,굿리치몰_치아보험_C04,휴대전화,145,6,38175
실적 최대화,2026-05-02,실비보험_260420,태블릿,"1,008",38,30527
검색,2026-05-02,굿리치몰_치아보험_C04,컴퓨터,30,3,30161
검색,2026-05-02,굿리치몰_운전자보험_C09,태블릿,9,2,10644
검색,2026-05-02,굿리치몰_치매보험_C07,컴퓨터,42,3,7314
검색,2026-05-02,굿리치몰_치매보험_C07,휴대전화,181,2,5722
검색,2026-05-02,굿리치몰_어린이보험_C06,휴대전화,93,1,2805
검색,2026-05-02,굿리치몰_어린이보험_C06,컴퓨터,16,0,0
검색,2026-05-02,굿리치몰_실비보험_C02,태블릿,10,0,0
검색,2026-05-02,굿리치몰_치아보험_C04,태블릿,1,0,0
검색,2026-05-02,굿리치몰_암보험_C03,태블릿,0,0,0
검색,2026-05-02,굿리치몰_치매보험_C07,태블릿,1,0,0
검색,2026-05-02,굿리치몰_보장분석_C16,컴퓨터,10,0,0
검색,2026-05-02,굿리치몰_보장분석_C16,휴대전화,11,0,0
검색,2026-05-02,굿리치몰_C01,태블릿,15,0,0
실적 최대화,2026-05-03,실비보험_260420,휴대전화,"44,191",997,972243
검색,2026-05-03,굿리치몰_운전자보험_C09,휴대전화,976,49,288798
검색,2026-05-03,굿리치몰_실비보험_C02,휴대전화,838,33,271739
검색,2026-05-03,굿리치몰_실비보험_C02,컴퓨터,392,13,189645
검색,2026-05-03,굿리치몰_C01,컴퓨터,508,22,166994
검색,2026-05-03,굿리치몰_C01,휴대전화,"1,626",60,150275
검색,2026-05-03,굿리치몰_운전자보험_C09,컴퓨터,535,31,133624
검색,2026-05-03,굿리치몰_암보험_C03,휴대전화,299,12,95752
검색,2026-05-03,굿리치몰_암보험_C03,컴퓨터,64,6,85478
검색,2026-05-03,굿리치몰_치아보험_C04,휴대전화,130,7,40152
실적 최대화,2026-05-03,실비보험_260420,태블릿,925,37,30362
검색,2026-05-03,굿리치몰_치아보험_C04,컴퓨터,25,5,29128
검색,2026-05-03,굿리치몰_보장분석_C16,컴퓨터,16,1,16843
검색,2026-05-03,굿리치몰_어린이보험_C06,휴대전화,119,1,11882
검색,2026-05-03,굿리치몰_치매보험_C07,휴대전화,129,5,10022
검색,2026-05-03,굿리치몰_어린이보험_C06,컴퓨터,30,1,5330
검색,2026-05-03,굿리치몰_치매보험_C07,컴퓨터,44,1,2405
검색,2026-05-03,굿리치몰_어린이보험_C06,태블릿,0,0,0
검색,2026-05-03,굿리치몰_실비보험_C02,태블릿,22,0,0
검색,2026-05-03,굿리치몰_치아보험_C04,태블릿,6,0,0
검색,2026-05-03,굿리치몰_암보험_C03,태블릿,5,0,0
검색,2026-05-03,굿리치몰_치매보험_C07,태블릿,1,0,0
검색,2026-05-03,굿리치몰_보장분석_C16,휴대전화,24,0,0
검색,2026-05-03,굿리치몰_보장분석_C16,태블릿,0,0,0
검색,2026-05-03,굿리치몰_C01,태블릿,27,0,0
검색,2026-05-03,굿리치몰_운전자보험_C09,태블릿,15,0,0
실적 최대화,2026-05-04,실비보험_260420,휴대전화,"23,655",805,785887
검색,2026-05-04,굿리치몰_실비보험_C02,휴대전화,"1,465",72,701455
검색,2026-05-04,굿리치몰_실비보험_C02,컴퓨터,740,30,497001
검색,2026-05-04,굿리치몰_운전자보험_C09,휴대전화,"2,320",67,397723
검색,2026-05-04,굿리치몰_C01,휴대전화,"2,152",104,394331
검색,2026-05-04,굿리치몰_운전자보험_C09,컴퓨터,"1,183",71,374801
검색,2026-05-04,굿리치몰_C01,컴퓨터,951,53,285790
검색,2026-05-04,굿리치몰_암보험_C03,컴퓨터,124,12,220931
검색,2026-05-04,굿리치몰_암보험_C03,휴대전화,"1,025",19,215910
검색,2026-05-04,굿리치몰_어린이보험_C06,컴퓨터,79,5,47690
검색,2026-05-04,굿리치몰_치아보험_C04,컴퓨터,84,8,45493
검색,2026-05-04,굿리치몰_운전자보험_C09,태블릿,47,4,24838
검색,2026-05-04,굿리치몰_실비보험_C02,태블릿,18,2,22287
검색,2026-05-04,굿리치몰_보장분석_C16,컴퓨터,31,2,17335
검색,2026-05-04,굿리치몰_치매보험_C07,컴퓨터,70,5,16196
실적 최대화,2026-05-04,실비보험_260420,태블릿,520,15,15093
검색,2026-05-04,굿리치몰_치아보험_C04,휴대전화,205,3,14294
검색,2026-05-04,굿리치몰_치매보험_C07,휴대전화,131,3,8168
검색,2026-05-04,굿리치몰_보장분석_C16,휴대전화,21,1,7515
검색,2026-05-04,굿리치몰_치아보험_C04,태블릿,3,1,5384
검색,2026-05-04,굿리치몰_C01,태블릿,31,1,2267
검색,2026-05-04,굿리치몰_어린이보험_C06,휴대전화,133,1,2048
검색,2026-05-04,굿리치몰_어린이보험_C06,태블릿,1,0,0
검색,2026-05-04,굿리치몰_암보험_C03,태블릿,4,0,0
검색,2026-05-04,굿리치몰_치매보험_C07,태블릿,4,0,0
검색,2026-05-04,굿리치몰_보장분석_C16,태블릿,4,0,0
실적 최대화,2026-05-05,실비보험_260420,휴대전화,"32,590",713,751521
검색,2026-05-05,굿리치몰_실비보험_C02,휴대전화,"1,201",69,546597
검색,2026-05-05,굿리치몰_운전자보험_C09,휴대전화,"1,321",73,366797
검색,2026-05-05,굿리치몰_C01,휴대전화,"1,937",103,346592
검색,2026-05-05,굿리치몰_실비보험_C02,컴퓨터,420,26,306092
검색,2026-05-05,굿리치몰_C01,컴퓨터,591,36,195034
검색,2026-05-05,굿리치몰_암보험_C03,컴퓨터,100,9,163411
검색,2026-05-05,굿리치몰_암보험_C03,휴대전화,560,14,137857
검색,2026-05-05,굿리치몰_운전자보험_C09,컴퓨터,593,24,128037
검색,2026-05-05,굿리치몰_치아보험_C04,휴대전화,138,7,49108
검색,2026-05-05,굿리치몰_어린이보험_C06,휴대전화,153,7,43732
검색,2026-05-05,굿리치몰_어린이보험_C06,컴퓨터,64,2,26471
검색,2026-05-05,굿리치몰_치아보험_C04,컴퓨터,53,4,23364
실적 최대화,2026-05-05,실비보험_260420,태블릿,643,19,15818
검색,2026-05-05,굿리치몰_보장분석_C16,휴대전화,20,2,14390
검색,2026-05-05,굿리치몰_실비보험_C02,태블릿,18,1,10712
검색,2026-05-05,굿리치몰_운전자보험_C09,태블릿,36,2,9724
검색,2026-05-05,굿리치몰_보장분석_C16,컴퓨터,21,2,6578
검색,2026-05-05,굿리치몰_치아보험_C04,태블릿,3,1,4064
검색,2026-05-05,굿리치몰_C01,태블릿,34,1,2692
검색,2026-05-05,굿리치몰_치매보험_C07,휴대전화,146,2,1461
검색,2026-05-05,굿리치몰_치매보험_C07,컴퓨터,78,0,0
검색,2026-05-05,굿리치몰_보장분석_C16,태블릿,0,0,0
실적 최대화,2026-05-06,실비보험_260420,휴대전화,"23,199",665,736243
검색,2026-05-06,굿리치몰_실비보험_C02,휴대전화,"1,384",67,624245
검색,2026-05-06,굿리치몰_실비보험_C02,컴퓨터,890,35,480640
검색,2026-05-06,굿리치몰_운전자보험_C09,휴대전화,643,51,344062
검색,2026-05-06,굿리치몰_C01,컴퓨터,973,52,339393
검색,2026-05-06,굿리치몰_운전자보험_C09,컴퓨터,707,54,250676
검색,2026-05-06,굿리치몰_암보험_C03,휴대전화,343,22,219478
검색,2026-05-06,굿리치몰_C01,휴대전화,"3,702",41,205809
검색,2026-05-06,굿리치몰_암보험_C03,컴퓨터,123,8,97143
검색,2026-05-06,굿리치몰_치아보험_C04,휴대전화,180,9,70040
검색,2026-05-06,굿리치몰_어린이보험_C06,휴대전화,122,8,63228
검색,2026-05-06,굿리치몰_치아보험_C04,컴퓨터,60,4,23634
검색,2026-05-06,굿리치몰_어린이보험_C06,컴퓨터,70,3,23308
검색,2026-05-06,굿리치몰_보장분석_C16,휴대전화,24,2,17850
실적 최대화,2026-05-06,실비보험_260420,태블릿,521,6,15478
검색,2026-05-06,굿리치몰_보장분석_C16,컴퓨터,27,2,11439
검색,2026-05-06,굿리치몰_실비보험_C02,태블릿,23,1,6308
검색,2026-05-06,굿리치몰_치아보험_C04,태블릿,5,0,0
검색,2026-05-06,굿리치몰_치매보험_C07,컴퓨터,25,0,0
검색,2026-05-06,굿리치몰_치매보험_C07,휴대전화,51,0,0
검색,2026-05-06,굿리치몰_보장분석_C16,태블릿,4,0,0
검색,2026-05-06,굿리치몰_C01,태블릿,24,0,0
검색,2026-05-06,굿리치몰_운전자보험_C09,태블릿,6,0,0
실적 최대화,2026-05-07,실비보험_260420,휴대전화,"53,169",655,793893
검색,2026-05-07,굿리치몰_실비보험_C02,휴대전화,"1,057",49,550817
검색,2026-05-07,굿리치몰_실비보험_C02,컴퓨터,676,32,471047
검색,2026-05-07,굿리치몰_운전자보험_C09,컴퓨터,529,58,286330
검색,2026-05-07,굿리치몰_운전자보험_C09,휴대전화,464,38,276009
검색,2026-05-07,굿리치몰_C01,휴대전화,"1,615",45,255196
검색,2026-05-07,굿리치몰_C01,컴퓨터,858,52,216816
검색,2026-05-07,굿리치몰_암보험_C03,휴대전화,235,18,178962
검색,2026-05-07,굿리치몰_암보험_C03,컴퓨터,111,13,156981
검색,2026-05-07,굿리치몰_어린이보험_C06,컴퓨터,70,5,42736
검색,2026-05-07,굿리치몰_치아보험_C04,컴퓨터,65,5,38358
검색,2026-05-07,굿리치몰_보장분석_C16,컴퓨터,50,4,37410
검색,2026-05-07,굿리치몰_치아보험_C04,휴대전화,164,5,25336
검색,2026-05-07,굿리치몰_보장분석_C16,휴대전화,40,3,20089
검색,2026-05-07,굿리치몰_어린이보험_C06,휴대전화,101,1,10440
검색,2026-05-07,굿리치몰_운전자보험_C09,태블릿,16,1,6701
실적 최대화,2026-05-07,실비보험_260420,태블릿,"1,042",10,4271
검색,2026-05-07,굿리치몰_실비보험_C02,태블릿,23,0,0
검색,2026-05-07,굿리치몰_치아보험_C04,태블릿,16,0,0
검색,2026-05-07,굿리치몰_암보험_C03,태블릿,2,0,0
검색,2026-05-07,굿리치몰_치매보험_C07,컴퓨터,24,0,0
검색,2026-05-07,굿리치몰_치매보험_C07,휴대전화,117,0,0
검색,2026-05-07,굿리치몰_보장분석_C16,태블릿,3,0,0
검색,2026-05-07,굿리치몰_C01,태블릿,16,0,0
실적 최대화,2026-05-08,실비보험_260420,휴대전화,"106,294","1,145",1060300
검색,2026-05-08,굿리치몰_실비보험_C02,휴대전화,"1,061",70,770440
검색,2026-05-08,굿리치몰_실비보험_C02,컴퓨터,599,29,380938
검색,2026-05-08,굿리치몰_C01,컴퓨터,909,64,340320
검색,2026-05-08,굿리치몰_C01,휴대전화,"2,858",103,300415
검색,2026-05-08,굿리치몰_운전자보험_C09,휴대전화,531,43,241217
검색,2026-05-08,굿리치몰_운전자보험_C09,컴퓨터,509,40,208996
검색,2026-05-08,굿리치몰_암보험_C03,휴대전화,279,18,198800
검색,2026-05-08,굿리치몰_암보험_C03,컴퓨터,143,10,133332
검색,2026-05-08,굿리치몰_치아보험_C04,휴대전화,198,10,72359
검색,2026-05-08,굿리치몰_치아보험_C04,컴퓨터,106,6,30887
실적 최대화,2026-05-08,실비보험_260420,태블릿,"2,401",26,27974
검색,2026-05-08,굿리치몰_어린이보험_C06,휴대전화,115,1,19643
검색,2026-05-08,굿리치몰_보장분석_C16,휴대전화,19,2,15691
검색,2026-05-08,굿리치몰_어린이보험_C06,컴퓨터,52,2,12485
검색,2026-05-08,굿리치몰_치매보험_C07,휴대전화,183,3,7529
검색,2026-05-08,굿리치몰_C01,태블릿,24,1,6195
검색,2026-05-08,굿리치몰_보장분석_C16,컴퓨터,25,2,5919
검색,2026-05-08,굿리치몰_운전자보험_C09,태블릿,19,1,1902
검색,2026-05-08,굿리치몰_실비보험_C02,태블릿,9,0,0
검색,2026-05-08,굿리치몰_치아보험_C04,태블릿,3,0,0
검색,2026-05-08,굿리치몰_암보험_C03,태블릿,6,0,0
검색,2026-05-08,굿리치몰_치매보험_C07,컴퓨터,32,0,0
검색,2026-05-08,굿리치몰_보장분석_C16,태블릿,2,0,0
실적 최대화,2026-05-09,실비보험_260420,휴대전화,"44,462",595,842374
검색,2026-05-09,굿리치몰_실비보험_C02,휴대전화,852,49,514366
검색,2026-05-09,굿리치몰_C01,휴대전화,"1,933",233,432161
검색,2026-05-09,굿리치몰_운전자보험_C09,휴대전화,781,50,213214
검색,2026-05-09,굿리치몰_C01,컴퓨터,595,25,208636
검색,2026-05-09,굿리치몰_실비보험_C02,컴퓨터,301,15,163866
검색,2026-05-09,굿리치몰_운전자보험_C09,컴퓨터,296,29,156003
검색,2026-05-09,굿리치몰_암보험_C03,휴대전화,285,22,71222
검색,2026-05-09,굿리치몰_치아보험_C04,휴대전화,217,8,51472
검색,2026-05-09,굿리치몰_암보험_C03,컴퓨터,70,5,48596
검색,2026-05-09,굿리치몰_어린이보험_C06,휴대전화,76,4,44816
실적 최대화,2026-05-09,실비보험_260420,태블릿,"1,013",25,24136
검색,2026-05-09,굿리치몰_보장분석_C16,휴대전화,38,2,13180
검색,2026-05-09,굿리치몰_어린이보험_C06,컴퓨터,30,1,10735
검색,2026-05-09,굿리치몰_실비보험_C02,태블릿,17,1,10151
검색,2026-05-09,굿리치몰_치매보험_C07,휴대전화,316,9,9211
검색,2026-05-09,굿리치몰_보장분석_C16,컴퓨터,20,1,8152
검색,2026-05-09,굿리치몰_C01,태블릿,27,5,6369
검색,2026-05-09,굿리치몰_치아보험_C04,컴퓨터,33,1,6120
검색,2026-05-09,굿리치몰_치매보험_C07,컴퓨터,108,1,6011
검색,2026-05-09,굿리치몰_치아보험_C04,태블릿,2,0,0
검색,2026-05-09,굿리치몰_암보험_C03,태블릿,3,0,0
검색,2026-05-09,굿리치몰_보장분석_C16,태블릿,3,0,0
검색,2026-05-09,굿리치몰_운전자보험_C09,태블릿,11,0,0
실적 최대화,2026-05-10,실비보험_260420,휴대전화,"71,053",715,716591
검색,2026-05-10,굿리치몰_실비보험_C02,휴대전화,715,38,340964
검색,2026-05-10,굿리치몰_운전자보험_C09,휴대전화,826,46,283931
검색,2026-05-10,굿리치몰_C01,휴대전화,863,37,262483
검색,2026-05-10,굿리치몰_실비보험_C02,컴퓨터,306,17,233595
검색,2026-05-10,굿리치몰_암보험_C03,휴대전화,285,20,225755
검색,2026-05-10,굿리치몰_C01,컴퓨터,577,29,181233
검색,2026-05-10,굿리치몰_운전자보험_C09,컴퓨터,427,29,151863
검색,2026-05-10,굿리치몰_암보험_C03,컴퓨터,106,8,145030
검색,2026-05-10,굿리치몰_치아보험_C04,휴대전화,165,9,43371
실적 최대화,2026-05-10,실비보험_260420,태블릿,"1,838",43,38776
검색,2026-05-10,굿리치몰_치아보험_C04,컴퓨터,40,2,12204
검색,2026-05-10,굿리치몰_실비보험_C02,태블릿,19,1,7716
검색,2026-05-10,굿리치몰_어린이보험_C06,휴대전화,75,1,7396
검색,2026-05-10,굿리치몰_보장분석_C16,컴퓨터,29,1,7231
검색,2026-05-10,굿리치몰_운전자보험_C09,태블릿,15,1,5720
검색,2026-05-10,굿리치몰_어린이보험_C06,컴퓨터,53,1,5398
검색,2026-05-10,굿리치몰_치매보험_C07,휴대전화,170,1,2965
검색,2026-05-10,굿리치몰_어린이보험_C06,태블릿,1,0,0
검색,2026-05-10,굿리치몰_치아보험_C04,태블릿,4,0,0
검색,2026-05-10,굿리치몰_암보험_C03,태블릿,1,0,0
검색,2026-05-10,굿리치몰_치매보험_C07,컴퓨터,57,0,0
검색,2026-05-10,굿리치몰_보장분석_C16,휴대전화,10,0,0
검색,2026-05-10,굿리치몰_보장분석_C16,태블릿,2,0,0
검색,2026-05-10,굿리치몰_C01,태블릿,11,0,0
실적 최대화,2026-05-11,실비보험_260420,휴대전화,"104,351","1,035",975218
검색,2026-05-11,굿리치몰_실비보험_C02,컴퓨터,714,36,558049
검색,2026-05-11,굿리치몰_실비보험_C02,휴대전화,"1,184",44,454633
검색,2026-05-11,굿리치몰_C01,컴퓨터,"1,140",69,368643
검색,2026-05-11,굿리치몰_C01,휴대전화,"2,124",49,330816
검색,2026-05-11,굿리치몰_운전자보험_C09,휴대전화,491,45,253126
검색,2026-05-11,굿리치몰_암보험_C03,컴퓨터,160,15,223011
검색,2026-05-11,굿리치몰_운전자보험_C09,컴퓨터,498,52,209920
검색,2026-05-11,굿리치몰_암보험_C03,휴대전화,801,21,204302
검색,2026-05-11,굿리치몰_치아보험_C04,휴대전화,186,11,73608
검색,2026-05-11,굿리치몰_보장분석_C16,컴퓨터,78,6,54262
실적 최대화,2026-05-11,실비보험_260420,태블릿,"3,228",25,38329
검색,2026-05-11,굿리치몰_보장분석_C16,휴대전화,63,3,33806
검색,2026-05-11,굿리치몰_치아보험_C04,컴퓨터,87,4,29717
검색,2026-05-11,굿리치몰_실비보험_C02,태블릿,13,2,22996
검색,2026-05-11,굿리치몰_어린이보험_C06,컴퓨터,78,4,20417
검색,2026-05-11,굿리치몰_어린이보험_C06,휴대전화,322,2,14914
검색,2026-05-11,굿리치몰_C01,태블릿,24,1,3030
검색,2026-05-11,굿리치몰_어린이보험_C06,태블릿,0,0,0
검색,2026-05-11,굿리치몰_치아보험_C04,태블릿,4,0,0
검색,2026-05-11,굿리치몰_암보험_C03,태블릿,6,0,0
검색,2026-05-11,굿리치몰_치매보험_C07,컴퓨터,15,0,0
검색,2026-05-11,굿리치몰_치매보험_C07,휴대전화,34,0,0
검색,2026-05-11,굿리치몰_보장분석_C16,태블릿,0,0,0
검색,2026-05-11,굿리치몰_운전자보험_C09,태블릿,15,0,0
실적 최대화,2026-05-12,실비보험_260420,휴대전화,"124,439","1,099",1004543
검색,2026-05-12,굿리치몰_실비보험_C02,휴대전화,"1,163",52,520441
검색,2026-05-12,굿리치몰_실비보험_C02,컴퓨터,662,33,477680
검색,2026-05-12,굿리치몰_C01,컴퓨터,919,73,321990
검색,2026-05-12,굿리치몰_운전자보험_C09,휴대전화,602,39,269557
검색,2026-05-12,굿리치몰_운전자보험_C09,컴퓨터,656,45,228304
검색,2026-05-12,굿리치몰_C01,휴대전화,852,31,191294
검색,2026-05-12,굿리치몰_암보험_C03,컴퓨터,162,9,155390
검색,2026-05-12,굿리치몰_암보험_C03,휴대전화,502,8,120804
검색,2026-05-12,굿리치몰_치아보험_C04,휴대전화,181,7,41940
검색,2026-05-12,굿리치몰_어린이보험_C06,컴퓨터,52,5,39469
검색,2026-05-12,굿리치몰_실비보험_C02,태블릿,15,2,28882
검색,2026-05-12,굿리치몰_보장분석_C16,컴퓨터,54,2,17966
검색,2026-05-12,굿리치몰_어린이보험_C06,휴대전화,143,3,16682
검색,2026-05-12,굿리치몰_C01,태블릿,19,2,15170
실적 최대화,2026-05-12,실비보험_260420,태블릿,"3,042",17,8844
검색,2026-05-12,굿리치몰_치아보험_C04,컴퓨터,54,1,7943
검색,2026-05-12,굿리치몰_보장분석_C16,휴대전화,35,2,5947
검색,2026-05-12,굿리치몰_치매보험_C07,컴퓨터,22,1,4006
검색,2026-05-12,굿리치몰_운전자보험_C09,태블릿,12,1,3878
검색,2026-05-12,굿리치몰_어린이보험_C06,태블릿,2,0,0
검색,2026-05-12,굿리치몰_치아보험_C04,태블릿,1,0,0
검색,2026-05-12,굿리치몰_암보험_C03,태블릿,3,0,0
검색,2026-05-12,굿리치몰_치매보험_C07,휴대전화,36,0,0
검색,2026-05-12,굿리치몰_치매보험_C07,태블릿,0,0,0
검색,2026-05-12,굿리치몰_보장분석_C16,태블릿,3,0,0
실적 최대화,2026-05-13,실비보험_260420,휴대전화,"58,821",565,694571
검색,2026-05-13,굿리치몰_실비보험_C02,휴대전화,"1,051",32,404288
검색,2026-05-13,굿리치몰_실비보험_C02,컴퓨터,588,26,351433
검색,2026-05-13,굿리치몰_운전자보험_C09,컴퓨터,835,63,330336
검색,2026-05-13,굿리치몰_C01,컴퓨터,761,74,298206
검색,2026-05-13,굿리치몰_운전자보험_C09,휴대전화,721,39,245030
검색,2026-05-13,굿리치몰_C01,휴대전화,702,35,243935
검색,2026-05-13,굿리치몰_암보험_C03,휴대전화,287,17,201493
검색,2026-05-13,굿리치몰_암보험_C03,컴퓨터,152,11,164447
검색,2026-05-13,굿리치몰_어린이보험_C06,휴대전화,344,5,46219
검색,2026-05-13,굿리치몰_치아보험_C04,휴대전화,178,7,40634
검색,2026-05-13,굿리치몰_실비보험_C02,태블릿,16,1,17668
검색,2026-05-13,굿리치몰_보장분석_C16,컴퓨터,45,1,16636
검색,2026-05-13,굿리치몰_어린이보험_C06,컴퓨터,38,1,6362
실적 최대화,2026-05-13,실비보험_260420,태블릿,"1,510",9,6160
검색,2026-05-13,굿리치몰_치아보험_C04,컴퓨터,35,1,4744
검색,2026-05-13,굿리치몰_어린이보험_C06,태블릿,0,0,0
검색,2026-05-13,굿리치몰_치아보험_C04,태블릿,1,0,0
검색,2026-05-13,굿리치몰_암보험_C03,태블릿,1,0,0
검색,2026-05-13,굿리치몰_치매보험_C07,컴퓨터,23,0,0
검색,2026-05-13,굿리치몰_치매보험_C07,휴대전화,31,0,0
검색,2026-05-13,굿리치몰_치매보험_C07,태블릿,3,0,0
검색,2026-05-13,굿리치몰_보장분석_C16,휴대전화,21,0,0
검색,2026-05-13,굿리치몰_보장분석_C16,태블릿,2,0,0
검색,2026-05-13,굿리치몰_C01,태블릿,19,0,0
검색,2026-05-13,굿리치몰_운전자보험_C09,태블릿,24,0,0
실적 최대화,2026-05-14,실비보험_260420,휴대전화,"126,620","1,503",1038707
검색,2026-05-14,굿리치몰_실비보험_C02,휴대전화,980,51,620035
검색,2026-05-14,굿리치몰_실비보험_C02,컴퓨터,697,21,325433
검색,2026-05-14,굿리치몰_운전자보험_C09,휴대전화,761,35,259563
검색,2026-05-14,굿리치몰_운전자보험_C09,컴퓨터,820,50,242582
검색,2026-05-14,굿리치몰_암보험_C03,컴퓨터,115,13,232108
검색,2026-05-14,굿리치몰_C01,휴대전화,679,29,206583
검색,2026-05-14,굿리치몰_C01,컴퓨터,643,45,204688
검색,2026-05-14,굿리치몰_암보험_C03,휴대전화,291,14,128979
검색,2026-05-14,굿리치몰_보장분석_C16,컴퓨터,59,3,27369
검색,2026-05-14,굿리치몰_치아보험_C04,휴대전화,92,2,22679
검색,2026-05-14,굿리치몰_실비보험_C02,태블릿,14,1,15396
검색,2026-05-14,굿리치몰_어린이보험_C06,휴대전화,182,2,11984
실적 최대화,2026-05-14,실비보험_260420,태블릿,"4,008",37,11671
검색,2026-05-14,굿리치몰_보장분석_C16,휴대전화,27,1,11385
검색,2026-05-14,굿리치몰_암보험_C03,태블릿,3,1,11345
검색,2026-05-14,굿리치몰_치아보험_C04,컴퓨터,37,1,10398
검색,2026-05-14,굿리치몰_운전자보험_C09,태블릿,22,1,4906
검색,2026-05-14,굿리치몰_어린이보험_C06,컴퓨터,60,1,3876
검색,2026-05-14,굿리치몰_치매보험_C07,컴퓨터,21,1,3169
검색,2026-05-14,굿리치몰_어린이보험_C06,태블릿,1,0,0
검색,2026-05-14,굿리치몰_치매보험_C07,휴대전화,51,0,0
검색,2026-05-14,굿리치몰_C01,태블릿,12,0,0
실적 최대화,2026-05-15,실비보험_260420,휴대전화,"209,785","3,525",980468
검색,2026-05-15,굿리치몰_실비보험_C02,컴퓨터,542,26,353932
검색,2026-05-15,굿리치몰_실비보험_C02,휴대전화,848,27,329546
검색,2026-05-15,굿리치몰_운전자보험_C09,컴퓨터,627,45,210985
검색,2026-05-15,굿리치몰_운전자보험_C09,휴대전화,801,24,184194
검색,2026-05-15,굿리치몰_C01,휴대전화,789,25,174267
검색,2026-05-15,굿리치몰_암보험_C03,컴퓨터,123,10,168931
검색,2026-05-15,굿리치몰_C01,컴퓨터,593,47,157164
검색,2026-05-15,굿리치몰_암보험_C03,휴대전화,222,14,88696
검색,2026-05-15,굿리치몰_치아보험_C04,휴대전화,92,3,28233
검색,2026-05-15,굿리치몰_보장분석_C16,컴퓨터,52,3,27428
검색,2026-05-15,굿리치몰_C01,태블릿,29,3,21325
검색,2026-05-15,굿리치몰_치아보험_C04,컴퓨터,23,2,19207
검색,2026-05-15,굿리치몰_어린이보험_C06,컴퓨터,42,3,18792
실적 최대화,2026-05-15,실비보험_260420,태블릿,"3,225",29,11998
검색,2026-05-15,굿리치몰_보장분석_C16,휴대전화,21,2,11546
검색,2026-05-15,굿리치몰_어린이보험_C06,휴대전화,127,2,7431
검색,2026-05-15,굿리치몰_운전자보험_C09,태블릿,15,1,6131
검색,2026-05-15,굿리치몰_실비보험_C02,태블릿,18,0,0
검색,2026-05-15,굿리치몰_암보험_C03,태블릿,4,0,0
검색,2026-05-15,굿리치몰_치매보험_C07,컴퓨터,10,0,0
검색,2026-05-15,굿리치몰_치매보험_C07,휴대전화,100,0,0
검색,2026-05-15,굿리치몰_보장분석_C16,태블릿,0,0,0
실적 최대화,2026-05-16,실비보험_260420,휴대전화,"113,799","2,205",903428
검색,2026-05-16,굿리치몰_실비보험_C02,휴대전화,805,41,380966
검색,2026-05-16,굿리치몰_실비보험_C02,컴퓨터,280,16,215201
검색,2026-05-16,굿리치몰_암보험_C03,휴대전화,283,22,182118
검색,2026-05-16,굿리치몰_C01,컴퓨터,438,36,172744
검색,2026-05-16,굿리치몰_운전자보험_C09,휴대전화,717,26,137152
검색,2026-05-16,굿리치몰_암보험_C03,컴퓨터,115,6,117668
검색,2026-05-16,굿리치몰_C01,휴대전화,929,11,91242
검색,2026-05-16,굿리치몰_운전자보험_C09,컴퓨터,385,17,81046
검색,2026-05-16,굿리치몰_어린이보험_C06,컴퓨터,31,4,36510
검색,2026-05-16,굿리치몰_보장분석_C16,휴대전화,27,2,12502
검색,2026-05-16,굿리치몰_치아보험_C04,휴대전화,95,4,9780
검색,2026-05-16,굿리치몰_운전자보험_C09,태블릿,12,1,9348
검색,2026-05-16,굿리치몰_실비보험_C02,태블릿,16,2,8718
검색,2026-05-16,굿리치몰_치매보험_C07,컴퓨터,44,2,8620
실적 최대화,2026-05-16,실비보험_260420,태블릿,"1,403",23,8038
검색,2026-05-16,굿리치몰_치아보험_C04,컴퓨터,13,1,7955
검색,2026-05-16,굿리치몰_치매보험_C07,휴대전화,181,3,4764
검색,2026-05-16,굿리치몰_보장분석_C16,컴퓨터,23,1,865
검색,2026-05-16,굿리치몰_어린이보험_C06,휴대전화,128,0,0
검색,2026-05-16,굿리치몰_암보험_C03,태블릿,3,0,0
검색,2026-05-16,굿리치몰_치매보험_C07,태블릿,1,0,0
검색,2026-05-16,굿리치몰_보장분석_C16,태블릿,1,0,0
검색,2026-05-16,굿리치몰_C01,태블릿,16,0,0
실적 최대화,2026-05-17,실비보험_260420,휴대전화,"52,098",580,589231
검색,2026-05-17,굿리치몰_실비보험_C02,컴퓨터,283,20,285744
검색,2026-05-17,굿리치몰_실비보험_C02,휴대전화,703,32,281935
검색,2026-05-17,굿리치몰_C01,휴대전화,604,22,198206
검색,2026-05-17,굿리치몰_운전자보험_C09,컴퓨터,560,42,193570
검색,2026-05-17,굿리치몰_운전자보험_C09,휴대전화,577,24,154686
검색,2026-05-17,굿리치몰_암보험_C03,휴대전화,193,11,149913
검색,2026-05-17,굿리치몰_암보험_C03,컴퓨터,106,6,116357
검색,2026-05-17,굿리치몰_C01,컴퓨터,398,14,81456
검색,2026-05-17,굿리치몰_어린이보험_C06,컴퓨터,32,4,48547
검색,2026-05-17,굿리치몰_치아보험_C04,휴대전화,101,8,38802
검색,2026-05-17,굿리치몰_치아보험_C04,컴퓨터,19,3,19107
검색,2026-05-17,굿리치몰_보장분석_C16,컴퓨터,31,3,15308
검색,2026-05-17,굿리치몰_어린이보험_C06,휴대전화,121,3,12060
검색,2026-05-17,굿리치몰_어린이보험_C06,태블릿,2,1,6824
검색,2026-05-17,굿리치몰_치매보험_C07,휴대전화,57,3,6806
실적 최대화,2026-05-17,실비보험_260420,태블릿,"1,384",17,6707
검색,2026-05-17,굿리치몰_보장분석_C16,휴대전화,23,1,5825
검색,2026-05-17,굿리치몰_운전자보험_C09,태블릿,14,1,3248
검색,2026-05-17,굿리치몰_실비보험_C02,태블릿,8,0,0
검색,2026-05-17,굿리치몰_치아보험_C04,태블릿,1,0,0
검색,2026-05-17,굿리치몰_암보험_C03,태블릿,4,0,0
검색,2026-05-17,굿리치몰_치매보험_C07,컴퓨터,41,0,0
검색,2026-05-17,굿리치몰_치매보험_C07,태블릿,3,0,0
검색,2026-05-17,굿리치몰_보장분석_C16,태블릿,0,0,0
검색,2026-05-17,굿리치몰_C01,태블릿,7,0,0
실적 최대화,2026-05-18,실비보험_260420,휴대전화,"176,397","1,669",1290523
검색,2026-05-18,굿리치몰_실비보험_C02,컴퓨터,618,41,610393
검색,2026-05-18,굿리치몰_실비보험_C02,휴대전화,958,40,460031
검색,2026-05-18,굿리치몰_암보험_C03,휴대전화,193,27,358566
검색,2026-05-18,굿리치몰_운전자보험_C09,휴대전화,"1,037",52,354978
검색,2026-05-18,굿리치몰_운전자보험_C09,컴퓨터,"1,057",50,266314
검색,2026-05-18,굿리치몰_C01,컴퓨터,"1,048",60,247480
검색,2026-05-18,굿리치몰_C01,휴대전화,878,29,244614
검색,2026-05-18,굿리치몰_암보험_C03,컴퓨터,111,11,159780
검색,2026-05-18,굿리치몰_어린이보험_C06,휴대전화,58,5,49676
검색,2026-05-18,굿리치몰_어린이보험_C06,컴퓨터,55,4,43288
검색,2026-05-18,굿리치몰_보장분석_C16,컴퓨터,23,4,25795
실적 최대화,2026-05-18,실비보험_260420,태블릿,"2,809",32,23703
검색,2026-05-18,굿리치몰_치아보험_C04,컴퓨터,61,2,13776
검색,2026-05-18,굿리치몰_치아보험_C04,휴대전화,152,3,12541
검색,2026-05-18,굿리치몰_C01,태블릿,27,1,4674
검색,2026-05-18,굿리치몰_치매보험_C07,휴대전화,40,2,1803
검색,2026-05-18,굿리치몰_실비보험_C02,태블릿,17,0,0
검색,2026-05-18,굿리치몰_치아보험_C04,태블릿,1,0,0
검색,2026-05-18,굿리치몰_암보험_C03,태블릿,6,0,0
검색,2026-05-18,굿리치몰_치매보험_C07,컴퓨터,17,0,0
검색,2026-05-18,굿리치몰_보장분석_C16,휴대전화,19,0,0
검색,2026-05-18,굿리치몰_보장분석_C16,태블릿,2,0,0
검색,2026-05-18,굿리치몰_운전자보험_C09,태블릿,20,0,0
실적 최대화,2026-05-19,실비보험_260420,휴대전화,"94,515",741,738887
검색,2026-05-19,굿리치몰_실비보험_C02,휴대전화,969,42,505697
검색,2026-05-19,굿리치몰_실비보험_C02,컴퓨터,533,30,451776
검색,2026-05-19,굿리치몰_C01,컴퓨터,"1,005",66,330078
검색,2026-05-19,굿리치몰_운전자보험_C09,휴대전화,874,45,302229
검색,2026-05-19,굿리치몰_운전자보험_C09,컴퓨터,840,54,248840
검색,2026-05-19,굿리치몰_암보험_C03,휴대전화,175,19,225818
검색,2026-05-19,굿리치몰_C01,휴대전화,"1,516",27,189671
검색,2026-05-19,굿리치몰_암보험_C03,컴퓨터,168,16,180388
검색,2026-05-19,굿리치몰_치아보험_C04,휴대전화,124,9,73234
검색,2026-05-19,굿리치몰_어린이보험_C06,컴퓨터,37,5,54039
검색,2026-05-19,굿리치몰_보장분석_C16,컴퓨터,40,6,44256
실적 최대화,2026-05-19,실비보험_260420,태블릿,"2,560",11,11585
검색,2026-05-19,굿리치몰_어린이보험_C06,휴대전화,208,2,10508
검색,2026-05-19,굿리치몰_치매보험_C07,컴퓨터,21,1,8075
검색,2026-05-19,굿리치몰_운전자보험_C09,태블릿,27,2,7500
검색,2026-05-19,굿리치몰_보장분석_C16,휴대전화,40,1,2328
검색,2026-05-19,굿리치몰_치매보험_C07,휴대전화,55,1,1966
검색,2026-05-19,굿리치몰_어린이보험_C06,태블릿,0,0,0
검색,2026-05-19,굿리치몰_실비보험_C02,태블릿,14,0,0
검색,2026-05-19,굿리치몰_치아보험_C04,컴퓨터,48,0,0
검색,2026-05-19,굿리치몰_치아보험_C04,태블릿,3,0,0
검색,2026-05-19,굿리치몰_암보험_C03,태블릿,2,0,0
검색,2026-05-19,굿리치몰_보장분석_C16,태블릿,1,0,0
검색,2026-05-19,굿리치몰_C01,태블릿,41,0,0
실적 최대화,2026-05-20,실비보험_260420,휴대전화,"97,662",792,818242
검색,2026-05-20,굿리치몰_실비보험_C02,컴퓨터,586,30,392896
검색,2026-05-20,굿리치몰_실비보험_C02,휴대전화,892,35,377803
검색,2026-05-20,굿리치몰_운전자보험_C09,컴퓨터,984,61,303743
검색,2026-05-20,굿리치몰_C01,휴대전화,"1,568",46,299354
검색,2026-05-20,굿리치몰_운전자보험_C09,휴대전화,851,40,275520
검색,2026-05-20,굿리치몰_C01,컴퓨터,836,48,204595
검색,2026-05-20,굿리치몰_암보험_C03,휴대전화,205,16,169260
검색,2026-05-20,굿리치몰_암보험_C03,컴퓨터,134,9,164938
검색,2026-05-20,굿리치몰_치아보험_C04,휴대전화,117,9,33869
검색,2026-05-20,굿리치몰_어린이보험_C06,휴대전화,157,3,29581
검색,2026-05-20,굿리치몰_보장분석_C16,컴퓨터,52,2,15226
실적 최대화,2026-05-20,실비보험_260420,태블릿,"3,470",18,13250
검색,2026-05-20,굿리치몰_운전자보험_C09,태블릿,23,1,5563
검색,2026-05-20,굿리치몰_보장분석_C16,휴대전화,27,1,2790
검색,2026-05-20,굿리치몰_치매보험_C07,휴대전화,50,1,2014
검색,2026-05-20,굿리치몰_어린이보험_C06,컴퓨터,31,0,0
검색,2026-05-20,굿리치몰_어린이보험_C06,태블릿,1,0,0
검색,2026-05-20,굿리치몰_실비보험_C02,태블릿,22,0,0
검색,2026-05-20,굿리치몰_치아보험_C04,컴퓨터,26,0,0
검색,2026-05-20,굿리치몰_치아보험_C04,태블릿,4,0,0
검색,2026-05-20,굿리치몰_암보험_C03,태블릿,2,0,0
검색,2026-05-20,굿리치몰_치매보험_C07,컴퓨터,20,0,0
검색,2026-05-20,굿리치몰_치매보험_C07,태블릿,0,0,0
검색,2026-05-20,굿리치몰_C01,태블릿,35,0,0
실적 최대화,2026-05-21,실비보험_260420,휴대전화,"100,916","1,038",846379
검색,2026-05-21,굿리치몰_실비보험_C02,휴대전화,966,43,499761
검색,2026-05-21,굿리치몰_실비보험_C02,컴퓨터,547,27,379205
검색,2026-05-21,굿리치몰_운전자보험_C09,휴대전화,730,43,280526
검색,2026-05-21,굿리치몰_암보험_C03,휴대전화,175,18,252889
검색,2026-05-21,굿리치몰_C01,휴대전화,"1,181",39,224120
검색,2026-05-21,굿리치몰_운전자보험_C09,컴퓨터,826,47,210997
검색,2026-05-21,굿리치몰_C01,컴퓨터,654,47,197830
검색,2026-05-21,굿리치몰_암보험_C03,컴퓨터,119,16,195027
검색,2026-05-21,굿리치몰_실비보험_C02,태블릿,27,3,36973
검색,2026-05-21,굿리치몰_치아보험_C04,휴대전화,100,4,22807
실적 최대화,2026-05-21,실비보험_260420,태블릿,"4,240",25,21309
검색,2026-05-21,굿리치몰_보장분석_C16,휴대전화,22,1,15317
검색,2026-05-21,굿리치몰_어린이보험_C06,컴퓨터,46,1,12935
검색,2026-05-21,굿리치몰_운전자보험_C09,태블릿,21,1,9787
검색,2026-05-21,굿리치몰_치매보험_C07,휴대전화,68,4,8390
검색,2026-05-21,굿리치몰_치아보험_C04,컴퓨터,11,1,7967
검색,2026-05-21,굿리치몰_C01,태블릿,16,1,6864
검색,2026-05-21,굿리치몰_보장분석_C16,컴퓨터,41,2,6826
검색,2026-05-21,굿리치몰_어린이보험_C06,휴대전화,42,1,2889
검색,2026-05-21,굿리치몰_어린이보험_C06,태블릿,1,0,0
검색,2026-05-21,굿리치몰_치아보험_C04,태블릿,1,0,0
검색,2026-05-21,굿리치몰_암보험_C03,태블릿,1,0,0
검색,2026-05-21,굿리치몰_치매보험_C07,컴퓨터,24,0,0
검색,2026-05-21,굿리치몰_치매보험_C07,태블릿,1,0,0
검색,2026-05-21,굿리치몰_보장분석_C16,태블릿,0,0,0
실적 최대화,2026-05-22,실비보험_260420,휴대전화,"93,729","1,060",873376
검색,2026-05-22,굿리치몰_실비보험_C02,휴대전화,988,58,576424
검색,2026-05-22,굿리치몰_운전자보험_C09,휴대전화,923,52,329942
검색,2026-05-22,굿리치몰_실비보험_C02,컴퓨터,424,22,297187
검색,2026-05-22,굿리치몰_C01,휴대전화,"1,085",28,171560
검색,2026-05-22,굿리치몰_C01,컴퓨터,579,32,161596
검색,2026-05-22,굿리치몰_암보험_C03,컴퓨터,117,10,155810
검색,2026-05-22,굿리치몰_운전자보험_C09,컴퓨터,780,31,155194
검색,2026-05-22,굿리치몰_암보험_C03,휴대전화,173,12,108726
검색,2026-05-22,굿리치몰_어린이보험_C06,컴퓨터,38,6,48094
검색,2026-05-22,굿리치몰_보장분석_C16,컴퓨터,25,5,40878
검색,2026-05-22,굿리치몰_치아보험_C04,휴대전화,74,6,30897
실적 최대화,2026-05-22,실비보험_260420,태블릿,"3,389",12,8879
검색,2026-05-22,굿리치몰_운전자보험_C09,태블릿,23,1,8428
검색,2026-05-22,굿리치몰_치매보험_C07,컴퓨터,27,2,7919
검색,2026-05-22,굿리치몰_보장분석_C16,휴대전화,27,2,7500
검색,2026-05-22,굿리치몰_치매보험_C07,휴대전화,78,4,7451
검색,2026-05-22,굿리치몰_C01,태블릿,17,1,4922
검색,2026-05-22,굿리치몰_어린이보험_C06,휴대전화,43,1,4603
검색,2026-05-22,굿리치몰_어린이보험_C06,태블릿,4,0,0
검색,2026-05-22,굿리치몰_실비보험_C02,태블릿,12,0,0
검색,2026-05-22,굿리치몰_치아보험_C04,컴퓨터,18,0,0
검색,2026-05-22,굿리치몰_암보험_C03,태블릿,3,0,0
검색,2026-05-22,굿리치몰_보장분석_C16,태블릿,1,0,0
실적 최대화,2026-05-23,실비보험_260420,휴대전화,"135,539","1,285",823566
검색,2026-05-23,굿리치몰_실비보험_C02,휴대전화,790,36,310171
검색,2026-05-23,굿리치몰_C01,휴대전화,786,35,239062
검색,2026-05-23,굿리치몰_운전자보험_C09,휴대전화,855,30,187598
검색,2026-05-23,굿리치몰_실비보험_C02,컴퓨터,242,13,157154
검색,2026-05-23,굿리치몰_운전자보험_C09,컴퓨터,457,22,115026
검색,2026-05-23,굿리치몰_암보험_C03,휴대전화,143,12,78985
검색,2026-05-23,굿리치몰_C01,컴퓨터,304,20,77875
검색,2026-05-23,굿리치몰_암보험_C03,컴퓨터,45,2,37919
검색,2026-05-23,굿리치몰_치아보험_C04,휴대전화,74,6,36727
검색,2026-05-23,굿리치몰_어린이보험_C06,휴대전화,23,1,13321
검색,2026-05-23,굿리치몰_보장분석_C16,컴퓨터,10,2,13160
실적 최대화,2026-05-23,실비보험_260420,태블릿,"4,208",20,10986
검색,2026-05-23,굿리치몰_C01,태블릿,19,1,593
검색,2026-05-23,굿리치몰_운전자보험_C09,태블릿,12,1,192
검색,2026-05-23,굿리치몰_어린이보험_C06,컴퓨터,14,0,0
검색,2026-05-23,굿리치몰_실비보험_C02,태블릿,7,0,0
검색,2026-05-23,굿리치몰_치아보험_C04,컴퓨터,14,0,0
검색,2026-05-23,굿리치몰_치아보험_C04,태블릿,1,0,0
검색,2026-05-23,굿리치몰_암보험_C03,태블릿,2,0,0
검색,2026-05-23,굿리치몰_치매보험_C07,컴퓨터,32,0,0
검색,2026-05-23,굿리치몰_치매보험_C07,휴대전화,79,0,0
검색,2026-05-23,굿리치몰_치매보험_C07,태블릿,1,0,0
검색,2026-05-23,굿리치몰_보장분석_C16,휴대전화,19,0,0
실적 최대화,2026-05-24,실비보험_260420,휴대전화,"125,463","1,208",861342
검색,2026-05-24,굿리치몰_실비보험_C02,휴대전화,579,34,281166
검색,2026-05-24,굿리치몰_운전자보험_C09,휴대전화,654,24,143198
검색,2026-05-24,굿리치몰_실비보험_C02,컴퓨터,255,10,140135
검색,2026-05-24,굿리치몰_암보험_C03,휴대전화,157,12,123730
검색,2026-05-24,굿리치몰_C01,컴퓨터,355,21,117445
검색,2026-05-24,굿리치몰_운전자보험_C09,컴퓨터,380,25,114791
검색,2026-05-24,굿리치몰_C01,휴대전화,506,15,78375
검색,2026-05-24,굿리치몰_암보험_C03,컴퓨터,60,3,66839
검색,2026-05-24,굿리치몰_보장분석_C16,컴퓨터,11,2,29686
검색,2026-05-24,굿리치몰_치아보험_C04,컴퓨터,10,2,17891
실적 최대화,2026-05-24,실비보험_260420,태블릿,"4,636",33,17867
검색,2026-05-24,굿리치몰_C01,태블릿,11,1,6909
검색,2026-05-24,굿리치몰_어린이보험_C06,휴대전화,26,1,4888
검색,2026-05-24,굿리치몰_어린이보험_C06,컴퓨터,13,0,0
검색,2026-05-24,굿리치몰_어린이보험_C06,태블릿,1,0,0
검색,2026-05-24,굿리치몰_실비보험_C02,태블릿,12,0,0
검색,2026-05-24,굿리치몰_치아보험_C04,휴대전화,36,0,0
검색,2026-05-24,굿리치몰_치아보험_C04,태블릿,2,0,0
검색,2026-05-24,굿리치몰_암보험_C03,태블릿,6,0,0
검색,2026-05-24,굿리치몰_치매보험_C07,컴퓨터,30,0,0
검색,2026-05-24,굿리치몰_치매보험_C07,휴대전화,57,0,0
검색,2026-05-24,굿리치몰_치매보험_C07,태블릿,0,0,0
검색,2026-05-24,굿리치몰_보장분석_C16,휴대전화,15,0,0
검색,2026-05-24,굿리치몰_운전자보험_C09,태블릿,15,0,0
실적 최대화,2026-05-25,실비보험_260420,휴대전화,"85,420","1,042",885066
검색,2026-05-25,굿리치몰_실비보험_C02,휴대전화,661,33,326925
검색,2026-05-25,굿리치몰_실비보험_C02,컴퓨터,344,20,280770
검색,2026-05-25,굿리치몰_운전자보험_C09,휴대전화,608,15,111443
검색,2026-05-25,굿리치몰_암보험_C03,컴퓨터,76,6,106602
검색,2026-05-25,굿리치몰_C01,컴퓨터,424,24,89039
검색,2026-05-25,굿리치몰_암보험_C03,휴대전화,141,10,85045
검색,2026-05-25,굿리치몰_운전자보험_C09,컴퓨터,511,20,81489
검색,2026-05-25,굿리치몰_C01,휴대전화,517,11,63792
실적 최대화,2026-05-25,실비보험_260420,태블릿,"4,132",17,22536
검색,2026-05-25,굿리치몰_치아보험_C04,휴대전화,46,2,15105
검색,2026-05-25,굿리치몰_보장분석_C16,휴대전화,22,1,12606
검색,2026-05-25,굿리치몰_어린이보험_C06,휴대전화,27,2,11978
검색,2026-05-25,굿리치몰_운전자보험_C09,태블릿,20,2,11402
검색,2026-05-25,굿리치몰_어린이보험_C06,컴퓨터,25,1,8477
검색,2026-05-25,굿리치몰_실비보험_C02,태블릿,13,1,3337
검색,2026-05-25,굿리치몰_C01,태블릿,13,1,2689
검색,2026-05-25,굿리치몰_어린이보험_C06,태블릿,0,0,0
검색,2026-05-25,굿리치몰_치아보험_C04,컴퓨터,5,0,0
검색,2026-05-25,굿리치몰_암보험_C03,태블릿,3,0,0
검색,2026-05-25,굿리치몰_치매보험_C07,컴퓨터,23,0,0
검색,2026-05-25,굿리치몰_치매보험_C07,휴대전화,32,0,0
검색,2026-05-25,굿리치몰_치매보험_C07,태블릿,1,0,0
검색,2026-05-25,굿리치몰_보장분석_C16,컴퓨터,16,0,0
검색,2026-05-25,굿리치몰_보장분석_C16,태블릿,0,0,0
실적 최대화,2026-05-26,실비보험_260420,휴대전화,"30,501",638,845742
검색,2026-05-26,굿리치몰_실비보험_C02,휴대전화,"1,327",51,540184
검색,2026-05-26,굿리치몰_실비보험_C02,컴퓨터,639,26,324506
검색,2026-05-26,굿리치몰_C01,컴퓨터,819,72,297775
검색,2026-05-26,굿리치몰_운전자보험_C09,휴대전화,914,43,264567
검색,2026-05-26,굿리치몰_운전자보험_C09,컴퓨터,904,60,263305
검색,2026-05-26,굿리치몰_암보험_C03,휴대전화,251,24,261532
검색,2026-05-26,굿리치몰_암보험_C03,컴퓨터,153,16,214996
검색,2026-05-26,굿리치몰_C01,휴대전화,"1,150",20,142596
검색,2026-05-26,굿리치몰_치아보험_C04,휴대전화,64,4,18898
실적 최대화,2026-05-26,실비보험_260420,태블릿,635,7,15427
검색,2026-05-26,굿리치몰_어린이보험_C06,휴대전화,72,3,14589
검색,2026-05-26,굿리치몰_어린이보험_C06,컴퓨터,42,2,12375
검색,2026-05-26,굿리치몰_치아보험_C04,컴퓨터,28,2,11113
검색,2026-05-26,굿리치몰_암보험_C03,태블릿,5,1,6319
검색,2026-05-26,굿리치몰_치매보험_C07,휴대전화,54,3,5186
검색,2026-05-26,굿리치몰_운전자보험_C09,태블릿,31,1,2436
검색,2026-05-26,굿리치몰_치매보험_C07,컴퓨터,77,1,2265
검색,2026-05-26,굿리치몰_보장분석_C16,컴퓨터,36,1,1772
검색,2026-05-26,굿리치몰_어린이보험_C06,태블릿,2,0,0
검색,2026-05-26,굿리치몰_실비보험_C02,태블릿,15,0,0
검색,2026-05-26,굿리치몰_치매보험_C07,태블릿,0,0,0
검색,2026-05-26,굿리치몰_보장분석_C16,휴대전화,22,0,0
검색,2026-05-26,굿리치몰_보장분석_C16,태블릿,1,0,0
검색,2026-05-26,굿리치몰_C01,태블릿,27,0,0
실적 최대화,2026-05-27,실비보험_260420,휴대전화,"35,960",720,817022
검색,2026-05-27,굿리치몰_실비보험_C02,휴대전화,"1,185",50,528445
검색,2026-05-27,굿리치몰_실비보험_C02,컴퓨터,635,36,517770
검색,2026-05-27,굿리치몰_운전자보험_C09,휴대전화,"1,001",56,342256
검색,2026-05-27,굿리치몰_운전자보험_C09,컴퓨터,767,58,274088
검색,2026-05-27,굿리치몰_C01,컴퓨터,771,50,193526
검색,2026-05-27,굿리치몰_C01,휴대전화,"1,109",31,183457
검색,2026-05-27,굿리치몰_암보험_C03,휴대전화,375,16,158332
검색,2026-05-27,굿리치몰_암보험_C03,컴퓨터,121,7,115554
검색,2026-05-27,굿리치몰_어린이보험_C06,컴퓨터,43,4,32140
검색,2026-05-27,굿리치몰_치아보험_C04,휴대전화,83,3,20985
검색,2026-05-27,굿리치몰_어린이보험_C06,휴대전화,53,2,11312
실적 최대화,2026-05-27,실비보험_260420,태블릿,835,12,9998
검색,2026-05-27,굿리치몰_보장분석_C16,컴퓨터,57,2,9459
검색,2026-05-27,굿리치몰_보장분석_C16,휴대전화,40,2,9310
검색,2026-05-27,굿리치몰_암보험_C03,태블릿,9,1,7970
검색,2026-05-27,굿리치몰_치매보험_C07,컴퓨터,70,1,4246
검색,2026-05-27,굿리치몰_운전자보험_C09,태블릿,24,1,1771
검색,2026-05-27,굿리치몰_치매보험_C07,휴대전화,63,1,1239
검색,2026-05-27,굿리치몰_어린이보험_C06,태블릿,0,0,0
검색,2026-05-27,굿리치몰_실비보험_C02,태블릿,19,0,0
검색,2026-05-27,굿리치몰_치아보험_C04,컴퓨터,25,0,0
검색,2026-05-27,굿리치몰_치매보험_C07,태블릿,1,0,0
검색,2026-05-27,굿리치몰_C01,태블릿,35,0,0
실적 최대화,2026-05-28,실비보험_260420,휴대전화,"44,260",568,750221
검색,2026-05-28,굿리치몰_실비보험_C02,휴대전화,"1,009",45,425321
검색,2026-05-28,굿리치몰_실비보험_C02,컴퓨터,597,34,393438
검색,2026-05-28,굿리치몰_운전자보험_C09,휴대전화,"1,002",50,276906
검색,2026-05-28,굿리치몰_암보험_C03,컴퓨터,110,16,241362
검색,2026-05-28,굿리치몰_C01,컴퓨터,735,42,230841
검색,2026-05-28,굿리치몰_운전자보험_C09,컴퓨터,654,45,215901
검색,2026-05-28,굿리치몰_암보험_C03,휴대전화,210,15,174638
검색,2026-05-28,굿리치몰_C01,휴대전화,762,18,72060
검색,2026-05-28,굿리치몰_보장분석_C16,컴퓨터,46,4,27608
검색,2026-05-28,굿리치몰_어린이보험_C06,컴퓨터,39,3,24064
검색,2026-05-28,굿리치몰_치아보험_C04,휴대전화,69,3,22312
검색,2026-05-28,굿리치몰_어린이보험_C06,휴대전화,49,3,18485
검색,2026-05-28,굿리치몰_치매보험_C07,컴퓨터,40,2,10084
검색,2026-05-28,굿리치몰_보장분석_C16,휴대전화,23,3,9730
검색,2026-05-28,굿리치몰_치매보험_C07,휴대전화,77,4,8809
실적 최대화,2026-05-28,실비보험_260420,태블릿,"1,746",7,8790
검색,2026-05-28,굿리치몰_운전자보험_C09,태블릿,27,1,5237
검색,2026-05-28,굿리치몰_어린이보험_C06,태블릿,3,0,0
검색,2026-05-28,굿리치몰_실비보험_C02,태블릿,10,0,0
검색,2026-05-28,굿리치몰_치아보험_C04,컴퓨터,9,0,0
검색,2026-05-28,굿리치몰_치아보험_C04,태블릿,1,0,0
검색,2026-05-28,굿리치몰_암보험_C03,태블릿,5,0,0
검색,2026-05-28,굿리치몰_치매보험_C07,태블릿,0,0,0
검색,2026-05-28,굿리치몰_C01,태블릿,24,0,0
실적 최대화,2026-05-29,실비보험_260420,휴대전화,"74,394",941,884433
검색,2026-05-29,굿리치몰_실비보험_C02,휴대전화,927,55,529235
검색,2026-05-29,굿리치몰_운전자보험_C09,휴대전화,929,43,238451
검색,2026-05-29,굿리치몰_실비보험_C02,컴퓨터,512,19,235030
검색,2026-05-29,굿리치몰_암보험_C03,휴대전화,195,17,218248
검색,2026-05-29,굿리치몰_C01,컴퓨터,758,41,181781
검색,2026-05-29,굿리치몰_C01,휴대전화,928,28,164792
검색,2026-05-29,굿리치몰_운전자보험_C09,컴퓨터,496,27,131928
검색,2026-05-29,굿리치몰_암보험_C03,컴퓨터,73,5,44097
검색,2026-05-29,굿리치몰_어린이보험_C06,컴퓨터,18,2,27040
검색,2026-05-29,굿리치몰_보장분석_C16,컴퓨터,35,3,24125
검색,2026-05-29,굿리치몰_치아보험_C04,휴대전화,65,4,23838
검색,2026-05-29,굿리치몰_어린이보험_C06,휴대전화,33,2,9770
실적 최대화,2026-05-29,실비보험_260420,태블릿,"2,326",10,7668
검색,2026-05-29,굿리치몰_운전자보험_C09,태블릿,20,1,3311
검색,2026-05-29,굿리치몰_치매보험_C07,컴퓨터,19,1,3168
검색,2026-05-29,굿리치몰_치매보험_C07,휴대전화,89,1,2445
검색,2026-05-29,굿리치몰_실비보험_C02,태블릿,11,0,0
검색,2026-05-29,굿리치몰_치아보험_C04,컴퓨터,6,0,0
검색,2026-05-29,굿리치몰_치아보험_C04,태블릿,0,0,0
검색,2026-05-29,굿리치몰_암보험_C03,태블릿,5,0,0
검색,2026-05-29,굿리치몰_치매보험_C07,태블릿,1,0,0
검색,2026-05-29,굿리치몰_보장분석_C16,휴대전화,25,0,0
검색,2026-05-29,굿리치몰_보장분석_C16,태블릿,0,0,0
검색,2026-05-29,굿리치몰_C01,태블릿,10,0,0
실적 최대화,2026-05-30,실비보험_260420,휴대전화,"52,318",741,818966
검색,2026-05-30,굿리치몰_실비보험_C02,휴대전화,761,52,354335
검색,2026-05-30,굿리치몰_운전자보험_C09,휴대전화,"1,134",91,274415
검색,2026-05-30,굿리치몰_실비보험_C02,컴퓨터,247,9,115509
검색,2026-05-30,굿리치몰_암보험_C03,휴대전화,215,13,108771
검색,2026-05-30,굿리치몰_운전자보험_C09,컴퓨터,338,21,98742
검색,2026-05-30,굿리치몰_C01,휴대전화,968,41,79977
검색,2026-05-30,굿리치몰_C01,컴퓨터,505,11,62364
검색,2026-05-30,굿리치몰_암보험_C03,컴퓨터,59,3,47256
검색,2026-05-30,굿리치몰_어린이보험_C06,휴대전화,23,2,11144
검색,2026-05-30,굿리치몰_치매보험_C07,휴대전화,215,3,8641
검색,2026-05-30,굿리치몰_보장분석_C16,휴대전화,17,1,4913
검색,2026-05-30,굿리치몰_치매보험_C07,컴퓨터,72,1,2964
검색,2026-05-30,굿리치몰_치아보험_C04,휴대전화,74,3,1291
실적 최대화,2026-05-30,실비보험_260420,태블릿,"1,420",4,779
검색,2026-05-30,굿리치몰_어린이보험_C06,컴퓨터,11,0,0
검색,2026-05-30,굿리치몰_어린이보험_C06,태블릿,2,0,0
검색,2026-05-30,굿리치몰_실비보험_C02,태블릿,20,0,0
검색,2026-05-30,굿리치몰_치아보험_C04,컴퓨터,8,0,0
검색,2026-05-30,굿리치몰_치아보험_C04,태블릿,1,0,0
검색,2026-05-30,굿리치몰_암보험_C03,태블릿,2,0,0
검색,2026-05-30,굿리치몰_치매보험_C07,태블릿,3,0,0
검색,2026-05-30,굿리치몰_보장분석_C16,컴퓨터,10,0,0
검색,2026-05-30,굿리치몰_보장분석_C16,태블릿,1,0,0
검색,2026-05-30,굿리치몰_C01,태블릿,15,0,0
검색,2026-05-30,굿리치몰_운전자보험_C09,태블릿,34,0,0
실적 최대화,2026-05-31,실비보험_260420,휴대전화,"95,178",791,737453
검색,2026-05-31,굿리치몰_실비보험_C02,휴대전화,760,38,320419
검색,2026-05-31,굿리치몰_실비보험_C02,컴퓨터,263,17,201883
검색,2026-05-31,굿리치몰_운전자보험_C09,휴대전화,842,33,190233
검색,2026-05-31,굿리치몰_암보험_C03,휴대전화,175,12,152519
검색,2026-05-31,굿리치몰_C01,컴퓨터,545,21,128270
검색,2026-05-31,굿리치몰_C01,휴대전화,874,20,122448
검색,2026-05-31,굿리치몰_운전자보험_C09,컴퓨터,430,23,116863
검색,2026-05-31,굿리치몰_암보험_C03,컴퓨터,49,3,48358
검색,2026-05-31,굿리치몰_어린이보험_C06,휴대전화,41,2,18547
실적 최대화,2026-05-31,실비보험_260420,태블릿,"3,031",13,16146
검색,2026-05-31,굿리치몰_치매보험_C07,컴퓨터,103,4,14124
검색,2026-05-31,굿리치몰_실비보험_C02,태블릿,14,2,11677
검색,2026-05-31,굿리치몰_치아보험_C04,컴퓨터,6,2,7597
검색,2026-05-31,굿리치몰_C01,태블릿,13,1,6785
검색,2026-05-31,굿리치몰_치매보험_C07,휴대전화,177,2,3604
검색,2026-05-31,굿리치몰_치아보험_C04,휴대전화,41,1,2929
검색,2026-05-31,굿리치몰_보장분석_C16,휴대전화,18,1,2757
검색,2026-05-31,굿리치몰_어린이보험_C06,컴퓨터,16,0,0
검색,2026-05-31,굿리치몰_어린이보험_C06,태블릿,0,0,0
검색,2026-05-31,굿리치몰_암보험_C03,태블릿,0,0,0
검색,2026-05-31,굿리치몰_치매보험_C07,태블릿,5,0,0
검색,2026-05-31,굿리치몰_보장분석_C16,컴퓨터,6,0,0
검색,2026-05-31,굿리치몰_보장분석_C16,태블릿,5,0,0
검색,2026-05-31,굿리치몰_운전자보험_C09,태블릿,8,0,0
실적 최대화,2026-06-01,실비보험_260420,휴대전화,"61,711",874,967754
검색,2026-06-01,굿리치몰_실비보험_C02,컴퓨터,539,28,367613
검색,2026-06-01,굿리치몰_C01,컴퓨터,889,70,343568
검색,2026-06-01,굿리치몰_운전자보험_C09,휴대전화,884,51,315557
검색,2026-06-01,굿리치몰_실비보험_C02,휴대전화,880,26,286780
검색,2026-06-01,굿리치몰_운전자보험_C09,컴퓨터,760,46,203299
검색,2026-06-01,굿리치몰_암보험_C03,휴대전화,151,15,188016
검색,2026-06-01,굿리치몰_C01,휴대전화,"1,068",31,186819
검색,2026-06-01,굿리치몰_암보험_C03,컴퓨터,104,8,149708
검색,2026-06-01,굿리치몰_어린이보험_C06,휴대전화,54,5,37683
검색,2026-06-01,굿리치몰_어린이보험_C06,컴퓨터,27,4,26214
검색,2026-06-01,굿리치몰_치아보험_C04,휴대전화,63,2,24616
검색,2026-06-01,굿리치몰_C01,태블릿,28,1,11294
검색,2026-06-01,굿리치몰_암보험_C03,태블릿,6,1,11052
검색,2026-06-01,굿리치몰_보장분석_C16,휴대전화,22,2,5048
실적 최대화,2026-06-01,실비보험_260420,태블릿,"1,699",7,4750
검색,2026-06-01,굿리치몰_보장분석_C16,컴퓨터,30,1,4287
검색,2026-06-01,굿리치몰_운전자보험_C09,태블릿,15,1,3840
검색,2026-06-01,굿리치몰_치매보험_C07,휴대전화,41,1,1575
검색,2026-06-01,굿리치몰_어린이보험_C06,태블릿,1,0,0
검색,2026-06-01,굿리치몰_실비보험_C02,태블릿,9,0,0
검색,2026-06-01,굿리치몰_치아보험_C04,컴퓨터,13,0,0
검색,2026-06-01,굿리치몰_치아보험_C04,태블릿,2,0,0
검색,2026-06-01,굿리치몰_치매보험_C07,컴퓨터,25,0,0
검색,2026-06-01,굿리치몰_치매보험_C07,태블릿,0,0,0
검색,2026-06-01,굿리치몰_보장분석_C16,태블릿,0,0,0
실적 최대화,2026-06-02,실비보험_260420,휴대전화,"70,858",809,816099
검색,2026-06-02,굿리치몰_실비보험_C02,휴대전화,780,28,282932
검색,2026-06-02,굿리치몰_실비보험_C02,컴퓨터,482,18,229782
검색,2026-06-02,굿리치몰_암보험_C03,컴퓨터,134,13,195522
검색,2026-06-02,굿리치몰_운전자보험_C09,휴대전화,517,31,178813
검색,2026-06-02,굿리치몰_C01,컴퓨터,710,35,175363
검색,2026-06-02,굿리치몰_C01,휴대전화,697,26,116843
검색,2026-06-02,굿리치몰_암보험_C03,휴대전화,137,8,110390
검색,2026-06-02,굿리치몰_운전자보험_C09,컴퓨터,492,24,109125
검색,2026-06-02,굿리치몰_어린이보험_C06,컴퓨터,15,2,36597
검색,2026-06-02,굿리치몰_보장분석_C16,컴퓨터,53,4,29304
검색,2026-06-02,굿리치몰_치아보험_C04,휴대전화,79,5,28295
실적 최대화,2026-06-02,실비보험_260420,태블릿,"1,677",12,14460
검색,2026-06-02,굿리치몰_치매보험_C07,휴대전화,58,2,10601
검색,2026-06-02,굿리치몰_치매보험_C07,컴퓨터,45,2,6705
검색,2026-06-02,굿리치몰_치아보험_C04,컴퓨터,10,1,4216
검색,2026-06-02,굿리치몰_보장분석_C16,휴대전화,19,1,4170
검색,2026-06-02,굿리치몰_C01,태블릿,14,1,2730
검색,2026-06-02,굿리치몰_어린이보험_C06,휴대전화,36,0,0
검색,2026-06-02,굿리치몰_실비보험_C02,태블릿,21,0,0
검색,2026-06-02,굿리치몰_치아보험_C04,태블릿,0,0,0
검색,2026-06-02,굿리치몰_암보험_C03,태블릿,1,0,0
검색,2026-06-02,굿리치몰_치매보험_C07,태블릿,3,0,0
검색,2026-06-02,굿리치몰_보장분석_C16,태블릿,2,0,0
검색,2026-06-02,굿리치몰_운전자보험_C09,태블릿,12,0,0
실적 최대화,2026-06-03,실비보험_260420,휴대전화,"100,802",827,739481
검색,2026-06-03,굿리치몰_운전자보험_C09,휴대전화,597,23,191324
검색,2026-06-03,굿리치몰_실비보험_C02,휴대전화,548,15,162621
검색,2026-06-03,굿리치몰_C01,컴퓨터,537,22,147076
검색,2026-06-03,굿리치몰_실비보험_C02,컴퓨터,306,12,143171
검색,2026-06-03,굿리치몰_C01,휴대전화,815,24,138074
검색,2026-06-03,굿리치몰_운전자보험_C09,컴퓨터,348,20,92089
검색,2026-06-03,굿리치몰_암보험_C03,휴대전화,155,8,90923
검색,2026-06-03,굿리치몰_암보험_C03,컴퓨터,62,5,72947
검색,2026-06-03,굿리치몰_치아보험_C04,휴대전화,81,4,24271
검색,2026-06-03,굿리치몰_보장분석_C16,컴퓨터,17,1,18106
검색,2026-06-03,굿리치몰_운전자보험_C09,태블릿,20,2,14806
검색,2026-06-03,굿리치몰_보장분석_C16,휴대전화,11,1,12766
실적 최대화,2026-06-03,실비보험_260420,태블릿,"2,947",16,12550
검색,2026-06-03,굿리치몰_치매보험_C07,휴대전화,69,2,7110
검색,2026-06-03,굿리치몰_치아보험_C04,컴퓨터,14,1,5638
검색,2026-06-03,굿리치몰_어린이보험_C06,컴퓨터,16,1,4015
검색,2026-06-03,굿리치몰_어린이보험_C06,휴대전화,25,1,2171
검색,2026-06-03,굿리치몰_실비보험_C02,태블릿,10,0,0
검색,2026-06-03,굿리치몰_치아보험_C04,태블릿,1,0,0
검색,2026-06-03,굿리치몰_암보험_C03,태블릿,9,0,0
검색,2026-06-03,굿리치몰_치매보험_C07,컴퓨터,66,0,0
검색,2026-06-03,굿리치몰_치매보험_C07,태블릿,1,0,0
검색,2026-06-03,굿리치몰_보장분석_C16,태블릿,0,0,0
검색,2026-06-03,굿리치몰_C01,태블릿,9,0,0
실적 최대화,2026-06-04,실비보험_260420,휴대전화,"71,185",681,1175283
검색,2026-06-04,굿리치몰_암보험_C03,휴대전화,149,18,257458
검색,2026-06-04,굿리치몰_실비보험_C02,휴대전화,566,19,248291
검색,2026-06-04,굿리치몰_암보험_C03,컴퓨터,104,12,241043
검색,2026-06-04,굿리치몰_운전자보험_C09,휴대전화,807,31,207460
검색,2026-06-04,굿리치몰_C01,컴퓨터,554,43,205846
검색,2026-06-04,굿리치몰_실비보험_C02,컴퓨터,355,15,178365
검색,2026-06-04,굿리치몰_운전자보험_C09,컴퓨터,460,37,167532
검색,2026-06-04,굿리치몰_C01,휴대전화,382,14,111838
검색,2026-06-04,굿리치몰_보장분석_C16,컴퓨터,30,2,14923
검색,2026-06-04,굿리치몰_치아보험_C04,휴대전화,82,3,13568
실적 최대화,2026-06-04,실비보험_260420,태블릿,"2,134",11,9211
검색,2026-06-04,굿리치몰_치매보험_C07,컴퓨터,46,1,5434
검색,2026-06-04,굿리치몰_치아보험_C04,컴퓨터,20,1,4964
검색,2026-06-04,굿리치몰_C01,태블릿,19,1,113
검색,2026-06-04,굿리치몰_어린이보험_C06,컴퓨터,25,0,0
검색,2026-06-04,굿리치몰_어린이보험_C06,휴대전화,24,0,0
검색,2026-06-04,굿리치몰_실비보험_C02,태블릿,12,0,0
검색,2026-06-04,굿리치몰_암보험_C03,태블릿,1,0,0
검색,2026-06-04,굿리치몰_치매보험_C07,휴대전화,26,0,0
검색,2026-06-04,굿리치몰_치매보험_C07,태블릿,0,0,0
검색,2026-06-04,굿리치몰_보장분석_C16,휴대전화,21,0,0
검색,2026-06-04,굿리치몰_보장분석_C16,태블릿,1,0,0
검색,2026-06-04,굿리치몰_운전자보험_C09,태블릿,5,0,0
실적 최대화,2026-06-05,실비보험_260420,휴대전화,"108,859","1,031",925477
검색,2026-06-05,굿리치몰_실비보험_C02,휴대전화,730,20,212860
검색,2026-06-05,굿리치몰_실비보험_C02,컴퓨터,398,16,188056
검색,2026-06-05,굿리치몰_C01,컴퓨터,480,29,136701
검색,2026-06-05,굿리치몰_암보험_C03,휴대전화,145,17,136176
검색,2026-06-05,굿리치몰_C01,휴대전화,498,23,135550
검색,2026-06-05,굿리치몰_운전자보험_C09,휴대전화,592,21,123938
검색,2026-06-05,굿리치몰_운전자보험_C09,컴퓨터,447,28,120673
검색,2026-06-05,굿리치몰_암보험_C03,컴퓨터,99,6,63835
검색,2026-06-05,굿리치몰_치아보험_C04,휴대전화,84,7,57421
검색,2026-06-05,굿리치몰_보장분석_C16,컴퓨터,40,4,23517
검색,2026-06-05,굿리치몰_어린이보험_C06,휴대전화,37,2,17311
검색,2026-06-05,굿리치몰_암보험_C03,태블릿,3,2,10243
검색,2026-06-05,굿리치몰_어린이보험_C06,컴퓨터,21,1,9463
실적 최대화,2026-06-05,실비보험_260420,태블릿,"3,056",10,8891
검색,2026-06-05,굿리치몰_C01,태블릿,10,1,7906
검색,2026-06-05,굿리치몰_치매보험_C07,휴대전화,50,2,4535
검색,2026-06-05,굿리치몰_보장분석_C16,휴대전화,12,1,1458
검색,2026-06-05,굿리치몰_실비보험_C02,태블릿,7,0,0
검색,2026-06-05,굿리치몰_치아보험_C04,컴퓨터,17,0,0
검색,2026-06-05,굿리치몰_치아보험_C04,태블릿,0,0,0
검색,2026-06-05,굿리치몰_치매보험_C07,컴퓨터,28,0,0
검색,2026-06-05,굿리치몰_치매보험_C07,태블릿,1,0,0
검색,2026-06-05,굿리치몰_보장분석_C16,태블릿,3,0,0
검색,2026-06-05,굿리치몰_운전자보험_C09,태블릿,3,0,0
실적 최대화,2026-06-06,실비보험_260420,휴대전화,"88,569","1,000",836155
검색,2026-06-06,굿리치몰_실비보험_C02,휴대전화,557,30,286308
검색,2026-06-06,굿리치몰_운전자보험_C09,휴대전화,665,38,227431
검색,2026-06-06,굿리치몰_C01,컴퓨터,275,26,182177
검색,2026-06-06,굿리치몰_암보험_C03,컴퓨터,47,8,129293
검색,2026-06-06,굿리치몰_C01,휴대전화,402,20,82192
검색,2026-06-06,굿리치몰_실비보험_C02,컴퓨터,181,5,68316
검색,2026-06-06,굿리치몰_암보험_C03,휴대전화,166,9,66687
검색,2026-06-06,굿리치몰_운전자보험_C09,컴퓨터,237,12,50034
검색,2026-06-06,굿리치몰_치아보험_C04,휴대전화,115,8,37477
검색,2026-06-06,굿리치몰_실비보험_C02,태블릿,8,2,29680
검색,2026-06-06,굿리치몰_어린이보험_C06,휴대전화,23,3,28890
검색,2026-06-06,굿리치몰_암보험_C03,태블릿,11,1,14221
검색,2026-06-06,굿리치몰_어린이보험_C06,컴퓨터,8,2,10974
검색,2026-06-06,굿리치몰_보장분석_C16,컴퓨터,13,1,9989
검색,2026-06-06,굿리치몰_치매보험_C07,컴퓨터,27,1,7735
실적 최대화,2026-06-06,실비보험_260420,태블릿,"2,814",13,5998
검색,2026-06-06,굿리치몰_치매보험_C07,휴대전화,66,4,5968
검색,2026-06-06,굿리치몰_치아보험_C04,컴퓨터,8,1,3193
검색,2026-06-06,굿리치몰_어린이보험_C06,태블릿,0,0,0
검색,2026-06-06,굿리치몰_치아보험_C04,태블릿,3,0,0
검색,2026-06-06,굿리치몰_치매보험_C07,태블릿,1,0,0
검색,2026-06-06,굿리치몰_보장분석_C16,휴대전화,10,0,0
검색,2026-06-06,굿리치몰_C01,태블릿,9,0,0
검색,2026-06-06,굿리치몰_운전자보험_C09,태블릿,12,0,0
실적 최대화,2026-06-07,실비보험_260420,휴대전화,"58,923",936,1069135
검색,2026-06-07,굿리치몰_운전자보험_C09,휴대전화,551,37,241117
검색,2026-06-07,굿리치몰_실비보험_C02,휴대전화,426,19,196562
검색,2026-06-07,굿리치몰_C01,컴퓨터,359,25,167446
검색,2026-06-07,굿리치몰_암보험_C03,휴대전화,93,13,157736
검색,2026-06-07,굿리치몰_운전자보험_C09,컴퓨터,308,24,113090
검색,2026-06-07,굿리치몰_암보험_C03,컴퓨터,65,6,95897
검색,2026-06-07,굿리치몰_C01,휴대전화,368,13,74660
검색,2026-06-07,굿리치몰_실비보험_C02,컴퓨터,226,7,63070
검색,2026-06-07,굿리치몰_치아보험_C04,휴대전화,101,6,34751
검색,2026-06-07,굿리치몰_암보험_C03,태블릿,2,1,33687
검색,2026-06-07,굿리치몰_보장분석_C16,컴퓨터,10,3,17956
검색,2026-06-07,굿리치몰_어린이보험_C06,휴대전화,36,4,17383
검색,2026-06-07,굿리치몰_어린이보험_C06,태블릿,2,1,13489
실적 최대화,2026-06-07,실비보험_260420,태블릿,"1,956",17,12527
검색,2026-06-07,굿리치몰_어린이보험_C06,컴퓨터,16,2,11186
검색,2026-06-07,굿리치몰_치매보험_C07,휴대전화,64,5,11110
검색,2026-06-07,굿리치몰_보장분석_C16,휴대전화,10,1,5413
검색,2026-06-07,굿리치몰_운전자보험_C09,태블릿,6,1,3840
검색,2026-06-07,굿리치몰_치매보험_C07,태블릿,1,1,1950
검색,2026-06-07,굿리치몰_실비보험_C02,태블릿,12,0,0
검색,2026-06-07,굿리치몰_치아보험_C04,컴퓨터,23,0,0
검색,2026-06-07,굿리치몰_치아보험_C04,태블릿,3,0,0
검색,2026-06-07,굿리치몰_치매보험_C07,컴퓨터,45,0,0
검색,2026-06-07,굿리치몰_C01,태블릿,12,0,0
실적 최대화,2026-06-08,실비보험_260420,휴대전화,"36,909",630,873052
검색,2026-06-08,굿리치몰_실비보험_C02,컴퓨터,487,30,372252
검색,2026-06-08,굿리치몰_C01,컴퓨터,684,65,368164
검색,2026-06-08,굿리치몰_실비보험_C02,휴대전화,718,32,333400
검색,2026-06-08,굿리치몰_운전자보험_C09,휴대전화,611,41,267704
검색,2026-06-08,굿리치몰_운전자보험_C09,컴퓨터,567,39,191332
검색,2026-06-08,굿리치몰_암보험_C03,컴퓨터,104,9,148135
검색,2026-06-08,굿리치몰_C01,휴대전화,487,26,147011
검색,2026-06-08,굿리치몰_암보험_C03,휴대전화,114,12,124759
검색,2026-06-08,굿리치몰_치아보험_C04,휴대전화,380,9,58042
검색,2026-06-08,굿리치몰_보장분석_C16,컴퓨터,40,1,11047
검색,2026-06-08,굿리치몰_보장분석_C16,휴대전화,20,2,10836
검색,2026-06-08,굿리치몰_실비보험_C02,태블릿,13,1,9861
실적 최대화,2026-06-08,실비보험_260420,태블릿,"1,135",7,8886
검색,2026-06-08,굿리치몰_어린이보험_C06,컴퓨터,41,2,6532
검색,2026-06-08,굿리치몰_치아보험_C04,컴퓨터,34,1,5940
검색,2026-06-08,굿리치몰_운전자보험_C09,태블릿,28,1,3417
검색,2026-06-08,굿리치몰_어린이보험_C06,휴대전화,30,1,1319
검색,2026-06-08,굿리치몰_치매보험_C07,휴대전화,48,1,151
검색,2026-06-08,굿리치몰_치아보험_C04,태블릿,1,0,0
검색,2026-06-08,굿리치몰_암보험_C03,태블릿,0,0,0
검색,2026-06-08,굿리치몰_치매보험_C07,컴퓨터,35,0,0
검색,2026-06-08,굿리치몰_치매보험_C07,태블릿,1,0,0
검색,2026-06-08,굿리치몰_보장분석_C16,태블릿,1,0,0
검색,2026-06-08,굿리치몰_C01,태블릿,17,0,0
실적 최대화,2026-06-09,실비보험_260420,휴대전화,"50,496",763,967198
검색,2026-06-09,굿리치몰_실비보험_C02,휴대전화,717,33,364445
검색,2026-06-09,굿리치몰_실비보험_C02,컴퓨터,469,21,273494
검색,2026-06-09,굿리치몰_운전자보험_C09,휴대전화,985,44,215289
검색,2026-06-09,굿리치몰_운전자보험_C09,컴퓨터,533,44,201388
검색,2026-06-09,굿리치몰_C01,휴대전화,556,29,189933
검색,2026-06-09,굿리치몰_C01,컴퓨터,648,39,175185
검색,2026-06-09,굿리치몰_암보험_C03,컴퓨터,109,9,126632
검색,2026-06-09,굿리치몰_암보험_C03,휴대전화,120,16,98900
검색,2026-06-09,굿리치몰_치아보험_C04,휴대전화,205,10,64313
검색,2026-06-09,굿리치몰_어린이보험_C06,컴퓨터,46,5,35947
검색,2026-06-09,굿리치몰_치아보험_C04,컴퓨터,46,5,34313
검색,2026-06-09,굿리치몰_어린이보험_C06,휴대전화,55,3,21121
검색,2026-06-09,굿리치몰_보장분석_C16,컴퓨터,49,3,20438
검색,2026-06-09,굿리치몰_실비보험_C02,태블릿,20,1,13480
검색,2026-06-09,굿리치몰_치매보험_C07,컴퓨터,39,2,12291
검색,2026-06-09,굿리치몰_운전자보험_C09,태블릿,13,2,11585
실적 최대화,2026-06-09,실비보험_260420,태블릿,"1,783",6,3408
검색,2026-06-09,굿리치몰_치매보험_C07,휴대전화,82,1,702
검색,2026-06-09,굿리치몰_보장분석_C16,휴대전화,24,1,404
검색,2026-06-09,굿리치몰_치아보험_C04,태블릿,1,0,0
검색,2026-06-09,굿리치몰_암보험_C03,태블릿,2,0,0
검색,2026-06-09,굿리치몰_보장분석_C16,태블릿,0,0,0
검색,2026-06-09,굿리치몰_C01,태블릿,9,0,0
실적 최대화,2026-06-10,실비보험_260420,휴대전화,"53,871",803,883429
검색,2026-06-10,굿리치몰_실비보험_C02,휴대전화,741,28,309742
검색,2026-06-10,굿리치몰_운전자보험_C09,휴대전화,827,43,283314
검색,2026-06-10,굿리치몰_C01,컴퓨터,609,47,221025
검색,2026-06-10,굿리치몰_C01,휴대전화,562,32,191052
검색,2026-06-10,굿리치몰_실비보험_C02,컴퓨터,487,13,178795
검색,2026-06-10,굿리치몰_암보험_C03,휴대전화,137,11,151113
검색,2026-06-10,굿리치몰_운전자보험_C09,컴퓨터,572,27,120848
검색,2026-06-10,굿리치몰_암보험_C03,컴퓨터,85,8,87024
검색,2026-06-10,굿리치몰_치아보험_C04,휴대전화,199,7,58653
검색,2026-06-10,굿리치몰_보장분석_C16,컴퓨터,36,3,25460
검색,2026-06-10,굿리치몰_보장분석_C16,휴대전화,23,1,18786
검색,2026-06-10,굿리치몰_치아보험_C04,컴퓨터,47,2,16548
검색,2026-06-10,굿리치몰_어린이보험_C06,휴대전화,45,2,14285
실적 최대화,2026-06-10,실비보험_260420,태블릿,"1,511",12,7874
검색,2026-06-10,굿리치몰_어린이보험_C06,컴퓨터,31,1,6976
검색,2026-06-10,굿리치몰_C01,태블릿,18,1,6402
검색,2026-06-10,굿리치몰_치아보험_C04,태블릿,2,1,5782
검색,2026-06-10,굿리치몰_운전자보험_C09,태블릿,31,1,2142
검색,2026-06-10,굿리치몰_치매보험_C07,휴대전화,41,1,889
검색,2026-06-10,굿리치몰_어린이보험_C06,태블릿,0,0,0
검색,2026-06-10,굿리치몰_실비보험_C02,태블릿,18,0,0
검색,2026-06-10,굿리치몰_치매보험_C07,컴퓨터,32,0,0
검색,2026-06-10,굿리치몰_치매보험_C07,태블릿,1,0,0
검색,2026-06-10,굿리치몰_보장분석_C16,태블릿,1,0,0
실적 최대화,2026-06-11,실비보험_260420,휴대전화,"57,201",744,981387
검색,2026-06-11,굿리치몰_실비보험_C02,휴대전화,671,35,459994
검색,2026-06-11,굿리치몰_운전자보험_C09,휴대전화,954,57,391923
검색,2026-06-11,굿리치몰_실비보험_C02,컴퓨터,436,18,223319
검색,2026-06-11,굿리치몰_암보험_C03,컴퓨터,71,13,219454
검색,2026-06-11,굿리치몰_C01,컴퓨터,593,40,212265
검색,2026-06-11,굿리치몰_운전자보험_C09,컴퓨터,581,36,172140
검색,2026-06-11,굿리치몰_C01,휴대전화,549,22,138605
검색,2026-06-11,굿리치몰_암보험_C03,휴대전화,118,9,130737
검색,2026-06-11,굿리치몰_치아보험_C04,휴대전화,92,6,45647
검색,2026-06-11,굿리치몰_어린이보험_C06,휴대전화,52,5,37433
검색,2026-06-11,굿리치몰_치아보험_C04,컴퓨터,17,4,30317
검색,2026-06-11,굿리치몰_어린이보험_C06,컴퓨터,47,3,27749
실적 최대화,2026-06-11,실비보험_260420,태블릿,"1,867",25,16417
검색,2026-06-11,굿리치몰_치매보험_C07,휴대전화,40,4,16282
검색,2026-06-11,굿리치몰_보장분석_C16,컴퓨터,38,2,14911
검색,2026-06-11,굿리치몰_운전자보험_C09,태블릿,19,2,9291
검색,2026-06-11,굿리치몰_보장분석_C16,휴대전화,15,1,7876
검색,2026-06-11,굿리치몰_C01,태블릿,21,1,7413
검색,2026-06-11,굿리치몰_어린이보험_C06,태블릿,1,0,0
검색,2026-06-11,굿리치몰_실비보험_C02,태블릿,5,0,0
검색,2026-06-11,굿리치몰_암보험_C03,태블릿,0,0,0
검색,2026-06-11,굿리치몰_치매보험_C07,컴퓨터,30,0,0
검색,2026-06-11,굿리치몰_보장분석_C16,태블릿,1,0,0
실적 최대화,2026-06-12,실비보험_260420,휴대전화,"108,588",914,956296
검색,2026-06-12,굿리치몰_운전자보험_C09,휴대전화,715,39,240125
검색,2026-06-12,굿리치몰_암보험_C03,컴퓨터,92,14,217272
검색,2026-06-12,굿리치몰_실비보험_C02,휴대전화,568,19,206996
검색,2026-06-12,굿리치몰_운전자보험_C09,컴퓨터,549,37,183340
검색,2026-06-12,굿리치몰_C01,컴퓨터,478,28,148650
검색,2026-06-12,굿리치몰_실비보험_C02,컴퓨터,378,11,146157
검색,2026-06-12,굿리치몰_C01,휴대전화,530,16,115223
검색,2026-06-12,굿리치몰_암보험_C03,휴대전화,131,16,91163
검색,2026-06-12,굿리치몰_어린이보험_C06,컴퓨터,30,3,47759
검색,2026-06-12,굿리치몰_보장분석_C16,컴퓨터,39,2,25010
검색,2026-06-12,굿리치몰_보장분석_C16,휴대전화,13,1,13434
검색,2026-06-12,굿리치몰_치아보험_C04,휴대전화,57,1,11143
실적 최대화,2026-06-12,실비보험_260420,태블릿,"6,367",25,10768
검색,2026-06-12,굿리치몰_치매보험_C07,휴대전화,41,1,2415
검색,2026-06-12,굿리치몰_어린이보험_C06,휴대전화,35,0,0
검색,2026-06-12,굿리치몰_실비보험_C02,태블릿,12,0,0
검색,2026-06-12,굿리치몰_치아보험_C04,컴퓨터,19,0,0
검색,2026-06-12,굿리치몰_치아보험_C04,태블릿,0,0,0
검색,2026-06-12,굿리치몰_암보험_C03,태블릿,2,0,0
검색,2026-06-12,굿리치몰_치매보험_C07,컴퓨터,13,0,0
검색,2026-06-12,굿리치몰_치매보험_C07,태블릿,1,0,0
검색,2026-06-12,굿리치몰_C01,태블릿,9,0,0
검색,2026-06-12,굿리치몰_운전자보험_C09,태블릿,21,0,0
실적 최대화,2026-06-13,실비보험_260420,휴대전화,"57,155",827,945621
검색,2026-06-13,굿리치몰_운전자보험_C09,휴대전화,909,41,261254
검색,2026-06-13,굿리치몰_실비보험_C02,휴대전화,661,24,206810
검색,2026-06-13,굿리치몰_C01,휴대전화,610,28,170493
검색,2026-06-13,굿리치몰_운전자보험_C09,컴퓨터,405,33,149477
검색,2026-06-13,굿리치몰_C01,컴퓨터,306,17,92345
검색,2026-06-13,굿리치몰_실비보험_C02,컴퓨터,259,5,74241
검색,2026-06-13,굿리치몰_암보험_C03,휴대전화,94,5,63770
검색,2026-06-13,굿리치몰_암보험_C03,컴퓨터,31,4,52240
실적 최대화,2026-06-13,실비보험_260420,태블릿,"2,773",15,19995
검색,2026-06-13,굿리치몰_치아보험_C04,컴퓨터,6,2,13999
검색,2026-06-13,굿리치몰_보장분석_C16,컴퓨터,6,1,11013
검색,2026-06-13,굿리치몰_치아보험_C04,휴대전화,74,1,8116
검색,2026-06-13,굿리치몰_보장분석_C16,휴대전화,18,1,8044
검색,2026-06-13,굿리치몰_운전자보험_C09,태블릿,30,1,6174
검색,2026-06-13,굿리치몰_치매보험_C07,컴퓨터,26,1,2739
검색,2026-06-13,굿리치몰_치매보험_C07,태블릿,1,1,2250
검색,2026-06-13,굿리치몰_어린이보험_C06,컴퓨터,15,0,0
검색,2026-06-13,굿리치몰_어린이보험_C06,휴대전화,22,0,0
검색,2026-06-13,굿리치몰_실비보험_C02,태블릿,16,0,0
검색,2026-06-13,굿리치몰_치아보험_C04,태블릿,4,0,0
검색,2026-06-13,굿리치몰_암보험_C03,태블릿,7,0,0
검색,2026-06-13,굿리치몰_치매보험_C07,휴대전화,68,0,0
검색,2026-06-13,굿리치몰_보장분석_C16,태블릿,2,0,0
검색,2026-06-13,굿리치몰_C01,태블릿,9,0,0
실적 최대화,2026-06-14,실비보험_260420,휴대전화,"47,351",675,912105
검색,2026-06-14,굿리치몰_운전자보험_C09,휴대전화,762,40,270323
검색,2026-06-14,굿리치몰_실비보험_C02,휴대전화,436,16,132508
검색,2026-06-14,굿리치몰_C01,휴대전화,449,18,112980
검색,2026-06-14,굿리치몰_운전자보험_C09,컴퓨터,388,19,94571
검색,2026-06-14,굿리치몰_C01,컴퓨터,265,14,90263
검색,2026-06-14,굿리치몰_암보험_C03,휴대전화,98,4,58282
검색,2026-06-14,굿리치몰_실비보험_C02,컴퓨터,242,6,58132
검색,2026-06-14,굿리치몰_암보험_C03,컴퓨터,42,5,47563
검색,2026-06-14,굿리치몰_보장분석_C16,휴대전화,20,3,29043
검색,2026-06-14,굿리치몰_어린이보험_C06,컴퓨터,17,2,16246
검색,2026-06-14,굿리치몰_치아보험_C04,휴대전화,68,3,15581
검색,2026-06-14,굿리치몰_보장분석_C16,컴퓨터,15,2,11583
실적 최대화,2026-06-14,실비보험_260420,태블릿,"1,759",14,8652
검색,2026-06-14,굿리치몰_치매보험_C07,휴대전화,24,3,6555
검색,2026-06-14,굿리치몰_운전자보험_C09,태블릿,25,1,4432
검색,2026-06-14,굿리치몰_치매보험_C07,컴퓨터,14,1,3670
검색,2026-06-14,굿리치몰_어린이보험_C06,휴대전화,23,0,0
검색,2026-06-14,굿리치몰_어린이보험_C06,태블릿,0,0,0
검색,2026-06-14,굿리치몰_실비보험_C02,태블릿,17,0,0
검색,2026-06-14,굿리치몰_치아보험_C04,컴퓨터,13,0,0
검색,2026-06-14,굿리치몰_치매보험_C07,태블릿,1,0,0
검색,2026-06-14,굿리치몰_C01,태블릿,12,0,0
실적 최대화,2026-06-15,실비보험_260420,휴대전화,"39,413",535,830731
검색,2026-06-15,굿리치몰_실비보험_C02,휴대전화,770,37,434889
검색,2026-06-15,굿리치몰_C01,컴퓨터,603,52,316206
검색,2026-06-15,굿리치몰_운전자보험_C09,컴퓨터,862,63,308943
검색,2026-06-15,굿리치몰_C01,휴대전화,653,42,306123
검색,2026-06-15,굿리치몰_운전자보험_C09,휴대전화,968,43,296401
검색,2026-06-15,굿리치몰_실비보험_C02,컴퓨터,561,14,178047
검색,2026-06-15,굿리치몰_암보험_C03,컴퓨터,130,8,128333
검색,2026-06-15,굿리치몰_암보험_C03,휴대전화,127,7,108749
검색,2026-06-15,굿리치몰_실비보험_C02,태블릿,33,3,45637
검색,2026-06-15,굿리치몰_운전자보험_C09,태블릿,43,5,39038
검색,2026-06-15,굿리치몰_어린이보험_C06,휴대전화,67,4,33490
검색,2026-06-15,굿리치몰_치아보험_C04,컴퓨터,13,3,32285
검색,2026-06-15,굿리치몰_보장분석_C16,컴퓨터,23,2,31480
검색,2026-06-15,굿리치몰_보장분석_C16,휴대전화,34,3,15968
검색,2026-06-15,굿리치몰_치아보험_C04,휴대전화,65,1,10130
실적 최대화,2026-06-15,실비보험_260420,태블릿,"1,862",8,9559
검색,2026-06-15,굿리치몰_어린이보험_C06,컴퓨터,44,1,4965
검색,2026-06-15,굿리치몰_치매보험_C07,휴대전화,31,1,2748
검색,2026-06-15,굿리치몰_어린이보험_C06,태블릿,3,0,0
검색,2026-06-15,굿리치몰_치아보험_C04,태블릿,1,0,0
검색,2026-06-15,굿리치몰_치매보험_C07,컴퓨터,6,0,0
검색,2026-06-15,굿리치몰_보장분석_C16,태블릿,0,0,0
검색,2026-06-15,굿리치몰_C01,태블릿,10,0,0
실적 최대화,2026-06-16,실비보험_260420,휴대전화,"71,468",773,929479
검색,2026-06-16,굿리치몰_C01,컴퓨터,735,67,471124
검색,2026-06-16,굿리치몰_운전자보험_C09,휴대전화,978,54,369470
검색,2026-06-16,굿리치몰_운전자보험_C09,컴퓨터,718,68,342397
검색,2026-06-16,굿리치몰_실비보험_C02,컴퓨터,523,22,330239
검색,2026-06-16,굿리치몰_C01,휴대전화,654,24,248157
검색,2026-06-16,굿리치몰_실비보험_C02,휴대전화,744,28,236814
검색,2026-06-16,굿리치몰_암보험_C03,휴대전화,160,15,142089
검색,2026-06-16,굿리치몰_암보험_C03,컴퓨터,71,4,52217
검색,2026-06-16,굿리치몰_치아보험_C04,휴대전화,101,5,35673
검색,2026-06-16,굿리치몰_치아보험_C04,컴퓨터,31,3,30456
검색,2026-06-16,굿리치몰_어린이보험_C06,컴퓨터,40,3,23133
검색,2026-06-16,굿리치몰_치매보험_C07,휴대전화,32,4,15453
검색,2026-06-16,굿리치몰_C01,태블릿,4,1,14914
검색,2026-06-16,굿리치몰_어린이보험_C06,휴대전화,47,2,14484
검색,2026-06-16,굿리치몰_보장분석_C16,컴퓨터,44,2,10632
검색,2026-06-16,굿리치몰_운전자보험_C09,태블릿,12,1,8290
실적 최대화,2026-06-16,실비보험_260420,태블릿,"2,636",11,7780
검색,2026-06-16,굿리치몰_실비보험_C02,태블릿,11,0,0
검색,2026-06-16,굿리치몰_치아보험_C04,태블릿,3,0,0
검색,2026-06-16,굿리치몰_암보험_C03,태블릿,2,0,0
검색,2026-06-16,굿리치몰_치매보험_C07,컴퓨터,15,0,0
검색,2026-06-16,굿리치몰_보장분석_C16,휴대전화,22,0,0
검색,2026-06-16,굿리치몰_보장분석_C16,태블릿,1,0,0
실적 최대화,2026-06-17,실비보험_260420,휴대전화,"42,764",601,889189
검색,2026-06-17,굿리치몰_운전자보험_C09,휴대전화,990,51,316834
검색,2026-06-17,굿리치몰_실비보험_C02,컴퓨터,452,23,298182
검색,2026-06-17,굿리치몰_C01,컴퓨터,592,46,282818
검색,2026-06-17,굿리치몰_운전자보험_C09,컴퓨터,735,58,280719
검색,2026-06-17,굿리치몰_실비보험_C02,휴대전화,788,27,279540
검색,2026-06-17,굿리치몰_C01,휴대전화,732,32,249196
검색,2026-06-17,굿리치몰_암보험_C03,휴대전화,121,17,193024
검색,2026-06-17,굿리치몰_암보험_C03,컴퓨터,87,7,83239
검색,2026-06-17,굿리치몰_치아보험_C04,컴퓨터,20,2,21649
검색,2026-06-17,굿리치몰_실비보험_C02,태블릿,15,2,19969
검색,2026-06-17,굿리치몰_치아보험_C04,휴대전화,95,3,17490
검색,2026-06-17,굿리치몰_치매보험_C07,휴대전화,46,2,14336
검색,2026-06-17,굿리치몰_어린이보험_C06,컴퓨터,34,1,11369
실적 최대화,2026-06-17,실비보험_260420,태블릿,"1,379",11,8217
검색,2026-06-17,굿리치몰_어린이보험_C06,휴대전화,48,1,6736
검색,2026-06-17,굿리치몰_치매보험_C07,컴퓨터,24,1,6002
검색,2026-06-17,굿리치몰_보장분석_C16,컴퓨터,48,2,5515
검색,2026-06-17,굿리치몰_보장분석_C16,휴대전화,21,1,3124
검색,2026-06-17,굿리치몰_어린이보험_C06,태블릿,1,0,0
검색,2026-06-17,굿리치몰_암보험_C03,태블릿,1,0,0
검색,2026-06-17,굿리치몰_보장분석_C16,태블릿,1,0,0
검색,2026-06-17,굿리치몰_C01,태블릿,15,0,0
검색,2026-06-17,굿리치몰_운전자보험_C09,태블릿,19,0,0
실적 최대화,2026-06-18,실비보험_260420,휴대전화,"70,402",978,991376
검색,2026-06-18,굿리치몰_운전자보험_C09,컴퓨터,649,50,249908
검색,2026-06-18,굿리치몰_C01,휴대전화,624,32,233421
검색,2026-06-18,굿리치몰_C01,컴퓨터,492,46,229623
검색,2026-06-18,굿리치몰_암보험_C03,휴대전화,116,12,185998
검색,2026-06-18,굿리치몰_운전자보험_C09,휴대전화,855,34,173481
검색,2026-06-18,굿리치몰_실비보험_C02,컴퓨터,412,13,160169
검색,2026-06-18,굿리치몰_실비보험_C02,휴대전화,"4,513",18,137280
검색,2026-06-18,굿리치몰_암보험_C03,컴퓨터,115,9,115077
검색,2026-06-18,굿리치몰_보장분석_C16,컴퓨터,34,5,53497
검색,2026-06-18,굿리치몰_치아보험_C04,휴대전화,66,2,18542
검색,2026-06-18,굿리치몰_어린이보험_C06,컴퓨터,89,2,14871
검색,2026-06-18,굿리치몰_치매보험_C07,휴대전화,46,3,12587
검색,2026-06-18,굿리치몰_보장분석_C16,휴대전화,23,2,11953
검색,2026-06-18,굿리치몰_치아보험_C04,컴퓨터,11,1,8870
실적 최대화,2026-06-18,실비보험_260420,태블릿,"2,651",11,8329
검색,2026-06-18,굿리치몰_실비보험_C02,태블릿,20,1,4639
검색,2026-06-18,굿리치몰_치매보험_C07,컴퓨터,19,1,3019
검색,2026-06-18,굿리치몰_어린이보험_C06,휴대전화,60,0,0
검색,2026-06-18,굿리치몰_어린이보험_C06,태블릿,0,0,0
검색,2026-06-18,굿리치몰_치아보험_C04,태블릿,2,0,0
검색,2026-06-18,굿리치몰_암보험_C03,태블릿,0,0,0
검색,2026-06-18,굿리치몰_보장분석_C16,태블릿,2,0,0
검색,2026-06-18,굿리치몰_C01,태블릿,15,0,0
검색,2026-06-18,굿리치몰_운전자보험_C09,태블릿,14,0,0
실적 최대화,2026-06-19,실비보험_260420,휴대전화,"79,431",870,938182
검색,2026-06-19,굿리치몰_실비보험_C02,휴대전화,533,28,281051
검색,2026-06-19,굿리치몰_C01,컴퓨터,513,43,199816
검색,2026-06-19,굿리치몰_운전자보험_C09,휴대전화,789,34,183286
검색,2026-06-19,굿리치몰_운전자보험_C09,컴퓨터,580,39,164068
검색,2026-06-19,굿리치몰_실비보험_C02,컴퓨터,436,10,144248
검색,2026-06-19,굿리치몰_암보험_C03,컴퓨터,104,9,124908
검색,2026-06-19,굿리치몰_암보험_C03,휴대전화,115,13,111126
검색,2026-06-19,굿리치몰_C01,휴대전화,513,18,98884
검색,2026-06-19,굿리치몰_C01,태블릿,20,2,20925
검색,2026-06-19,굿리치몰_어린이보험_C06,컴퓨터,89,3,18778
검색,2026-06-19,굿리치몰_암보험_C03,태블릿,3,1,16635
검색,2026-06-19,굿리치몰_어린이보험_C06,휴대전화,"1,517",1,12068
검색,2026-06-19,굿리치몰_치매보험_C07,휴대전화,35,3,9361
검색,2026-06-19,굿리치몰_치아보험_C04,컴퓨터,25,1,7912
실적 최대화,2026-06-19,실비보험_260420,태블릿,"3,545",9,7895
검색,2026-06-19,굿리치몰_치아보험_C04,휴대전화,64,2,6694
검색,2026-06-19,굿리치몰_운전자보험_C09,태블릿,33,1,6185
검색,2026-06-19,굿리치몰_어린이보험_C06,태블릿,1,0,0
검색,2026-06-19,굿리치몰_실비보험_C02,태블릿,11,0,0
검색,2026-06-19,굿리치몰_치아보험_C04,태블릿,4,0,0
검색,2026-06-19,굿리치몰_치매보험_C07,컴퓨터,15,0,0
검색,2026-06-19,굿리치몰_보장분석_C16,컴퓨터,22,0,0
검색,2026-06-19,굿리치몰_보장분석_C16,휴대전화,9,0,0
실적 최대화,2026-06-20,실비보험_260420,휴대전화,"64,481",726,868423
검색,2026-06-20,굿리치몰_운전자보험_C09,휴대전화,"1,154",57,344571
검색,2026-06-20,굿리치몰_암보험_C03,휴대전화,146,23,227957
검색,2026-06-20,굿리치몰_실비보험_C02,휴대전화,617,26,223398
검색,2026-06-20,굿리치몰_C01,휴대전화,588,28,212023
검색,2026-06-20,굿리치몰_C01,컴퓨터,339,31,205907
검색,2026-06-20,굿리치몰_운전자보험_C09,컴퓨터,523,33,143632
검색,2026-06-20,굿리치몰_실비보험_C02,컴퓨터,262,7,77848
검색,2026-06-20,굿리치몰_암보험_C03,컴퓨터,61,3,54538
검색,2026-06-20,굿리치몰_치아보험_C04,컴퓨터,15,5,39009
검색,2026-06-20,굿리치몰_어린이보험_C06,휴대전화,67,2,20912
검색,2026-06-20,굿리치몰_치아보험_C04,휴대전화,79,2,16526
검색,2026-06-20,굿리치몰_운전자보험_C09,태블릿,30,3,13752
검색,2026-06-20,굿리치몰_보장분석_C16,휴대전화,20,1,7641
검색,2026-06-20,굿리치몰_어린이보험_C06,컴퓨터,24,1,5036
검색,2026-06-20,굿리치몰_보장분석_C16,컴퓨터,10,1,2999
실적 최대화,2026-06-20,실비보험_260420,태블릿,"2,474",7,2792
검색,2026-06-20,굿리치몰_어린이보험_C06,태블릿,1,0,0
검색,2026-06-20,굿리치몰_실비보험_C02,태블릿,14,0,0
검색,2026-06-20,굿리치몰_치매보험_C07,컴퓨터,11,0,0
검색,2026-06-20,굿리치몰_치매보험_C07,휴대전화,34,0,0
검색,2026-06-20,굿리치몰_치매보험_C07,태블릿,1,0,0
검색,2026-06-20,굿리치몰_C01,태블릿,10,0,0
실적 최대화,2026-06-21,실비보험_260420,휴대전화,"81,057","1,009",879140
검색,2026-06-21,굿리치몰_운전자보험_C09,휴대전화,"1,334",50,325366
검색,2026-06-21,굿리치몰_C01,컴퓨터,342,25,174407
검색,2026-06-21,굿리치몰_운전자보험_C09,컴퓨터,623,35,168628
검색,2026-06-21,굿리치몰_C01,휴대전화,539,23,159699
검색,2026-06-21,굿리치몰_실비보험_C02,휴대전화,484,17,156919
검색,2026-06-21,굿리치몰_암보험_C03,컴퓨터,68,7,116383
검색,2026-06-21,굿리치몰_실비보험_C02,컴퓨터,252,5,68040
검색,2026-06-21,굿리치몰_암보험_C03,휴대전화,130,7,40367
검색,2026-06-21,굿리치몰_보장분석_C16,컴퓨터,11,1,15766
검색,2026-06-21,굿리치몰_실비보험_C02,태블릿,11,1,15037
실적 최대화,2026-06-21,실비보험_260420,태블릿,"3,253",17,13519
검색,2026-06-21,굿리치몰_치아보험_C04,휴대전화,60,2,11463
검색,2026-06-21,굿리치몰_C01,태블릿,8,1,10741
검색,2026-06-21,굿리치몰_치아보험_C04,컴퓨터,16,1,7119
검색,2026-06-21,굿리치몰_어린이보험_C06,컴퓨터,19,1,6210
검색,2026-06-21,굿리치몰_어린이보험_C06,휴대전화,95,1,2273
검색,2026-06-21,굿리치몰_어린이보험_C06,태블릿,0,0,0
검색,2026-06-21,굿리치몰_치아보험_C04,태블릿,1,0,0
검색,2026-06-21,굿리치몰_암보험_C03,태블릿,4,0,0
검색,2026-06-21,굿리치몰_치매보험_C07,컴퓨터,16,0,0
검색,2026-06-21,굿리치몰_치매보험_C07,휴대전화,43,0,0
검색,2026-06-21,굿리치몰_치매보험_C07,태블릿,3,0,0
검색,2026-06-21,굿리치몰_보장분석_C16,휴대전화,10,0,0
검색,2026-06-21,굿리치몰_운전자보험_C09,태블릿,34,0,0
실적 최대화,2026-06-22,실비보험_260420,휴대전화,"89,480",963,925853
검색,2026-06-22,굿리치몰_운전자보험_C09,휴대전화,"1,430",87,493205
검색,2026-06-22,굿리치몰_운전자보험_C09,컴퓨터,945,72,343547
검색,2026-06-22,굿리치몰_실비보험_C02,휴대전화,801,28,341818
검색,2026-06-22,굿리치몰_C01,컴퓨터,606,57,340154
검색,2026-06-22,굿리치몰_C01,휴대전화,684,32,256986
검색,2026-06-22,굿리치몰_실비보험_C02,컴퓨터,518,18,207713
검색,2026-06-22,굿리치몰_암보험_C03,컴퓨터,116,12,182993
검색,2026-06-22,굿리치몰_암보험_C03,휴대전화,132,12,136513
검색,2026-06-22,굿리치몰_치아보험_C04,휴대전화,87,5,43961
검색,2026-06-22,굿리치몰_보장분석_C16,컴퓨터,34,3,32732
실적 최대화,2026-06-22,실비보험_260420,태블릿,"2,880",13,26842
검색,2026-06-22,굿리치몰_치아보험_C04,컴퓨터,30,3,23396
검색,2026-06-22,굿리치몰_어린이보험_C06,컴퓨터,50,2,19382
검색,2026-06-22,굿리치몰_치매보험_C07,휴대전화,36,3,10638
검색,2026-06-22,굿리치몰_운전자보험_C09,태블릿,25,2,8530
검색,2026-06-22,굿리치몰_실비보험_C02,태블릿,25,1,2491
검색,2026-06-22,굿리치몰_어린이보험_C06,휴대전화,80,1,160
검색,2026-06-22,굿리치몰_어린이보험_C06,태블릿,3,0,0
검색,2026-06-22,굿리치몰_치아보험_C04,태블릿,1,0,0
검색,2026-06-22,굿리치몰_암보험_C03,태블릿,0,0,0
검색,2026-06-22,굿리치몰_치매보험_C07,컴퓨터,9,0,0
검색,2026-06-22,굿리치몰_치매보험_C07,태블릿,0,0,0
검색,2026-06-22,굿리치몰_보장분석_C16,휴대전화,20,0,0
검색,2026-06-22,굿리치몰_보장분석_C16,태블릿,2,0,0
검색,2026-06-22,굿리치몰_C01,태블릿,12,0,0
실적 최대화,2026-06-23,실비보험_260420,휴대전화,"74,526","1,128",800134
검색,2026-06-23,굿리치몰_운전자보험_C09,휴대전화,"1,427",67,423814
검색,2026-06-23,굿리치몰_실비보험_C02,컴퓨터,506,28,383646
검색,2026-06-23,굿리치몰_실비보험_C02,휴대전화,784,33,370137
검색,2026-06-23,굿리치몰_C01,휴대전화,752,39,330181
검색,2026-06-23,굿리치몰_운전자보험_C09,컴퓨터,851,62,272829
검색,2026-06-23,굿리치몰_C01,컴퓨터,718,51,257413
검색,2026-06-23,굿리치몰_암보험_C03,컴퓨터,134,17,223189
검색,2026-06-23,굿리치몰_암보험_C03,휴대전화,143,10,116124
검색,2026-06-23,굿리치몰_치아보험_C04,휴대전화,97,11,76972
실적 최대화,2026-06-23,실비보험_260420,태블릿,"2,016",17,20205
검색,2026-06-23,굿리치몰_어린이보험_C06,휴대전화,92,3,18511
검색,2026-06-23,굿리치몰_C01,태블릿,16,2,11305
검색,2026-06-23,굿리치몰_치아보험_C04,컴퓨터,28,1,7015
검색,2026-06-23,굿리치몰_치매보험_C07,휴대전화,31,2,6524
검색,2026-06-23,굿리치몰_실비보험_C02,태블릿,17,2,4900
검색,2026-06-23,굿리치몰_보장분석_C16,컴퓨터,38,1,4166
검색,2026-06-23,굿리치몰_어린이보험_C06,컴퓨터,50,0,0
검색,2026-06-23,굿리치몰_어린이보험_C06,태블릿,2,0,0
검색,2026-06-23,굿리치몰_치아보험_C04,태블릿,1,0,0
검색,2026-06-23,굿리치몰_암보험_C03,태블릿,4,0,0
검색,2026-06-23,굿리치몰_치매보험_C07,컴퓨터,11,0,0
검색,2026-06-23,굿리치몰_치매보험_C07,태블릿,1,0,0
검색,2026-06-23,굿리치몰_보장분석_C16,휴대전화,26,0,0
검색,2026-06-23,굿리치몰_보장분석_C16,태블릿,1,0,0
검색,2026-06-23,굿리치몰_운전자보험_C09,태블릿,19,0,0
실적 최대화,2026-06-24,실비보험_260420,휴대전화,"153,634","1,655",931590
검색,2026-06-24,굿리치몰_실비보험_C02,휴대전화,743,32,387811
검색,2026-06-24,굿리치몰_운전자보험_C09,휴대전화,"1,462",63,381196
검색,2026-06-24,굿리치몰_운전자보험_C09,컴퓨터,955,69,357145
검색,2026-06-24,굿리치몰_C01,컴퓨터,690,58,305660
검색,2026-06-24,굿리치몰_C01,휴대전화,771,34,279514
검색,2026-06-24,굿리치몰_암보험_C03,컴퓨터,122,10,190082
검색,2026-06-24,굿리치몰_암보험_C03,휴대전화,145,15,166877
검색,2026-06-24,굿리치몰_실비보험_C02,컴퓨터,453,12,165658
검색,2026-06-24,굿리치몰_치아보험_C04,휴대전화,148,7,47936
검색,2026-06-24,굿리치몰_보장분석_C16,컴퓨터,33,3,33166
검색,2026-06-24,굿리치몰_보장분석_C16,휴대전화,25,3,30475
검색,2026-06-24,굿리치몰_치아보험_C04,컴퓨터,53,1,15215
실적 최대화,2026-06-24,실비보험_260420,태블릿,"5,389",23,12593
검색,2026-06-24,굿리치몰_실비보험_C02,태블릿,8,1,9695
검색,2026-06-24,굿리치몰_어린이보험_C06,컴퓨터,38,1,5630
검색,2026-06-24,굿리치몰_운전자보험_C09,태블릿,31,2,5340
검색,2026-06-24,굿리치몰_어린이보험_C06,휴대전화,82,0,0
검색,2026-06-24,굿리치몰_치매보험_C07,컴퓨터,12,0,0
검색,2026-06-24,굿리치몰_치매보험_C07,휴대전화,38,0,0
검색,2026-06-24,굿리치몰_보장분석_C16,태블릿,2,0,0
검색,2026-06-24,굿리치몰_C01,태블릿,17,0,0
실적 최대화,2026-06-25,실비보험_260420,휴대전화,"99,882","1,235",778645
검색,2026-06-25,굿리치몰_운전자보험_C09,휴대전화,"1,403",83,449626
검색,2026-06-25,굿리치몰_실비보험_C02,휴대전화,809,39,394569
검색,2026-06-25,굿리치몰_실비보험_C02,컴퓨터,482,21,307844
검색,2026-06-25,굿리치몰_운전자보험_C09,컴퓨터,865,60,290212
검색,2026-06-25,굿리치몰_C01,컴퓨터,599,53,272753
검색,2026-06-25,굿리치몰_암보험_C03,휴대전화,161,18,262771
검색,2026-06-25,굿리치몰_C01,휴대전화,822,32,250408
검색,2026-06-25,굿리치몰_암보험_C03,컴퓨터,104,7,93783
검색,2026-06-25,굿리치몰_어린이보험_C06,휴대전화,102,7,53027
실적 최대화,2026-06-25,실비보험_260420,태블릿,"4,929",16,31877
검색,2026-06-25,굿리치몰_치아보험_C04,컴퓨터,48,3,21244
검색,2026-06-25,굿리치몰_치아보험_C04,휴대전화,113,3,16664
검색,2026-06-25,굿리치몰_보장분석_C16,컴퓨터,38,2,15221
검색,2026-06-25,굿리치몰_어린이보험_C06,컴퓨터,48,1,4256
검색,2026-06-25,굿리치몰_C01,태블릿,20,1,3278
검색,2026-06-25,굿리치몰_실비보험_C02,태블릿,12,0,0
검색,2026-06-25,굿리치몰_치아보험_C04,태블릿,1,0,0
검색,2026-06-25,굿리치몰_암보험_C03,태블릿,2,0,0
검색,2026-06-25,굿리치몰_치매보험_C07,컴퓨터,15,0,0
검색,2026-06-25,굿리치몰_치매보험_C07,휴대전화,51,0,0
검색,2026-06-25,굿리치몰_보장분석_C16,휴대전화,9,0,0
검색,2026-06-25,굿리치몰_운전자보험_C09,태블릿,13,0,0
실적 최대화,2026-06-26,실비보험_260420,휴대전화,"162,000","1,499",823350
검색,2026-06-26,굿리치몰_실비보험_C02,휴대전화,824,39,415179
검색,2026-06-26,굿리치몰_C01,휴대전화,970,62,375315
검색,2026-06-26,굿리치몰_운전자보험_C09,휴대전화,"1,378",57,318232
검색,2026-06-26,굿리치몰_운전자보험_C09,컴퓨터,874,48,236767
검색,2026-06-26,굿리치몰_실비보험_C02,컴퓨터,420,18,236101
검색,2026-06-26,굿리치몰_암보험_C03,컴퓨터,125,15,199683
검색,2026-06-26,굿리치몰_C01,컴퓨터,752,48,179695
검색,2026-06-26,굿리치몰_암보험_C03,휴대전화,164,17,150185
검색,2026-06-26,굿리치몰_치아보험_C04,컴퓨터,63,5,41532
실적 최대화,2026-06-26,실비보험_260420,태블릿,"8,111",36,31038
검색,2026-06-26,굿리치몰_어린이보험_C06,휴대전화,84,4,28051
검색,2026-06-26,굿리치몰_어린이보험_C06,컴퓨터,56,2,10301
검색,2026-06-26,굿리치몰_보장분석_C16,휴대전화,20,1,7855
검색,2026-06-26,굿리치몰_C01,태블릿,23,2,4379
검색,2026-06-26,굿리치몰_보장분석_C16,컴퓨터,39,1,3867
검색,2026-06-26,굿리치몰_치매보험_C07,휴대전화,78,2,2047
검색,2026-06-26,굿리치몰_어린이보험_C06,태블릿,2,0,0
검색,2026-06-26,굿리치몰_실비보험_C02,태블릿,8,0,0
검색,2026-06-26,굿리치몰_치아보험_C04,휴대전화,258,0,0
검색,2026-06-26,굿리치몰_치아보험_C04,태블릿,1,0,0
검색,2026-06-26,굿리치몰_암보험_C03,태블릿,3,0,0
검색,2026-06-26,굿리치몰_치매보험_C07,컴퓨터,24,0,0
검색,2026-06-26,굿리치몰_치매보험_C07,태블릿,2,0,0
검색,2026-06-26,굿리치몰_운전자보험_C09,태블릿,13,0,0
실적 최대화,2026-06-27,실비보험_260420,휴대전화,"196,141","1,740",866775
검색,2026-06-27,굿리치몰_실비보험_C02,휴대전화,756,42,404670
검색,2026-06-27,굿리치몰_운전자보험_C09,휴대전화,"1,321",50,295699
검색,2026-06-27,굿리치몰_C01,휴대전화,"1,010",39,257599
검색,2026-06-27,굿리치몰_C01,컴퓨터,471,29,188997
검색,2026-06-27,굿리치몰_실비보험_C02,컴퓨터,234,14,182134
검색,2026-06-27,굿리치몰_운전자보험_C09,컴퓨터,504,38,178883
검색,2026-06-27,굿리치몰_암보험_C03,휴대전화,132,14,152717
검색,2026-06-27,굿리치몰_암보험_C03,컴퓨터,75,8,136380
검색,2026-06-27,굿리치몰_어린이보험_C06,컴퓨터,28,2,27180
실적 최대화,2026-06-27,실비보험_260420,태블릿,"9,784",32,24025
검색,2026-06-27,굿리치몰_치아보험_C04,휴대전화,96,3,20658
검색,2026-06-27,굿리치몰_어린이보험_C06,휴대전화,60,2,16693
검색,2026-06-27,굿리치몰_운전자보험_C09,태블릿,21,1,7862
검색,2026-06-27,굿리치몰_치매보험_C07,휴대전화,105,2,4701
검색,2026-06-27,굿리치몰_C01,태블릿,25,2,3746
검색,2026-06-27,굿리치몰_보장분석_C16,컴퓨터,6,1,2593
검색,2026-06-27,굿리치몰_실비보험_C02,태블릿,16,0,0
검색,2026-06-27,굿리치몰_치아보험_C04,컴퓨터,30,0,0
검색,2026-06-27,굿리치몰_암보험_C03,태블릿,4,0,0
검색,2026-06-27,굿리치몰_치매보험_C07,컴퓨터,34,0,0
검색,2026-06-27,굿리치몰_치매보험_C07,태블릿,3,0,0
검색,2026-06-27,굿리치몰_보장분석_C16,휴대전화,15,0,0
실적 최대화,2026-06-28,실비보험_260420,휴대전화,"109,958","1,164",736036
검색,2026-06-28,굿리치몰_실비보험_C02,휴대전화,655,35,352447
검색,2026-06-28,굿리치몰_운전자보험_C09,휴대전화,"1,300",55,307665
검색,2026-06-28,굿리치몰_C01,휴대전화,937,30,200505
검색,2026-06-28,굿리치몰_운전자보험_C09,컴퓨터,597,38,175929
검색,2026-06-28,굿리치몰_암보험_C03,휴대전화,139,13,128990
검색,2026-06-28,굿리치몰_실비보험_C02,컴퓨터,269,6,92607
검색,2026-06-28,굿리치몰_C01,컴퓨터,450,17,88828
검색,2026-06-28,굿리치몰_치아보험_C04,휴대전화,74,5,35301
검색,2026-06-28,굿리치몰_보장분석_C16,컴퓨터,13,2,23652
검색,2026-06-28,굿리치몰_암보험_C03,태블릿,3,1,19577
실적 최대화,2026-06-28,실비보험_260420,태블릿,"6,871",28,17561
검색,2026-06-28,굿리치몰_어린이보험_C06,컴퓨터,28,1,14387
검색,2026-06-28,굿리치몰_암보험_C03,컴퓨터,35,2,13208
검색,2026-06-28,굿리치몰_치아보험_C04,컴퓨터,10,2,9777
검색,2026-06-28,굿리치몰_치매보험_C07,휴대전화,91,3,4275
검색,2026-06-28,굿리치몰_치매보험_C07,컴퓨터,32,1,902
검색,2026-06-28,굿리치몰_어린이보험_C06,휴대전화,52,0,0
검색,2026-06-28,굿리치몰_어린이보험_C06,태블릿,0,0,0
검색,2026-06-28,굿리치몰_실비보험_C02,태블릿,6,0,0
검색,2026-06-28,굿리치몰_치매보험_C07,태블릿,1,0,0
검색,2026-06-28,굿리치몰_보장분석_C16,휴대전화,19,0,0
검색,2026-06-28,굿리치몰_보장분석_C16,태블릿,1,0,0
검색,2026-06-28,굿리치몰_C01,태블릿,9,0,0
검색,2026-06-28,굿리치몰_운전자보험_C09,태블릿,12,0,0
실적 최대화,2026-06-29,실비보험_260420,휴대전화,"56,438",851,920971
검색,2026-06-29,굿리치몰_실비보험_C02,휴대전화,972,51,570120
검색,2026-06-29,굿리치몰_운전자보험_C09,휴대전화,"1,682",78,542293
검색,2026-06-29,굿리치몰_실비보험_C02,컴퓨터,606,34,520211
검색,2026-06-29,굿리치몰_운전자보험_C09,컴퓨터,"1,162",78,380553
검색,2026-06-29,굿리치몰_C01,휴대전화,"1,392",49,311988
검색,2026-06-29,굿리치몰_C01,컴퓨터,974,50,293535
검색,2026-06-29,굿리치몰_암보험_C03,컴퓨터,124,11,202094
검색,2026-06-29,굿리치몰_암보험_C03,휴대전화,198,24,196438
검색,2026-06-29,굿리치몰_어린이보험_C06,컴퓨터,111,14,88392
검색,2026-06-29,굿리치몰_어린이보험_C06,휴대전화,98,7,48922
검색,2026-06-29,굿리치몰_치아보험_C04,휴대전화,92,6,33980
검색,2026-06-29,굿리치몰_치매보험_C07,휴대전화,87,7,28358
실적 최대화,2026-06-29,실비보험_260420,태블릿,"2,600",14,16205
검색,2026-06-29,굿리치몰_치아보험_C04,컴퓨터,39,2,14034
검색,2026-06-29,굿리치몰_보장분석_C16,휴대전화,24,4,12009
검색,2026-06-29,굿리치몰_C01,태블릿,22,2,10874
검색,2026-06-29,굿리치몰_보장분석_C16,컴퓨터,38,2,9739
검색,2026-06-29,굿리치몰_운전자보험_C09,태블릿,18,2,4282
검색,2026-06-29,굿리치몰_치매보험_C07,컴퓨터,32,1,3936
검색,2026-06-29,굿리치몰_어린이보험_C06,태블릿,4,0,0
검색,2026-06-29,굿리치몰_실비보험_C02,태블릿,30,0,0
검색,2026-06-29,굿리치몰_치아보험_C04,태블릿,1,0,0
검색,2026-06-29,굿리치몰_암보험_C03,태블릿,1,0,0
검색,2026-06-29,굿리치몰_보장분석_C16,태블릿,3,0,0
실적 최대화,2026-06-30,실비보험_260420,휴대전화,"55,520",809,792109
검색,2026-06-30,굿리치몰_실비보험_C02,휴대전화,871,54,466325
검색,2026-06-30,굿리치몰_실비보험_C02,컴퓨터,642,36,434667
검색,2026-06-30,굿리치몰_C01,컴퓨터,"1,083",63,355814
검색,2026-06-30,굿리치몰_운전자보험_C09,휴대전화,953,58,313241
검색,2026-06-30,굿리치몰_암보험_C03,휴대전화,263,30,308177
검색,2026-06-30,굿리치몰_C01,휴대전화,"1,382",37,280531
검색,2026-06-30,굿리치몰_운전자보험_C09,컴퓨터,742,46,226719
검색,2026-06-30,굿리치몰_암보험_C03,컴퓨터,169,16,220840
검색,2026-06-30,굿리치몰_치아보험_C04,휴대전화,153,7,50667
검색,2026-06-30,굿리치몰_보장분석_C16,컴퓨터,43,4,47177
검색,2026-06-30,굿리치몰_어린이보험_C06,컴퓨터,94,6,46960
검색,2026-06-30,굿리치몰_어린이보험_C06,휴대전화,86,6,31665
검색,2026-06-30,굿리치몰_치아보험_C04,컴퓨터,47,3,23818
실적 최대화,2026-06-30,실비보험_260420,태블릿,"2,010",12,11381
검색,2026-06-30,굿리치몰_보장분석_C16,휴대전화,15,1,8119
검색,2026-06-30,굿리치몰_운전자보험_C09,태블릿,28,1,7447
검색,2026-06-30,굿리치몰_치매보험_C07,컴퓨터,19,2,5112
검색,2026-06-30,굿리치몰_C01,태블릿,11,1,4972
검색,2026-06-30,굿리치몰_치매보험_C07,휴대전화,69,2,3554
검색,2026-06-30,굿리치몰_실비보험_C02,태블릿,15,0,0
검색,2026-06-30,굿리치몰_치아보험_C04,태블릿,1,0,0
실적 최대화,2026-07-01,실비보험_260420,휴대전화,"102,458","1,342",936462
검색,2026-07-01,굿리치몰_운전자보험_C09,휴대전화,"1,291",77,491247
검색,2026-07-01,굿리치몰_실비보험_C02,휴대전화,867,37,406131
검색,2026-07-01,굿리치몰_C01,컴퓨터,891,58,328979
검색,2026-07-01,굿리치몰_운전자보험_C09,컴퓨터,915,71,318923
검색,2026-07-01,굿리치몰_실비보험_C02,컴퓨터,469,22,268782
검색,2026-07-01,굿리치몰_암보험_C03,휴대전화,224,18,249696
검색,2026-07-01,굿리치몰_암보험_C03,컴퓨터,160,14,245760
검색,2026-07-01,굿리치몰_C01,휴대전화,"1,190",37,229377
검색,2026-07-01,굿리치몰_치아보험_C04,휴대전화,122,6,36924
검색,2026-07-01,굿리치몰_보장분석_C16,컴퓨터,29,4,26010
검색,2026-07-01,굿리치몰_어린이보험_C06,컴퓨터,69,2,21518
실적 최대화,2026-07-01,실비보험_260420,태블릿,"4,799",22,20361
검색,2026-07-01,굿리치몰_어린이보험_C06,휴대전화,86,2,15319
검색,2026-07-01,굿리치몰_치아보험_C04,컴퓨터,55,2,14345
검색,2026-07-01,굿리치몰_보장분석_C16,휴대전화,18,1,14153
검색,2026-07-01,굿리치몰_운전자보험_C09,태블릿,20,3,13466
검색,2026-07-01,굿리치몰_C01,태블릿,32,1,1806
검색,2026-07-01,굿리치몰_어린이보험_C06,태블릿,0,0,0
검색,2026-07-01,굿리치몰_실비보험_C02,태블릿,2,0,0
검색,2026-07-01,굿리치몰_치아보험_C04,태블릿,1,0,0
검색,2026-07-01,굿리치몰_치매보험_C07,컴퓨터,14,0,0
검색,2026-07-01,굿리치몰_치매보험_C07,휴대전화,49,0,0
검색,2026-07-01,굿리치몰_보장분석_C16,태블릿,0,0,0
실적 최대화,2026-07-02,실비보험_260420,휴대전화,"89,223","1,340",845340
검색,2026-07-02,굿리치몰_실비보험_C02,휴대전화,849,45,580039
검색,2026-07-02,굿리치몰_운전자보험_C09,휴대전화,"1,359",78,432600
검색,2026-07-02,굿리치몰_운전자보험_C09,컴퓨터,847,58,294146
검색,2026-07-02,굿리치몰_C01,컴퓨터,752,59,289512
검색,2026-07-02,굿리치몰_실비보험_C02,컴퓨터,499,18,258930
검색,2026-07-02,굿리치몰_암보험_C03,휴대전화,238,15,220829
검색,2026-07-02,굿리치몰_암보험_C03,컴퓨터,156,10,194125
검색,2026-07-02,굿리치몰_C01,휴대전화,"1,119",35,185391
검색,2026-07-02,굿리치몰_보장분석_C16,컴퓨터,56,4,47257
검색,2026-07-02,굿리치몰_보장분석_C16,휴대전화,22,3,44569
검색,2026-07-02,굿리치몰_치아보험_C04,컴퓨터,55,3,25110
검색,2026-07-02,굿리치몰_치아보험_C04,휴대전화,146,4,18923
검색,2026-07-02,굿리치몰_어린이보험_C06,컴퓨터,94,2,17453
검색,2026-07-02,굿리치몰_실비보험_C02,태블릿,11,1,8600
실적 최대화,2026-07-02,실비보험_260420,태블릿,"3,885",9,3846
검색,2026-07-02,굿리치몰_치매보험_C07,휴대전화,38,1,1887
검색,2026-07-02,굿리치몰_치매보험_C07,컴퓨터,14,1,1157
검색,2026-07-02,굿리치몰_어린이보험_C06,휴대전화,223,0,0
검색,2026-07-02,굿리치몰_어린이보험_C06,태블릿,2,0,0
검색,2026-07-02,굿리치몰_치아보험_C04,태블릿,2,0,0
검색,2026-07-02,굿리치몰_암보험_C03,태블릿,2,0,0
검색,2026-07-02,굿리치몰_보장분석_C16,태블릿,2,0,0
검색,2026-07-02,굿리치몰_C01,태블릿,14,0,0
검색,2026-07-02,굿리치몰_운전자보험_C09,태블릿,18,0,0
실적 최대화,2026-07-03,실비보험_260420,휴대전화,"106,185","1,143",830308
검색,2026-07-03,굿리치몰_운전자보험_C09,휴대전화,891,69,451662
검색,2026-07-03,굿리치몰_실비보험_C02,휴대전화,736,32,353731
검색,2026-07-03,굿리치몰_C01,휴대전화,953,54,292313
검색,2026-07-03,굿리치몰_C01,컴퓨터,781,61,254470
검색,2026-07-03,굿리치몰_암보험_C03,컴퓨터,185,13,245725
검색,2026-07-03,굿리치몰_운전자보험_C09,컴퓨터,651,44,209829
검색,2026-07-03,굿리치몰_실비보험_C02,컴퓨터,395,12,149270
검색,2026-07-03,굿리치몰_암보험_C03,휴대전화,262,29,136014
검색,2026-07-03,굿리치몰_치아보험_C04,휴대전화,151,10,69975
검색,2026-07-03,굿리치몰_치아보험_C04,컴퓨터,69,8,56296
검색,2026-07-03,굿리치몰_C01,태블릿,21,3,22505
실적 최대화,2026-07-03,실비보험_260420,태블릿,"5,925",24,16959
검색,2026-07-03,굿리치몰_어린이보험_C06,휴대전화,86,3,13909
검색,2026-07-03,굿리치몰_어린이보험_C06,컴퓨터,121,1,11789
검색,2026-07-03,굿리치몰_치매보험_C07,컴퓨터,23,1,4067
검색,2026-07-03,굿리치몰_치매보험_C07,휴대전화,68,3,3576
검색,2026-07-03,굿리치몰_운전자보험_C09,태블릿,16,1,1574
검색,2026-07-03,굿리치몰_암보험_C03,태블릿,1,1,168
검색,2026-07-03,굿리치몰_실비보험_C02,태블릿,3,0,0
검색,2026-07-03,굿리치몰_치아보험_C04,태블릿,1,0,0
검색,2026-07-03,굿리치몰_치매보험_C07,태블릿,2,0,0
검색,2026-07-03,굿리치몰_보장분석_C16,컴퓨터,21,0,0
검색,2026-07-03,굿리치몰_보장분석_C16,휴대전화,15,0,0
검색,2026-07-03,굿리치몰_보장분석_C16,태블릿,2,0,0
실적 최대화,2026-07-04,실비보험_260420,휴대전화,"133,383","1,512",902429
검색,2026-07-04,굿리치몰_실비보험_C02,휴대전화,646,35,395846
검색,2026-07-04,굿리치몰_C01,휴대전화,929,41,294922
검색,2026-07-04,굿리치몰_운전자보험_C09,휴대전화,"1,388",50,275349
검색,2026-07-04,굿리치몰_C01,컴퓨터,524,26,195204
검색,2026-07-04,굿리치몰_운전자보험_C09,컴퓨터,615,31,151417
검색,2026-07-04,굿리치몰_암보험_C03,휴대전화,216,14,145269
검색,2026-07-04,굿리치몰_실비보험_C02,컴퓨터,218,8,127597
검색,2026-07-04,굿리치몰_암보험_C03,컴퓨터,96,7,102535
검색,2026-07-04,굿리치몰_치아보험_C04,휴대전화,108,8,45687
실적 최대화,2026-07-04,실비보험_260420,태블릿,"5,841",22,30589
검색,2026-07-04,굿리치몰_어린이보험_C06,휴대전화,170,3,10684
검색,2026-07-04,굿리치몰_C01,태블릿,18,1,8951
검색,2026-07-04,굿리치몰_치아보험_C04,컴퓨터,46,2,8000
검색,2026-07-04,굿리치몰_치매보험_C07,휴대전화,114,1,3360
검색,2026-07-04,굿리치몰_어린이보험_C06,컴퓨터,39,0,0
검색,2026-07-04,굿리치몰_실비보험_C02,태블릿,12,0,0
검색,2026-07-04,굿리치몰_치아보험_C04,태블릿,2,0,0
검색,2026-07-04,굿리치몰_암보험_C03,태블릿,1,0,0
검색,2026-07-04,굿리치몰_치매보험_C07,컴퓨터,32,0,0
검색,2026-07-04,굿리치몰_치매보험_C07,태블릿,1,0,0
검색,2026-07-04,굿리치몰_보장분석_C16,컴퓨터,10,0,0
검색,2026-07-04,굿리치몰_보장분석_C16,휴대전화,11,0,0
검색,2026-07-04,굿리치몰_운전자보험_C09,태블릿,16,0,0
실적 최대화,2026-07-05,실비보험_260420,휴대전화,"111,072","1,263",849660
검색,2026-07-05,굿리치몰_운전자보험_C09,휴대전화,"1,265",51,312075
검색,2026-07-05,굿리치몰_C01,휴대전화,804,52,310056
검색,2026-07-05,굿리치몰_실비보험_C02,휴대전화,530,27,282407
검색,2026-07-05,굿리치몰_운전자보험_C09,컴퓨터,705,36,183025
검색,2026-07-05,굿리치몰_C01,컴퓨터,578,21,146638
검색,2026-07-05,굿리치몰_암보험_C03,휴대전화,145,8,90955
검색,2026-07-05,굿리치몰_실비보험_C02,컴퓨터,214,9,80719
검색,2026-07-05,굿리치몰_치아보험_C04,휴대전화,95,5,49337
검색,2026-07-05,굿리치몰_암보험_C03,컴퓨터,83,3,42347
실적 최대화,2026-07-05,실비보험_260420,태블릿,"4,286",14,40630
검색,2026-07-05,굿리치몰_보장분석_C16,컴퓨터,14,2,25128
검색,2026-07-05,굿리치몰_치매보험_C07,휴대전화,53,4,21264
검색,2026-07-05,굿리치몰_어린이보험_C06,휴대전화,56,4,19528
검색,2026-07-05,굿리치몰_어린이보험_C06,컴퓨터,42,1,14404
검색,2026-07-05,굿리치몰_치아보험_C04,컴퓨터,22,1,10282
검색,2026-07-05,굿리치몰_실비보험_C02,태블릿,5,0,0
검색,2026-07-05,굿리치몰_치아보험_C04,태블릿,2,0,0
검색,2026-07-05,굿리치몰_암보험_C03,태블릿,5,0,0
검색,2026-07-05,굿리치몰_치매보험_C07,컴퓨터,16,0,0
검색,2026-07-05,굿리치몰_보장분석_C16,휴대전화,10,0,0
검색,2026-07-05,굿리치몰_C01,태블릿,7,0,0
검색,2026-07-05,굿리치몰_운전자보험_C09,태블릿,16,0,0
실적 최대화,2026-07-06,실비보험_260420,휴대전화,"202,324","1,676",966374
검색,2026-07-06,굿리치몰_운전자보험_C09,휴대전화,"1,186",77,435065
검색,2026-07-06,굿리치몰_실비보험_C02,휴대전화,761,30,424036
검색,2026-07-06,굿리치몰_C01,컴퓨터,968,60,379354
검색,2026-07-06,굿리치몰_암보험_C03,컴퓨터,141,16,323074
검색,2026-07-06,굿리치몰_운전자보험_C09,컴퓨터,881,65,320128
검색,2026-07-06,굿리치몰_암보험_C03,휴대전화,197,24,318266
검색,2026-07-06,굿리치몰_실비보험_C02,컴퓨터,478,22,314228
검색,2026-07-06,굿리치몰_C01,휴대전화,978,39,211893
검색,2026-07-06,굿리치몰_치아보험_C04,휴대전화,190,12,82618
검색,2026-07-06,굿리치몰_어린이보험_C06,휴대전화,124,3,35833
검색,2026-07-06,굿리치몰_치아보험_C04,컴퓨터,52,5,31260
검색,2026-07-06,굿리치몰_보장분석_C16,컴퓨터,29,3,25469
검색,2026-07-06,굿리치몰_C01,태블릿,19,2,23924
검색,2026-07-06,굿리치몰_보장분석_C16,휴대전화,31,3,19763
실적 최대화,2026-07-06,실비보험_260420,태블릿,"3,682",16,10261
검색,2026-07-06,굿리치몰_치아보험_C04,태블릿,3,1,7802
검색,2026-07-06,굿리치몰_어린이보험_C06,컴퓨터,70,1,5941
검색,2026-07-06,굿리치몰_치매보험_C07,휴대전화,38,3,5558
검색,2026-07-06,굿리치몰_치매보험_C07,컴퓨터,16,1,1689
검색,2026-07-06,굿리치몰_어린이보험_C06,태블릿,2,0,0
검색,2026-07-06,굿리치몰_실비보험_C02,태블릿,4,0,0
검색,2026-07-06,굿리치몰_암보험_C03,태블릿,2,0,0
검색,2026-07-06,굿리치몰_운전자보험_C09,태블릿,26,0,0
실적 최대화,2026-07-07,실비보험_260420,휴대전화,"173,789","1,282",816741
검색,2026-07-07,굿리치몰_C01,컴퓨터,901,75,453018
검색,2026-07-07,굿리치몰_운전자보험_C09,휴대전화,931,65,357261
검색,2026-07-07,굿리치몰_C01,휴대전화,828,47,270530
검색,2026-07-07,굿리치몰_운전자보험_C09,컴퓨터,780,54,259140
검색,2026-07-07,굿리치몰_실비보험_C02,컴퓨터,440,17,217038
검색,2026-07-07,굿리치몰_암보험_C03,컴퓨터,129,13,198315
검색,2026-07-07,굿리치몰_실비보험_C02,휴대전화,757,15,189163
검색,2026-07-07,굿리치몰_암보험_C03,휴대전화,187,18,160575
검색,2026-07-07,굿리치몰_치아보험_C04,휴대전화,134,12,74863
검색,2026-07-07,굿리치몰_치아보험_C04,컴퓨터,51,5,28647
검색,2026-07-07,굿리치몰_보장분석_C16,컴퓨터,36,2,25420
검색,2026-07-07,굿리치몰_어린이보험_C06,휴대전화,75,2,21851
검색,2026-07-07,굿리치몰_보장분석_C16,휴대전화,31,3,16686
실적 최대화,2026-07-07,실비보험_260420,태블릿,"2,551",16,8878
검색,2026-07-07,굿리치몰_C01,태블릿,19,1,2723
검색,2026-07-07,굿리치몰_운전자보험_C09,태블릿,21,1,2301
검색,2026-07-07,굿리치몰_치매보험_C07,휴대전화,28,2,2050
검색,2026-07-07,굿리치몰_치매보험_C07,컴퓨터,18,1,1562
검색,2026-07-07,굿리치몰_어린이보험_C06,컴퓨터,46,0,0
검색,2026-07-07,굿리치몰_실비보험_C02,태블릿,15,0,0
검색,2026-07-07,굿리치몰_치아보험_C04,태블릿,0,0,0
검색,2026-07-07,굿리치몰_암보험_C03,태블릿,3,0,0
검색,2026-07-07,굿리치몰_보장분석_C16,태블릿,0,0,0
실적 최대화,2026-07-08,실비보험_260420,휴대전화,"341,755","2,383",918688
검색,2026-07-08,굿리치몰_C01,휴대전화,927,60,397474
검색,2026-07-08,굿리치몰_운전자보험_C09,휴대전화,693,63,336206
검색,2026-07-08,굿리치몰_실비보험_C02,컴퓨터,482,19,279892
검색,2026-07-08,굿리치몰_C01,컴퓨터,958,65,265790
검색,2026-07-08,굿리치몰_암보험_C03,휴대전화,263,23,190714
검색,2026-07-08,굿리치몰_운전자보험_C09,컴퓨터,613,41,153726
검색,2026-07-08,굿리치몰_암보험_C03,컴퓨터,122,6,130456
검색,2026-07-08,굿리치몰_실비보험_C02,휴대전화,667,13,96638
검색,2026-07-08,굿리치몰_치아보험_C04,휴대전화,134,10,67705
검색,2026-07-08,굿리치몰_보장분석_C16,컴퓨터,56,5,46093
검색,2026-07-08,굿리치몰_치아보험_C04,컴퓨터,57,5,38152
검색,2026-07-08,굿리치몰_어린이보험_C06,컴퓨터,71,3,15298
실적 최대화,2026-07-08,실비보험_260420,태블릿,"3,589",18,10119
검색,2026-07-08,굿리치몰_운전자보험_C09,태블릿,17,1,5381
검색,2026-07-08,굿리치몰_어린이보험_C06,휴대전화,170,1,4005
검색,2026-07-08,굿리치몰_실비보험_C02,태블릿,8,0,0
검색,2026-07-08,굿리치몰_치아보험_C04,태블릿,2,0,0
검색,2026-07-08,굿리치몰_치매보험_C07,컴퓨터,24,0,0
검색,2026-07-08,굿리치몰_치매보험_C07,휴대전화,25,0,0
검색,2026-07-08,굿리치몰_보장분석_C16,휴대전화,29,0,0
검색,2026-07-08,굿리치몰_보장분석_C16,태블릿,1,0,0
검색,2026-07-08,굿리치몰_C01,태블릿,15,0,0
실적 최대화,2026-07-09,실비보험_260420,휴대전화,"169,462","1,168",882359
검색,2026-07-09,굿리치몰_실비보험_C02,컴퓨터,450,26,350782
검색,2026-07-09,굿리치몰_실비보험_C02,휴대전화,789,38,346852
검색,2026-07-09,굿리치몰_운전자보험_C09,휴대전화,851,51,286708
검색,2026-07-09,굿리치몰_C01,컴퓨터,748,48,252549
검색,2026-07-09,굿리치몰_C01,휴대전화,"1,289",80,230258
검색,2026-07-09,굿리치몰_암보험_C03,휴대전화,272,29,227386
검색,2026-07-09,굿리치몰_운전자보험_C09,컴퓨터,653,52,209925
검색,2026-07-09,굿리치몰_암보험_C03,컴퓨터,146,6,82949
검색,2026-07-09,굿리치몰_치아보험_C04,휴대전화,127,7,57993
검색,2026-07-09,굿리치몰_보장분석_C16,휴대전화,34,3,35849
검색,2026-07-09,굿리치몰_치아보험_C04,컴퓨터,40,4,29640
실적 최대화,2026-07-09,실비보험_260420,태블릿,"2,306",12,18600
검색,2026-07-09,굿리치몰_보장분석_C16,컴퓨터,47,2,11131
검색,2026-07-09,굿리치몰_실비보험_C02,태블릿,13,1,499
검색,2026-07-09,굿리치몰_어린이보험_C06,휴대전화,78,1,63
검색,2026-07-09,굿리치몰_어린이보험_C06,컴퓨터,86,0,0
검색,2026-07-09,굿리치몰_어린이보험_C06,태블릿,1,0,0
검색,2026-07-09,굿리치몰_치아보험_C04,태블릿,2,0,0
검색,2026-07-09,굿리치몰_암보험_C03,태블릿,1,0,0
검색,2026-07-09,굿리치몰_치매보험_C07,컴퓨터,15,0,0
검색,2026-07-09,굿리치몰_치매보험_C07,휴대전화,37,0,0
검색,2026-07-09,굿리치몰_보장분석_C16,태블릿,1,0,0
검색,2026-07-09,굿리치몰_C01,태블릿,23,0,0
검색,2026-07-09,굿리치몰_운전자보험_C09,태블릿,8,0,0
실적 최대화,2026-07-10,실비보험_260420,휴대전화,"146,061","1,167",861628
검색,2026-07-10,굿리치몰_실비보험_C02,휴대전화,826,36,435871
검색,2026-07-10,굿리치몰_운전자보험_C09,휴대전화,841,65,390889
검색,2026-07-10,굿리치몰_암보험_C03,휴대전화,162,21,282276
검색,2026-07-10,굿리치몰_C01,컴퓨터,779,48,259992
검색,2026-07-10,굿리치몰_C01,휴대전화,"1,104",35,252707
검색,2026-07-10,굿리치몰_실비보험_C02,컴퓨터,420,11,201697
검색,2026-07-10,굿리치몰_운전자보험_C09,컴퓨터,533,26,108319
검색,2026-07-10,굿리치몰_치아보험_C04,휴대전화,202,14,98142
검색,2026-07-10,굿리치몰_암보험_C03,컴퓨터,127,4,75437
검색,2026-07-10,굿리치몰_치아보험_C04,컴퓨터,64,5,39904
검색,2026-07-10,굿리치몰_어린이보험_C06,컴퓨터,85,3,29331
검색,2026-07-10,굿리치몰_보장분석_C16,휴대전화,22,2,25327
검색,2026-07-10,굿리치몰_어린이보험_C06,휴대전화,87,4,23068
검색,2026-07-10,굿리치몰_보장분석_C16,컴퓨터,35,2,20254
검색,2026-07-10,굿리치몰_치매보험_C07,휴대전화,57,4,18661
검색,2026-07-10,굿리치몰_치아보험_C04,태블릿,8,1,7342
검색,2026-07-10,굿리치몰_C01,태블릿,22,1,5300
검색,2026-07-10,굿리치몰_치매보험_C07,컴퓨터,24,2,5124
실적 최대화,2026-07-10,실비보험_260420,태블릿,"2,264",13,3432
검색,2026-07-10,굿리치몰_실비보험_C02,태블릿,7,0,0
검색,2026-07-10,굿리치몰_암보험_C03,태블릿,3,0,0
검색,2026-07-10,굿리치몰_치매보험_C07,태블릿,0,0,0
검색,2026-07-10,굿리치몰_보장분석_C16,태블릿,0,0,0
검색,2026-07-10,굿리치몰_운전자보험_C09,태블릿,15,0,0
실적 최대화,2026-07-11,실비보험_260420,휴대전화,"62,696",759,938405
검색,2026-07-11,굿리치몰_실비보험_C02,휴대전화,705,43,348271
검색,2026-07-11,굿리치몰_운전자보험_C09,휴대전화,954,63,333948
검색,2026-07-11,굿리치몰_실비보험_C02,컴퓨터,244,14,205899
검색,2026-07-11,굿리치몰_C01,휴대전화,"1,045",54,189439
검색,2026-07-11,굿리치몰_C01,컴퓨터,476,22,142458
검색,2026-07-11,굿리치몰_암보험_C03,휴대전화,150,12,113530
검색,2026-07-11,굿리치몰_운전자보험_C09,컴퓨터,455,24,99187
검색,2026-07-11,굿리치몰_치아보험_C04,휴대전화,137,9,63956
검색,2026-07-11,굿리치몰_암보험_C03,컴퓨터,77,4,61741
검색,2026-07-11,굿리치몰_어린이보험_C06,컴퓨터,63,1,8689
검색,2026-07-11,굿리치몰_보장분석_C16,휴대전화,18,1,7685
검색,2026-07-11,굿리치몰_치매보험_C07,휴대전화,76,2,6926
검색,2026-07-11,굿리치몰_보장분석_C16,컴퓨터,9,1,4964
검색,2026-07-11,굿리치몰_치아보험_C04,컴퓨터,40,1,4809
검색,2026-07-11,굿리치몰_C01,태블릿,30,1,4317
검색,2026-07-11,굿리치몰_치매보험_C07,컴퓨터,27,1,2518
실적 최대화,2026-07-11,실비보험_260420,태블릿,"1,318",4,1662
검색,2026-07-11,굿리치몰_어린이보험_C06,휴대전화,89,1,1485
검색,2026-07-11,굿리치몰_운전자보험_C09,태블릿,20,1,338
검색,2026-07-11,굿리치몰_실비보험_C02,태블릿,12,1,153
검색,2026-07-11,굿리치몰_치아보험_C04,태블릿,3,0,0
검색,2026-07-11,굿리치몰_암보험_C03,태블릿,4,0,0
검색,2026-07-11,굿리치몰_치매보험_C07,태블릿,1,0,0
검색,2026-07-11,굿리치몰_보장분석_C16,태블릿,1,0,0
실적 최대화,2026-07-12,실비보험_260420,휴대전화,"110,352","1,060",844673
검색,2026-07-12,굿리치몰_실비보험_C02,휴대전화,599,51,478457
검색,2026-07-12,굿리치몰_실비보험_C02,컴퓨터,268,20,269269
검색,2026-07-12,굿리치몰_C01,휴대전화,873,33,252447
검색,2026-07-12,굿리치몰_운전자보험_C09,휴대전화,871,38,214244
검색,2026-07-12,굿리치몰_운전자보험_C09,컴퓨터,547,44,206689
검색,2026-07-12,굿리치몰_C01,컴퓨터,397,21,125534
검색,2026-07-12,굿리치몰_암보험_C03,컴퓨터,69,5,91785
검색,2026-07-12,굿리치몰_치아보험_C04,휴대전화,109,8,38921
실적 최대화,2026-07-12,실비보험_260420,태블릿,"1,925",18,22244
검색,2026-07-12,굿리치몰_암보험_C03,휴대전화,204,4,20077
검색,2026-07-12,굿리치몰_어린이보험_C06,휴대전화,71,1,8836
검색,2026-07-12,굿리치몰_치아보험_C04,컴퓨터,43,2,8397
검색,2026-07-12,굿리치몰_치매보험_C07,컴퓨터,25,1,6355
검색,2026-07-12,굿리치몰_운전자보험_C09,태블릿,20,2,3037
검색,2026-07-12,굿리치몰_C01,태블릿,23,1,2675
검색,2026-07-12,굿리치몰_치매보험_C07,휴대전화,61,1,2241
검색,2026-07-12,굿리치몰_어린이보험_C06,컴퓨터,28,0,0
검색,2026-07-12,굿리치몰_실비보험_C02,태블릿,12,0,0
검색,2026-07-12,굿리치몰_치아보험_C04,태블릿,1,0,0
검색,2026-07-12,굿리치몰_암보험_C03,태블릿,7,0,0
검색,2026-07-12,굿리치몰_치매보험_C07,태블릿,0,0,0
검색,2026-07-12,굿리치몰_보장분석_C16,컴퓨터,20,0,0
검색,2026-07-12,굿리치몰_보장분석_C16,휴대전화,8,0,0
실적 최대화,2026-07-13,실비보험_260420,휴대전화,"73,356",786,959270
검색,2026-07-13,굿리치몰_실비보험_C02,휴대전화,864,43,410316
검색,2026-07-13,굿리치몰_C01,컴퓨터,881,60,342798
검색,2026-07-13,굿리치몰_C01,휴대전화,939,49,335736
검색,2026-07-13,굿리치몰_실비보험_C02,컴퓨터,541,22,308708
검색,2026-07-13,굿리치몰_운전자보험_C09,컴퓨터,772,60,302804
검색,2026-07-13,굿리치몰_운전자보험_C09,휴대전화,982,45,271660
검색,2026-07-13,굿리치몰_암보험_C03,컴퓨터,148,9,217605
검색,2026-07-13,굿리치몰_암보험_C03,휴대전화,192,11,131571
검색,2026-07-13,굿리치몰_치아보험_C04,휴대전화,161,5,34838
검색,2026-07-13,굿리치몰_어린이보험_C06,휴대전화,106,6,32384
검색,2026-07-13,굿리치몰_운전자보험_C09,태블릿,18,4,24984
검색,2026-07-13,굿리치몰_보장분석_C16,컴퓨터,50,3,24483
검색,2026-07-13,굿리치몰_치아보험_C04,컴퓨터,79,3,23224
검색,2026-07-13,굿리치몰_실비보험_C02,태블릿,12,2,19221
검색,2026-07-13,굿리치몰_어린이보험_C06,컴퓨터,60,3,15537
실적 최대화,2026-07-13,실비보험_260420,태블릿,"1,368",6,4619
검색,2026-07-13,굿리치몰_치매보험_C07,휴대전화,31,1,2132
검색,2026-07-13,굿리치몰_치아보험_C04,태블릿,2,0,0
검색,2026-07-13,굿리치몰_암보험_C03,태블릿,0,0,0
검색,2026-07-13,굿리치몰_치매보험_C07,컴퓨터,23,0,0
검색,2026-07-13,굿리치몰_치매보험_C07,태블릿,1,0,0
검색,2026-07-13,굿리치몰_보장분석_C16,휴대전화,11,0,0
검색,2026-07-13,굿리치몰_보장분석_C16,태블릿,0,0,0
검색,2026-07-13,굿리치몰_C01,태블릿,17,0,0
실적 최대화,2026-07-14,실비보험_260420,휴대전화,"107,825","1,036",844790
검색,2026-07-14,굿리치몰_실비보험_C02,휴대전화,842,40,315374
검색,2026-07-14,굿리치몰_실비보험_C02,컴퓨터,536,20,262709
검색,2026-07-14,굿리치몰_C01,컴퓨터,768,59,238059
검색,2026-07-14,굿리치몰_암보험_C03,컴퓨터,162,12,222470
검색,2026-07-14,굿리치몰_운전자보험_C09,컴퓨터,750,47,200987
검색,2026-07-14,굿리치몰_운전자보험_C09,휴대전화,858,55,178718
검색,2026-07-14,굿리치몰_C01,휴대전화,683,29,177909
검색,2026-07-14,굿리치몰_암보험_C03,휴대전화,222,18,146339
검색,2026-07-14,굿리치몰_치아보험_C04,컴퓨터,102,13,101636
검색,2026-07-14,굿리치몰_치아보험_C04,휴대전화,162,10,74219
검색,2026-07-14,굿리치몰_보장분석_C16,컴퓨터,37,1,25847
실적 최대화,2026-07-14,실비보험_260420,태블릿,"2,540",14,3900
검색,2026-07-14,굿리치몰_어린이보험_C06,휴대전화,94,1,2932
검색,2026-07-14,굿리치몰_치매보험_C07,컴퓨터,24,1,2249
검색,2026-07-14,굿리치몰_실비보험_C02,태블릿,11,1,32
검색,2026-07-14,굿리치몰_어린이보험_C06,컴퓨터,58,0,0
검색,2026-07-14,굿리치몰_어린이보험_C06,태블릿,2,0,0
검색,2026-07-14,굿리치몰_치아보험_C04,태블릿,3,0,0
검색,2026-07-14,굿리치몰_암보험_C03,태블릿,6,0,0
검색,2026-07-14,굿리치몰_치매보험_C07,휴대전화,21,0,0
검색,2026-07-14,굿리치몰_보장분석_C16,휴대전화,17,0,0
검색,2026-07-14,굿리치몰_보장분석_C16,태블릿,1,0,0
검색,2026-07-14,굿리치몰_C01,태블릿,12,0,0
검색,2026-07-14,굿리치몰_운전자보험_C09,태블릿,11,0,0
실적 최대화,2026-07-15,실비보험_260420,휴대전화,"95,788",872,880166
검색,2026-07-15,굿리치몰_실비보험_C02,휴대전화,877,40,431190
검색,2026-07-15,굿리치몰_실비보험_C02,컴퓨터,497,17,269311
검색,2026-07-15,굿리치몰_암보험_C03,컴퓨터,141,11,213471
검색,2026-07-15,굿리치몰_운전자보험_C09,휴대전화,915,45,208984
검색,2026-07-15,굿리치몰_암보험_C03,휴대전화,246,14,206392
검색,2026-07-15,굿리치몰_C01,컴퓨터,543,45,197197
검색,2026-07-15,굿리치몰_운전자보험_C09,컴퓨터,728,41,148864
검색,2026-07-15,굿리치몰_C01,휴대전화,534,21,115166
검색,2026-07-15,굿리치몰_어린이보험_C06,컴퓨터,59,3,32535
검색,2026-07-15,굿리치몰_치아보험_C04,휴대전화,149,5,32168
검색,2026-07-15,굿리치몰_보장분석_C16,컴퓨터,38,3,24374
실적 최대화,2026-07-15,실비보험_260420,태블릿,"3,573",16,13147
검색,2026-07-15,굿리치몰_암보험_C03,태블릿,4,2,6402
검색,2026-07-15,굿리치몰_치매보험_C07,휴대전화,24,1,3825
검색,2026-07-15,굿리치몰_치아보험_C04,컴퓨터,75,1,3087
검색,2026-07-15,굿리치몰_치매보험_C07,컴퓨터,20,1,2345
검색,2026-07-15,굿리치몰_어린이보험_C06,휴대전화,81,0,0
검색,2026-07-15,굿리치몰_어린이보험_C06,태블릿,2,0,0
검색,2026-07-15,굿리치몰_실비보험_C02,태블릿,13,0,0
검색,2026-07-15,굿리치몰_치아보험_C04,태블릿,0,0,0
검색,2026-07-15,굿리치몰_보장분석_C16,휴대전화,13,0,0
검색,2026-07-15,굿리치몰_보장분석_C16,태블릿,1,0,0
검색,2026-07-15,굿리치몰_C01,태블릿,12,0,0
검색,2026-07-15,굿리치몰_운전자보험_C09,태블릿,18,0,0
실적 최대화,2026-07-19,실비보험_260420,휴대전화,"127,782","1,386",1180408
실적 최대화,2026-07-20,실비보험_260420,휴대전화,"125,877","1,366",1064887
실적 최대화,2026-07-16,실비보험_260420,휴대전화,"245,298","1,566",1028701
실적 최대화,2026-07-17,실비보험_260420,휴대전화,"145,783","1,354",943241
실적 최대화,2026-07-18,실비보험_260420,휴대전화,"103,335",977,881675
검색,2026-07-16,굿리치몰_실비보험_C02,휴대전화,750,43,453210
검색,2026-07-20,굿리치몰_실비보험_C02,컴퓨터,489,25,364463
검색,2026-07-17,굿리치몰_실비보험_C02,휴대전화,834,173,333439
검색,2026-07-16,굿리치몰_실비보험_C02,컴퓨터,485,22,328374
검색,2026-07-18,굿리치몰_실비보험_C02,휴대전화,609,33,293064
검색,2026-07-16,굿리치몰_암보험_C03,컴퓨터,122,13,291019
검색,2026-07-20,굿리치몰_C01,컴퓨터,908,59,269348
검색,2026-07-16,굿리치몰_운전자보험_C09,컴퓨터,768,63,266536
검색,2026-07-20,굿리치몰_실비보험_C02,휴대전화,770,36,265235
검색,2026-07-18,굿리치몰_운전자보험_C09,휴대전화,922,44,255355
검색,2026-07-19,굿리치몰_실비보험_C02,휴대전화,479,19,244219
검색,2026-07-20,굿리치몰_운전자보험_C09,휴대전화,952,44,241275
검색,2026-07-18,굿리치몰_C01,컴퓨터,423,36,233432
검색,2026-07-16,굿리치몰_운전자보험_C09,휴대전화,949,46,224974
검색,2026-07-16,굿리치몰_C01,컴퓨터,716,38,224706
검색,2026-07-20,굿리치몰_운전자보험_C09,컴퓨터,923,54,210860
검색,2026-07-17,굿리치몰_운전자보험_C09,휴대전화,"1,102",89,196373
검색,2026-07-20,굿리치몰_C01,휴대전화,596,33,188475
검색,2026-07-19,굿리치몰_운전자보험_C09,컴퓨터,806,42,180581
검색,2026-07-19,굿리치몰_운전자보험_C09,휴대전화,891,28,175953
검색,2026-07-16,굿리치몰_C01,휴대전화,628,21,175224
검색,2026-07-19,굿리치몰_C01,컴퓨터,504,25,169838
검색,2026-07-20,굿리치몰_암보험_C03,휴대전화,160,10,161595
검색,2026-07-16,굿리치몰_암보험_C03,휴대전화,201,16,157806
검색,2026-07-17,굿리치몰_C01,휴대전화,702,38,153917
검색,2026-07-17,굿리치몰_실비보험_C02,컴퓨터,269,11,150655
검색,2026-07-17,굿리치몰_암보험_C03,휴대전화,267,23,148791
검색,2026-07-19,굿리치몰_C01,휴대전화,506,19,137777
검색,2026-07-17,굿리치몰_운전자보험_C09,컴퓨터,578,32,136947
검색,2026-07-20,굿리치몰_암보험_C03,컴퓨터,147,9,111325
검색,2026-07-18,굿리치몰_운전자보험_C09,컴퓨터,512,25,110082
검색,2026-07-19,굿리치몰_실비보험_C02,컴퓨터,195,7,106245
검색,2026-07-17,굿리치몰_C01,컴퓨터,398,19,95161
검색,2026-07-18,굿리치몰_실비보험_C02,컴퓨터,219,6,91162
검색,2026-07-18,굿리치몰_C01,휴대전화,493,14,82206
검색,2026-07-19,굿리치몰_암보험_C03,휴대전화,133,7,77797
검색,2026-07-17,굿리치몰_암보험_C03,컴퓨터,74,5,65134
검색,2026-07-20,굿리치몰_보장분석_C16,컴퓨터,66,6,63442
검색,2026-07-20,굿리치몰_치아보험_C04,휴대전화,177,7,61515
검색,2026-07-18,굿리치몰_암보험_C03,휴대전화,135,13,60384
검색,2026-07-16,굿리치몰_치아보험_C04,휴대전화,159,10,55766
검색,2026-07-18,굿리치몰_치아보험_C04,휴대전화,108,7,49044
검색,2026-07-17,굿리치몰_치아보험_C04,휴대전화,99,5,46731
검색,2026-07-17,굿리치몰_어린이보험_C06,컴퓨터,46,3,41094
검색,2026-07-19,굿리치몰_치아보험_C04,휴대전화,88,6,40814
실적 최대화,2026-07-16,실비보험_260420,태블릿,"8,808",38,37455
검색,2026-07-18,굿리치몰_암보험_C03,컴퓨터,56,2,36982
검색,2026-07-20,굿리치몰_어린이보험_C06,컴퓨터,78,4,35956
검색,2026-07-16,굿리치몰_어린이보험_C06,휴대전화,122,4,34916
검색,2026-07-20,굿리치몰_어린이보험_C06,휴대전화,90,3,34192
검색,2026-07-19,굿리치몰_암보험_C03,컴퓨터,68,2,30132
검색,2026-07-16,굿리치몰_치아보험_C04,컴퓨터,76,4,28894
실적 최대화,2026-07-17,실비보험_260420,태블릿,"6,318",26,18218
검색,2026-07-17,굿리치몰_치아보험_C04,컴퓨터,54,3,16904
검색,2026-07-20,굿리치몰_치아보험_C04,컴퓨터,98,3,15931
검색,2026-07-16,굿리치몰_보장분석_C16,컴퓨터,37,2,15848
검색,2026-07-18,굿리치몰_어린이보험_C06,컴퓨터,20,1,14567
실적 최대화,2026-07-18,실비보험_260420,태블릿,"5,115",21,11970
검색,2026-07-19,굿리치몰_실비보험_C02,태블릿,9,2,10672
검색,2026-07-19,굿리치몰_보장분석_C16,휴대전화,13,1,10179
검색,2026-07-17,굿리치몰_운전자보험_C09,태블릿,14,2,8879
실적 최대화,2026-07-19,실비보험_260420,태블릿,"4,563",18,8801
실적 최대화,2026-07-20,실비보험_260420,태블릿,"1,653",16,8672
검색,2026-07-17,굿리치몰_어린이보험_C06,휴대전화,122,1,7073
검색,2026-07-19,굿리치몰_어린이보험_C06,컴퓨터,22,1,6874
검색,2026-07-16,굿리치몰_운전자보험_C09,태블릿,14,1,6393
검색,2026-07-19,굿리치몰_어린이보험_C06,휴대전화,98,1,6317
검색,2026-07-19,굿리치몰_치매보험_C07,휴대전화,22,1,5325
검색,2026-07-16,굿리치몰_실비보험_C02,태블릿,11,1,4904
검색,2026-07-20,굿리치몰_운전자보험_C09,태블릿,16,2,4378
검색,2026-07-19,굿리치몰_운전자보험_C09,태블릿,19,1,3963
검색,2026-07-16,굿리치몰_C01,태블릿,22,1,3708
검색,2026-07-18,굿리치몰_치매보험_C07,휴대전화,20,1,2602
검색,2026-07-17,굿리치몰_치매보험_C07,컴퓨터,20,1,1834
검색,2026-07-16,굿리치몰_치매보험_C07,휴대전화,27,1,1699
검색,2026-07-18,굿리치몰_운전자보험_C09,태블릿,14,1,332
검색,2026-07-16,굿리치몰_어린이보험_C06,컴퓨터,38,0,0
검색,2026-07-16,굿리치몰_어린이보험_C06,태블릿,2,0,0
검색,2026-07-18,굿리치몰_어린이보험_C06,휴대전화,97,0,0
검색,2026-07-20,굿리치몰_어린이보험_C06,태블릿,1,0,0
검색,2026-07-17,굿리치몰_실비보험_C02,태블릿,4,0,0
검색,2026-07-18,굿리치몰_실비보험_C02,태블릿,10,0,0
검색,2026-07-20,굿리치몰_실비보험_C02,태블릿,6,0,0
검색,2026-07-16,굿리치몰_치아보험_C04,태블릿,1,0,0
검색,2026-07-17,굿리치몰_치아보험_C04,태블릿,6,0,0
검색,2026-07-18,굿리치몰_치아보험_C04,컴퓨터,13,0,0
검색,2026-07-18,굿리치몰_치아보험_C04,태블릿,2,0,0
검색,2026-07-19,굿리치몰_치아보험_C04,컴퓨터,14,0,0
검색,2026-07-19,굿리치몰_치아보험_C04,태블릿,2,0,0
검색,2026-07-20,굿리치몰_치아보험_C04,태블릿,2,0,0
검색,2026-07-19,굿리치몰_암보험_C03,태블릿,1,0,0
검색,2026-07-20,굿리치몰_암보험_C03,태블릿,4,0,0
검색,2026-07-16,굿리치몰_치매보험_C07,컴퓨터,10,0,0
검색,2026-07-16,굿리치몰_치매보험_C07,태블릿,2,0,0
검색,2026-07-17,굿리치몰_치매보험_C07,휴대전화,41,0,0
검색,2026-07-17,굿리치몰_치매보험_C07,태블릿,2,0,0
검색,2026-07-18,굿리치몰_치매보험_C07,컴퓨터,16,0,0
검색,2026-07-19,굿리치몰_치매보험_C07,컴퓨터,16,0,0
검색,2026-07-20,굿리치몰_치매보험_C07,컴퓨터,22,0,0
검색,2026-07-20,굿리치몰_치매보험_C07,휴대전화,27,0,0
검색,2026-07-16,굿리치몰_보장분석_C16,휴대전화,12,0,0
검색,2026-07-16,굿리치몰_보장분석_C16,태블릿,2,0,0
검색,2026-07-17,굿리치몰_보장분석_C16,컴퓨터,8,0,0
검색,2026-07-17,굿리치몰_보장분석_C16,휴대전화,6,0,0
검색,2026-07-18,굿리치몰_보장분석_C16,컴퓨터,11,0,0
검색,2026-07-18,굿리치몰_보장분석_C16,휴대전화,5,0,0
검색,2026-07-18,굿리치몰_보장분석_C16,태블릿,0,0,0
검색,2026-07-19,굿리치몰_보장분석_C16,컴퓨터,22,0,0
검색,2026-07-19,굿리치몰_보장분석_C16,태블릿,1,0,0
검색,2026-07-20,굿리치몰_보장분석_C16,휴대전화,14,0,0
검색,2026-07-17,굿리치몰_C01,태블릿,18,0,0
검색,2026-07-18,굿리치몰_C01,태블릿,12,0,0
검색,2026-07-19,굿리치몰_C01,태블릿,16,0,0
검색,2026-07-20,굿리치몰_C01,태블릿,17,0,0
실적 최대화,2026-07-21,실비보험_260420,휴대전화,"67,867",830,931768
검색,2026-07-21,굿리치몰_실비보험_C02,컴퓨터,673,42,641129
검색,2026-07-21,굿리치몰_실비보험_C02,휴대전화,"1,297",49,413551
검색,2026-07-21,굿리치몰_C01,컴퓨터,806,56,243066
검색,2026-07-21,굿리치몰_운전자보험_C09,컴퓨터,925,56,242076
검색,2026-07-21,굿리치몰_운전자보험_C09,휴대전화,931,45,236711
검색,2026-07-21,굿리치몰_암보험_C03,컴퓨터,154,12,225157
검색,2026-07-21,굿리치몰_C01,휴대전화,632,26,166724
검색,2026-07-21,굿리치몰_치아보험_C04,휴대전화,207,15,89196
검색,2026-07-21,굿리치몰_치아보험_C04,컴퓨터,118,8,62121
검색,2026-07-21,굿리치몰_암보험_C03,휴대전화,208,8,44433
검색,2026-07-21,굿리치몰_보장분석_C16,컴퓨터,47,3,32827
검색,2026-07-21,굿리치몰_어린이보험_C06,컴퓨터,52,4,29972
검색,2026-07-21,굿리치몰_암보험_C03,태블릿,2,1,22792
검색,2026-07-21,굿리치몰_어린이보험_C06,휴대전화,103,3,16510
검색,2026-07-21,굿리치몰_보장분석_C16,휴대전화,13,1,16387
실적 최대화,2026-07-21,실비보험_260420,태블릿,"1,071",13,12543
검색,2026-07-21,굿리치몰_치매보험_C07,휴대전화,41,1,3036
검색,2026-07-21,굿리치몰_어린이보험_C06,태블릿,2,0,0
검색,2026-07-21,굿리치몰_실비보험_C02,태블릿,9,0,0
검색,2026-07-21,굿리치몰_치아보험_C04,태블릿,1,0,0
검색,2026-07-21,굿리치몰_치매보험_C07,컴퓨터,22,0,0
검색,2026-07-21,굿리치몰_C01,태블릿,8,0,0
검색,2026-07-21,굿리치몰_운전자보험_C09,태블릿,4,0,0
실적 최대화,2026-07-22,실비보험_260420,휴대전화,"68,327",768,767670
검색,2026-07-22,굿리치몰_실비보험_C02,컴퓨터,"1,026",24,390745
검색,2026-07-22,굿리치몰_실비보험_C02,휴대전화,"1,251",30,309437
검색,2026-07-22,굿리치몰_운전자보험_C09,컴퓨터,756,57,250911
검색,2026-07-22,굿리치몰_운전자보험_C09,휴대전화,"1,018",51,243045
검색,2026-07-22,굿리치몰_암보험_C03,휴대전화,214,20,210672
검색,2026-07-22,굿리치몰_C01,컴퓨터,705,49,183409
검색,2026-07-22,굿리치몰_암보험_C03,컴퓨터,114,6,121150
검색,2026-07-22,굿리치몰_치아보험_C04,휴대전화,192,12,102993
검색,2026-07-22,굿리치몰_C01,휴대전화,612,16,92716
검색,2026-07-22,굿리치몰_치아보험_C04,컴퓨터,134,7,41893
검색,2026-07-22,굿리치몰_보장분석_C16,컴퓨터,48,4,36371
검색,2026-07-22,굿리치몰_어린이보험_C06,휴대전화,76,3,31577
검색,2026-07-22,굿리치몰_어린이보험_C06,컴퓨터,86,2,14837
실적 최대화,2026-07-22,실비보험_260420,태블릿,"1,586",9,11569
검색,2026-07-22,굿리치몰_치매보험_C07,휴대전화,47,4,4536
검색,2026-07-22,굿리치몰_실비보험_C02,태블릿,6,0,0
검색,2026-07-22,굿리치몰_치아보험_C04,태블릿,1,0,0
검색,2026-07-22,굿리치몰_암보험_C03,태블릿,1,0,0
검색,2026-07-22,굿리치몰_치매보험_C07,컴퓨터,30,0,0
검색,2026-07-22,굿리치몰_치매보험_C07,태블릿,1,0,0
검색,2026-07-22,굿리치몰_보장분석_C16,휴대전화,9,0,0
검색,2026-07-22,굿리치몰_C01,태블릿,9,0,0
검색,2026-07-22,굿리치몰_운전자보험_C09,태블릿,24,0,0
실적 최대화,2026-07-23,실비보험_260420,휴대전화,"113,157","1,721",1240785
검색,2026-07-23,굿리치몰_실비보험_C02,휴대전화,761,36,426744
검색,2026-07-23,굿리치몰_실비보험_C02,컴퓨터,628,22,302451
검색,2026-07-23,굿리치몰_C01,컴퓨터,672,55,259799
검색,2026-07-23,굿리치몰_운전자보험_C09,휴대전화,691,39,220624
검색,2026-07-23,굿리치몰_암보험_C03,휴대전화,175,17,210971
검색,2026-07-23,굿리치몰_운전자보험_C09,컴퓨터,658,45,188194
검색,2026-07-23,굿리치몰_암보험_C03,컴퓨터,100,9,151039
검색,2026-07-23,굿리치몰_치아보험_C04,컴퓨터,117,11,108667
검색,2026-07-23,굿리치몰_C01,휴대전화,502,17,102331
검색,2026-07-23,굿리치몰_치아보험_C04,휴대전화,134,6,43585
검색,2026-07-23,굿리치몰_어린이보험_C06,휴대전화,99,2,17704
실적 최대화,2026-07-23,실비보험_260420,태블릿,"1,681",15,12250
검색,2026-07-23,굿리치몰_C01,태블릿,17,1,9100
검색,2026-07-23,굿리치몰_어린이보험_C06,컴퓨터,39,1,7214
검색,2026-07-23,굿리치몰_보장분석_C16,컴퓨터,42,2,6501
검색,2026-07-23,굿리치몰_치매보험_C07,휴대전화,25,2,4204
검색,2026-07-23,굿리치몰_실비보험_C02,태블릿,10,0,0
검색,2026-07-23,굿리치몰_치아보험_C04,태블릿,4,0,0
검색,2026-07-23,굿리치몰_암보험_C03,태블릿,0,0,0
검색,2026-07-23,굿리치몰_치매보험_C07,컴퓨터,9,0,0
검색,2026-07-23,굿리치몰_보장분석_C16,휴대전화,6,0,0
검색,2026-07-23,굿리치몰_보장분석_C16,태블릿,1,0,0
검색,2026-07-23,굿리치몰_운전자보험_C09,태블릿,14,0,0
실적 최대화,2026-07-24,실비보험_260420,휴대전화,"103,356","1,390",1002502
실적 최대화,2026-07-26,실비보험_260420,휴대전화,"151,766","1,692",986578
실적 최대화,2026-07-25,실비보험_260420,휴대전화,"174,922","1,718",978804
검색,2026-07-24,굿리치몰_실비보험_C02,컴퓨터,698,22,320486
검색,2026-07-25,굿리치몰_운전자보험_C09,휴대전화,"1,154",72,260100
검색,2026-07-25,굿리치몰_실비보험_C02,휴대전화,723,25,242262
검색,2026-07-26,굿리치몰_실비보험_C02,컴퓨터,297,16,238366
검색,2026-07-26,굿리치몰_운전자보험_C09,휴대전화,884,39,201309
검색,2026-07-24,굿리치몰_C01,컴퓨터,569,49,199113
검색,2026-07-25,굿리치몰_암보험_C03,휴대전화,292,20,186742
검색,2026-07-26,굿리치몰_실비보험_C02,휴대전화,471,23,167405
검색,2026-07-26,굿리치몰_운전자보험_C09,컴퓨터,585,40,161142
검색,2026-07-24,굿리치몰_운전자보험_C09,휴대전화,797,41,158148
검색,2026-07-24,굿리치몰_암보험_C03,휴대전화,262,20,146975
검색,2026-07-24,굿리치몰_운전자보험_C09,컴퓨터,584,34,145605
검색,2026-07-24,굿리치몰_실비보험_C02,휴대전화,"1,754",28,139474
검색,2026-07-24,굿리치몰_암보험_C03,컴퓨터,124,9,134027
검색,2026-07-25,굿리치몰_운전자보험_C09,컴퓨터,636,31,125776
검색,2026-07-24,굿리치몰_C01,휴대전화,497,18,119867
검색,2026-07-25,굿리치몰_실비보험_C02,컴퓨터,267,10,112686
검색,2026-07-26,굿리치몰_C01,휴대전화,499,21,93762
검색,2026-07-25,굿리치몰_C01,컴퓨터,367,15,92544
검색,2026-07-26,굿리치몰_C01,컴퓨터,369,17,91957
검색,2026-07-25,굿리치몰_C01,휴대전화,667,21,78670
검색,2026-07-25,굿리치몰_치아보험_C04,휴대전화,166,11,74633
검색,2026-07-26,굿리치몰_치아보험_C04,휴대전화,131,8,55732
검색,2026-07-26,굿리치몰_암보험_C03,휴대전화,155,11,54788
검색,2026-07-24,굿리치몰_치아보험_C04,컴퓨터,91,6,48094
검색,2026-07-25,굿리치몰_암보험_C03,컴퓨터,131,4,47828
검색,2026-07-24,굿리치몰_보장분석_C16,컴퓨터,42,3,38295
검색,2026-07-24,굿리치몰_어린이보험_C06,컴퓨터,57,3,26723
실적 최대화,2026-07-25,실비보험_260420,태블릿,"3,851",18,25601
실적 최대화,2026-07-26,실비보험_260420,태블릿,"3,062",26,22659
검색,2026-07-24,굿리치몰_치아보험_C04,휴대전화,169,3,21751
검색,2026-07-25,굿리치몰_어린이보험_C06,휴대전화,63,3,21671
검색,2026-07-26,굿리치몰_암보험_C03,컴퓨터,103,1,21622
검색,2026-07-26,굿리치몰_치아보험_C04,컴퓨터,36,3,18017
검색,2026-07-26,굿리치몰_보장분석_C16,휴대전화,7,1,13188
검색,2026-07-24,굿리치몰_어린이보험_C06,휴대전화,83,2,13136
검색,2026-07-24,굿리치몰_실비보험_C02,태블릿,17,2,11623
검색,2026-07-26,굿리치몰_어린이보험_C06,컴퓨터,37,1,11007
검색,2026-07-26,굿리치몰_C01,태블릿,14,1,10015
실적 최대화,2026-07-24,실비보험_260420,태블릿,"1,336",14,8397
검색,2026-07-25,굿리치몰_치매보험_C07,휴대전화,63,4,8362
검색,2026-07-26,굿리치몰_보장분석_C16,컴퓨터,29,1,8040
검색,2026-07-26,굿리치몰_실비보험_C02,태블릿,17,1,7538
검색,2026-07-26,굿리치몰_치매보험_C07,휴대전화,61,3,6300
검색,2026-07-25,굿리치몰_운전자보험_C09,태블릿,26,2,6284
검색,2026-07-24,굿리치몰_치매보험_C07,컴퓨터,14,2,5098
검색,2026-07-25,굿리치몰_치아보험_C04,컴퓨터,39,1,4519
검색,2026-07-26,굿리치몰_치매보험_C07,컴퓨터,29,1,3803
검색,2026-07-26,굿리치몰_운전자보험_C09,태블릿,25,1,3735
검색,2026-07-25,굿리치몰_치매보험_C07,컴퓨터,36,1,1658
검색,2026-07-25,굿리치몰_어린이보험_C06,컴퓨터,17,0,0
검색,2026-07-26,굿리치몰_어린이보험_C06,휴대전화,48,0,0
검색,2026-07-25,굿리치몰_실비보험_C02,태블릿,3,0,0
검색,2026-07-24,굿리치몰_치아보험_C04,태블릿,1,0,0
검색,2026-07-25,굿리치몰_치아보험_C04,태블릿,0,0,0
검색,2026-07-26,굿리치몰_치아보험_C04,태블릿,3,0,0
검색,2026-07-24,굿리치몰_암보험_C03,태블릿,3,0,0
검색,2026-07-25,굿리치몰_암보험_C03,태블릿,3,0,0
검색,2026-07-26,굿리치몰_암보험_C03,태블릿,1,0,0
검색,2026-07-24,굿리치몰_치매보험_C07,휴대전화,27,0,0
검색,2026-07-24,굿리치몰_치매보험_C07,태블릿,2,0,0
검색,2026-07-25,굿리치몰_치매보험_C07,태블릿,3,0,0
검색,2026-07-26,굿리치몰_치매보험_C07,태블릿,4,0,0
검색,2026-07-24,굿리치몰_보장분석_C16,휴대전화,11,0,0
검색,2026-07-25,굿리치몰_보장분석_C16,컴퓨터,20,0,0
검색,2026-07-25,굿리치몰_보장분석_C16,휴대전화,12,0,0
검색,2026-07-24,굿리치몰_C01,태블릿,9,0,0
검색,2026-07-25,굿리치몰_C01,태블릿,8,0,0
검색,2026-07-24,굿리치몰_운전자보험_C09,태블릿,16,0,0
실적 최대화,2026-07-27,실비보험_260420,휴대전화,"69,550",879,839769
검색,2026-07-27,굿리치몰_실비보험_C02,컴퓨터,596,32,494993
검색,2026-07-27,굿리치몰_실비보험_C02,휴대전화,813,26,257268
검색,2026-07-27,굿리치몰_운전자보험_C09,휴대전화,"1,019",46,228492
검색,2026-07-27,굿리치몰_암보험_C03,컴퓨터,137,13,197911
검색,2026-07-27,굿리치몰_운전자보험_C09,컴퓨터,801,46,174725
검색,2026-07-27,굿리치몰_C01,컴퓨터,520,36,157019
검색,2026-07-27,굿리치몰_C01,휴대전화,653,26,152536
검색,2026-07-27,굿리치몰_암보험_C03,휴대전화,183,10,146585
검색,2026-07-27,굿리치몰_치아보험_C04,컴퓨터,103,10,73962
검색,2026-07-27,굿리치몰_치아보험_C04,휴대전화,229,9,67060
검색,2026-07-27,굿리치몰_실비보험_C02,태블릿,14,2,24237
검색,2026-07-27,굿리치몰_운전자보험_C09,태블릿,15,3,15268
검색,2026-07-27,굿리치몰_보장분석_C16,컴퓨터,22,2,10375
검색,2026-07-27,굿리치몰_어린이보험_C06,휴대전화,65,2,8449
검색,2026-07-27,굿리치몰_치매보험_C07,휴대전화,25,2,7259
실적 최대화,2026-07-27,실비보험_260420,태블릿,"1,571",7,7111
검색,2026-07-27,굿리치몰_C01,태블릿,11,2,4017
검색,2026-07-27,굿리치몰_어린이보험_C06,컴퓨터,40,0,0
검색,2026-07-27,굿리치몰_어린이보험_C06,태블릿,1,0,0
검색,2026-07-27,굿리치몰_치아보험_C04,태블릿,0,0,0
검색,2026-07-27,굿리치몰_암보험_C03,태블릿,5,0,0
검색,2026-07-27,굿리치몰_치매보험_C07,컴퓨터,14,0,0
검색,2026-07-27,굿리치몰_보장분석_C16,휴대전화,9,0,0
실적 최대화,2026-07-28,실비보험_260420,휴대전화,"53,512",847,888755
검색,2026-07-28,굿리치몰_실비보험_C02,컴퓨터,701,40,497707
검색,2026-07-28,굿리치몰_실비보험_C02,휴대전화,815,30,312133
검색,2026-07-28,굿리치몰_운전자보험_C09,컴퓨터,900,64,235133
검색,2026-07-28,굿리치몰_운전자보험_C09,휴대전화,860,41,232063
검색,2026-07-28,굿리치몰_암보험_C03,컴퓨터,154,14,194071
검색,2026-07-28,굿리치몰_C01,휴대전화,583,30,178260
검색,2026-07-28,굿리치몰_C01,컴퓨터,503,39,146270
검색,2026-07-28,굿리치몰_암보험_C03,휴대전화,193,11,95411
검색,2026-07-28,굿리치몰_보장분석_C16,컴퓨터,39,5,35222
검색,2026-07-28,굿리치몰_치아보험_C04,휴대전화,184,6,32731
검색,2026-07-28,굿리치몰_치아보험_C04,컴퓨터,90,5,28815
검색,2026-07-28,굿리치몰_어린이보험_C06,휴대전화,91,4,21227
검색,2026-07-28,굿리치몰_어린이보험_C06,컴퓨터,75,1,9878
검색,2026-07-28,굿리치몰_치매보험_C07,컴퓨터,24,2,9857
실적 최대화,2026-07-28,실비보험_260420,태블릿,"1,580",12,7460
검색,2026-07-28,굿리치몰_운전자보험_C09,태블릿,7,1,2831
검색,2026-07-28,굿리치몰_치매보험_C07,휴대전화,8,1,1025
검색,2026-07-28,굿리치몰_실비보험_C02,태블릿,13,0,0
검색,2026-07-28,굿리치몰_치아보험_C04,태블릿,4,0,0
검색,2026-07-28,굿리치몰_암보험_C03,태블릿,4,0,0
검색,2026-07-28,굿리치몰_보장분석_C16,휴대전화,5,0,0
검색,2026-07-28,굿리치몰_C01,태블릿,14,0,0
실적 최대화,2026-07-29,실비보험_260420,휴대전화,"89,409","1,065",1115681
검색,2026-07-29,굿리치몰_실비보험_C02,휴대전화,867,31,372667
검색,2026-07-29,굿리치몰_실비보험_C02,컴퓨터,711,22,275604
검색,2026-07-29,굿리치몰_암보험_C03,컴퓨터,144,18,249271
검색,2026-07-29,굿리치몰_운전자보험_C09,휴대전화,956,53,235887
검색,2026-07-29,굿리치몰_운전자보험_C09,컴퓨터,798,46,201145
검색,2026-07-29,굿리치몰_암보험_C03,휴대전화,267,15,147605
검색,2026-07-29,굿리치몰_C01,컴퓨터,517,41,134791
검색,2026-07-29,굿리치몰_C01,휴대전화,574,21,130754
검색,2026-07-29,굿리치몰_치아보험_C04,휴대전화,146,9,58696
검색,2026-07-29,굿리치몰_치아보험_C04,컴퓨터,93,6,38848
검색,2026-07-29,굿리치몰_보장분석_C16,컴퓨터,44,4,35164
실적 최대화,2026-07-29,실비보험_260420,태블릿,"3,316",19,19428
검색,2026-07-29,굿리치몰_암보험_C03,태블릿,3,1,16529
검색,2026-07-29,굿리치몰_보장분석_C16,휴대전화,14,1,9135
검색,2026-07-29,굿리치몰_어린이보험_C06,컴퓨터,35,1,3768
검색,2026-07-29,굿리치몰_어린이보험_C06,휴대전화,60,0,0
검색,2026-07-29,굿리치몰_실비보험_C02,태블릿,5,0,0
검색,2026-07-29,굿리치몰_치아보험_C04,태블릿,3,0,0
검색,2026-07-29,굿리치몰_치매보험_C07,컴퓨터,9,0,0
검색,2026-07-29,굿리치몰_치매보험_C07,휴대전화,31,0,0
검색,2026-07-29,굿리치몰_C01,태블릿,11,0,0
검색,2026-07-29,굿리치몰_운전자보험_C09,태블릿,20,0,0
실적 최대화,2026-07-30,실비보험_260420,휴대전화,"202,702","1,785",1084765
검색,2026-07-30,굿리치몰_실비보험_C02,컴퓨터,583,38,475685
검색,2026-07-30,굿리치몰_실비보험_C02,휴대전화,758,26,297115
검색,2026-07-30,굿리치몰_운전자보험_C09,휴대전화,"1,018",54,271014
검색,2026-07-30,굿리치몰_암보험_C03,휴대전화,236,14,219408
검색,2026-07-30,굿리치몰_암보험_C03,컴퓨터,157,16,212793
검색,2026-07-30,굿리치몰_C01,컴퓨터,501,38,186283
검색,2026-07-30,굿리치몰_운전자보험_C09,컴퓨터,923,50,172160
검색,2026-07-30,굿리치몰_C01,휴대전화,635,27,111343
검색,2026-07-30,굿리치몰_보장분석_C16,컴퓨터,35,3,35273
검색,2026-07-30,굿리치몰_치아보험_C04,휴대전화,117,7,28895
검색,2026-07-30,굿리치몰_어린이보험_C06,컴퓨터,51,3,17165
실적 최대화,2026-07-30,실비보험_260420,태블릿,"3,374",30,16089
검색,2026-07-30,굿리치몰_C01,태블릿,11,1,8626
검색,2026-07-30,굿리치몰_실비보험_C02,태블릿,17,1,8613
검색,2026-07-30,굿리치몰_어린이보험_C06,휴대전화,56,2,8494
검색,2026-07-30,굿리치몰_치아보험_C04,컴퓨터,71,0,0
검색,2026-07-30,굿리치몰_치아보험_C04,태블릿,2,0,0
검색,2026-07-30,굿리치몰_암보험_C03,태블릿,4,0,0
검색,2026-07-30,굿리치몰_치매보험_C07,컴퓨터,9,0,0
검색,2026-07-30,굿리치몰_치매보험_C07,휴대전화,23,0,0
검색,2026-07-30,굿리치몰_보장분석_C16,휴대전화,7,0,0
검색,2026-07-30,굿리치몰_보장분석_C16,태블릿,1,0,0
검색,2026-07-30,굿리치몰_운전자보험_C09,태블릿,17,0,0
실적 최대화,2026-08-01,실비보험_260420,휴대전화,"366,141","2,890",1140784
실적 최대화,2026-07-31,실비보험_260420,휴대전화,"462,847","3,229",1017807
실적 최대화,2026-08-02,실비보험_260420,휴대전화,"172,107","1,610",975449
실적 최대화,2026-08-03,실비보험_260420,휴대전화,"144,457","1,465",826383
검색,2026-08-03,굿리치몰_실비보험_C02,휴대전화,902,42,503145
검색,2026-08-01,굿리치몰_실비보험_C02,휴대전화,710,49,416185
검색,2026-07-31,굿리치몰_실비보험_C02,휴대전화,830,52,381315
검색,2026-08-03,굿리치몰_실비보험_C02,컴퓨터,500,26,376905
검색,2026-08-03,굿리치몰_운전자보험_C09,컴퓨터,"1,253",69,329411
검색,2026-07-31,굿리치몰_운전자보험_C09,휴대전화,"1,510",80,303408
검색,2026-08-03,굿리치몰_운전자보험_C09,휴대전화,"1,357",54,267315
검색,2026-08-01,굿리치몰_운전자보험_C09,휴대전화,"1,283",61,254984
검색,2026-08-02,굿리치몰_운전자보험_C09,휴대전화,"1,123",44,243899
검색,2026-08-02,굿리치몰_실비보험_C02,컴퓨터,302,16,235369
검색,2026-08-03,굿리치몰_C01,컴퓨터,734,56,234838
검색,2026-07-31,굿리치몰_실비보험_C02,컴퓨터,450,17,229786
검색,2026-08-02,굿리치몰_실비보험_C02,휴대전화,595,27,229755
검색,2026-08-03,굿리치몰_암보험_C03,휴대전화,223,16,220919
검색,2026-07-31,굿리치몰_운전자보험_C09,컴퓨터,904,42,200650
검색,2026-08-03,굿리치몰_C01,휴대전화,814,28,196852
검색,2026-08-02,굿리치몰_운전자보험_C09,컴퓨터,800,38,184117
검색,2026-08-03,굿리치몰_암보험_C03,컴퓨터,130,11,171384
검색,2026-07-31,굿리치몰_C01,휴대전화,889,74,149936
검색,2026-08-01,굿리치몰_운전자보험_C09,컴퓨터,715,38,143323
검색,2026-07-31,굿리치몰_C01,컴퓨터,514,41,143120
검색,2026-08-02,굿리치몰_암보험_C03,휴대전화,191,13,134886
검색,2026-08-02,굿리치몰_C01,휴대전화,549,14,121002
검색,2026-08-02,굿리치몰_C01,컴퓨터,258,21,117557
검색,2026-07-31,굿리치몰_암보험_C03,컴퓨터,105,7,112784
검색,2026-07-31,굿리치몰_암보험_C03,휴대전화,278,32,99901
검색,2026-08-01,굿리치몰_치아보험_C04,휴대전화,124,12,77074
검색,2026-08-01,굿리치몰_C01,컴퓨터,275,15,75582
검색,2026-08-01,굿리치몰_C01,휴대전화,747,18,75187
검색,2026-07-31,굿리치몰_치아보험_C04,컴퓨터,99,9,66055
검색,2026-08-01,굿리치몰_실비보험_C02,컴퓨터,187,6,62282
검색,2026-08-01,굿리치몰_암보험_C03,휴대전화,269,11,56136
검색,2026-07-31,굿리치몰_치아보험_C04,휴대전화,307,8,46514
검색,2026-08-03,굿리치몰_보장분석_C16,컴퓨터,36,4,40867
검색,2026-08-02,굿리치몰_암보험_C03,컴퓨터,90,3,35014
검색,2026-08-02,굿리치몰_치아보험_C04,컴퓨터,26,3,32610
실적 최대화,2026-08-02,실비보험_260420,태블릿,"2,712",29,23747
검색,2026-07-31,굿리치몰_치매보험_C07,컴퓨터,39,5,22622
실적 최대화,2026-08-03,실비보험_260420,태블릿,"2,936",27,20014
검색,2026-07-31,굿리치몰_어린이보험_C06,휴대전화,77,4,19824
검색,2026-08-01,굿리치몰_암보험_C03,컴퓨터,58,2,19300
실적 최대화,2026-07-31,실비보험_260420,태블릿,"6,404",42,17778
검색,2026-08-02,굿리치몰_어린이보험_C06,컴퓨터,28,2,17049
실적 최대화,2026-08-01,실비보험_260420,태블릿,"6,897",51,16951
검색,2026-08-02,굿리치몰_보장분석_C16,휴대전화,9,3,16372
검색,2026-08-01,굿리치몰_실비보험_C02,태블릿,10,1,15473
검색,2026-07-31,굿리치몰_어린이보험_C06,컴퓨터,33,2,13628
검색,2026-08-01,굿리치몰_보장분석_C16,휴대전화,7,3,13357
검색,2026-08-03,굿리치몰_치아보험_C04,컴퓨터,45,2,12767
검색,2026-08-03,굿리치몰_어린이보험_C06,휴대전화,63,2,11415
검색,2026-08-03,굿리치몰_치아보험_C04,휴대전화,79,2,10972
검색,2026-08-02,굿리치몰_보장분석_C16,컴퓨터,8,1,10701
검색,2026-07-31,굿리치몰_보장분석_C16,컴퓨터,44,2,10577
검색,2026-08-03,굿리치몰_C01,태블릿,16,2,10316
검색,2026-08-02,굿리치몰_치아보험_C04,휴대전화,71,2,9805
검색,2026-07-31,굿리치몰_치매보험_C07,휴대전화,60,3,7917
검색,2026-08-01,굿리치몰_운전자보험_C09,태블릿,17,4,7851
검색,2026-08-02,굿리치몰_치매보험_C07,휴대전화,52,4,7795
검색,2026-08-02,굿리치몰_실비보험_C02,태블릿,10,1,7606
검색,2026-08-02,굿리치몰_치매보험_C07,컴퓨터,27,3,7578
검색,2026-08-03,굿리치몰_보장분석_C16,휴대전화,16,2,7060
검색,2026-08-01,굿리치몰_어린이보험_C06,컴퓨터,21,1,6829
검색,2026-08-02,굿리치몰_C01,태블릿,9,1,6547
검색,2026-08-01,굿리치몰_보장분석_C16,컴퓨터,9,1,6281
검색,2026-08-02,굿리치몰_어린이보험_C06,휴대전화,46,1,5312
검색,2026-08-03,굿리치몰_운전자보험_C09,태블릿,27,1,4801
검색,2026-08-01,굿리치몰_치아보험_C04,컴퓨터,29,1,4450
검색,2026-08-02,굿리치몰_운전자보험_C09,태블릿,27,1,2855
검색,2026-08-03,굿리치몰_어린이보험_C06,컴퓨터,54,1,2788
검색,2026-08-01,굿리치몰_치매보험_C07,휴대전화,49,2,2525
검색,2026-08-03,굿리치몰_치매보험_C07,컴퓨터,43,1,2168
검색,2026-08-01,굿리치몰_어린이보험_C06,휴대전화,55,1,1815
검색,2026-08-03,굿리치몰_치매보험_C07,휴대전화,50,2,1774
검색,2026-07-31,굿리치몰_운전자보험_C09,태블릿,37,2,1055
검색,2026-08-03,굿리치몰_실비보험_C02,태블릿,17,1,172
검색,2026-07-31,굿리치몰_C01,태블릿,5,1,60
검색,2026-07-31,굿리치몰_어린이보험_C06,태블릿,3,0,0
검색,2026-08-01,굿리치몰_어린이보험_C06,태블릿,1,0,0
검색,2026-07-31,굿리치몰_실비보험_C02,태블릿,6,0,0
검색,2026-07-31,굿리치몰_치아보험_C04,태블릿,2,0,0
검색,2026-08-01,굿리치몰_치아보험_C04,태블릿,0,0,0
검색,2026-08-02,굿리치몰_치아보험_C04,태블릿,3,0,0
검색,2026-07-31,굿리치몰_암보험_C03,태블릿,0,0,0
검색,2026-08-01,굿리치몰_암보험_C03,태블릿,2,0,0
검색,2026-08-02,굿리치몰_암보험_C03,태블릿,2,0,0
검색,2026-08-03,굿리치몰_암보험_C03,태블릿,3,0,0
검색,2026-07-31,굿리치몰_치매보험_C07,태블릿,1,0,0
검색,2026-08-01,굿리치몰_치매보험_C07,컴퓨터,19,0,0
검색,2026-08-01,굿리치몰_치매보험_C07,태블릿,2,0,0
검색,2026-07-31,굿리치몰_보장분석_C16,휴대전화,9,0,0
검색,2026-08-01,굿리치몰_보장분석_C16,태블릿,0,0,0
검색,2026-08-02,굿리치몰_보장분석_C16,태블릿,1,0,0
검색,2026-08-03,굿리치몰_보장분석_C16,태블릿,2,0,0
검색,2026-08-01,굿리치몰_C01,태블릿,6,0,0
실적 최대화,2026-08-04,실비보험_260420,휴대전화,"94,843","1,155",775003
검색,2026-08-04,굿리치몰_운전자보험_C09,컴퓨터,"1,407",101,480193
검색,2026-08-04,굿리치몰_실비보험_C02,휴대전화,794,40,361608
검색,2026-08-04,굿리치몰_운전자보험_C09,휴대전화,"1,341",73,336995
검색,2026-08-04,굿리치몰_실비보험_C02,컴퓨터,498,18,295121
검색,2026-08-04,굿리치몰_C01,컴퓨터,701,58,271732
검색,2026-08-04,굿리치몰_C01,휴대전화,852,39,241625
검색,2026-08-04,굿리치몰_암보험_C03,휴대전화,248,23,193175
검색,2026-08-04,굿리치몰_암보험_C03,컴퓨터,128,11,190853
검색,2026-08-04,굿리치몰_치아보험_C04,컴퓨터,62,8,56811
검색,2026-08-04,굿리치몰_치아보험_C04,휴대전화,137,9,50194
실적 최대화,2026-08-04,실비보험_260420,태블릿,"2,277",26,20146
검색,2026-08-04,굿리치몰_어린이보험_C06,휴대전화,79,3,20067
검색,2026-08-04,굿리치몰_어린이보험_C06,컴퓨터,51,3,18410
검색,2026-08-04,굿리치몰_치매보험_C07,컴퓨터,33,4,10949
검색,2026-08-04,굿리치몰_보장분석_C16,휴대전화,14,1,6993
검색,2026-08-04,굿리치몰_보장분석_C16,컴퓨터,27,1,6404
검색,2026-08-04,굿리치몰_운전자보험_C09,태블릿,25,1,5116
검색,2026-08-04,굿리치몰_실비보험_C02,태블릿,15,2,4350
검색,2026-08-04,굿리치몰_치매보험_C07,휴대전화,55,2,1068
검색,2026-08-04,굿리치몰_암보험_C03,태블릿,1,0,0
검색,2026-08-04,굿리치몰_C01,태블릿,11,0,0
실적 최대화,2026-08-05,실비보험_260420,휴대전화,"58,164","1,057",1068123
검색,2026-08-05,굿리치몰_운전자보험_C09,휴대전화,"1,477",57,354271
검색,2026-08-05,굿리치몰_운전자보험_C09,컴퓨터,"1,156",68,320340
검색,2026-08-05,굿리치몰_C01,컴퓨터,824,68,308605
검색,2026-08-05,굿리치몰_실비보험_C02,컴퓨터,535,21,295904
검색,2026-08-05,굿리치몰_실비보험_C02,휴대전화,"1,083",37,241279
검색,2026-08-05,굿리치몰_암보험_C03,컴퓨터,174,14,193816
검색,2026-08-05,굿리치몰_C01,휴대전화,804,27,192532
검색,2026-08-05,굿리치몰_암보험_C03,휴대전화,383,34,173204
검색,2026-08-05,굿리치몰_치아보험_C04,컴퓨터,83,8,62407
검색,2026-08-05,굿리치몰_어린이보험_C06,휴대전화,76,6,59644
검색,2026-08-05,굿리치몰_치아보험_C04,휴대전화,132,5,50721
검색,2026-08-05,굿리치몰_어린이보험_C06,컴퓨터,49,4,20859
검색,2026-08-05,굿리치몰_보장분석_C16,컴퓨터,45,2,17598
검색,2026-08-05,굿리치몰_실비보험_C02,태블릿,23,2,13538
검색,2026-08-05,굿리치몰_치아보험_C04,태블릿,4,2,13297
실적 최대화,2026-08-05,실비보험_260420,태블릿,"1,638",14,10585
검색,2026-08-05,굿리치몰_치매보험_C07,휴대전화,47,4,7412
검색,2026-08-05,굿리치몰_치매보험_C07,컴퓨터,34,1,1797
검색,2026-08-05,굿리치몰_암보험_C03,태블릿,3,0,0
검색,2026-08-05,굿리치몰_보장분석_C16,휴대전화,20,0,0
검색,2026-08-05,굿리치몰_C01,태블릿,25,0,0
검색,2026-08-05,굿리치몰_운전자보험_C09,태블릿,32,0,0
실적 최대화,2026-08-06,실비보험_260420,휴대전화,"64,557",997,1071879
검색,2026-08-06,굿리치몰_실비보험_C02,휴대전화,838,46,397501
검색,2026-08-06,굿리치몰_실비보험_C02,컴퓨터,454,25,372249
검색,2026-08-06,굿리치몰_운전자보험_C09,휴대전화,"1,296",69,337296
검색,2026-08-06,굿리치몰_운전자보험_C09,컴퓨터,938,62,294999
검색,2026-08-06,굿리치몰_암보험_C03,컴퓨터,187,12,281743
검색,2026-08-06,굿리치몰_C01,컴퓨터,670,51,256201
검색,2026-08-06,굿리치몰_C01,휴대전화,778,23,157109
검색,2026-08-06,굿리치몰_암보험_C03,휴대전화,311,31,142870
검색,2026-08-06,굿리치몰_치아보험_C04,휴대전화,190,10,71881
검색,2026-08-06,굿리치몰_치아보험_C04,컴퓨터,73,7,58081
검색,2026-08-06,굿리치몰_보장분석_C16,컴퓨터,52,7,46870
검색,2026-08-06,굿리치몰_어린이보험_C06,컴퓨터,52,3,23898
실적 최대화,2026-08-06,실비보험_260420,태블릿,"2,152",15,18802
검색,2026-08-06,굿리치몰_실비보험_C02,태블릿,17,1,16819
검색,2026-08-06,굿리치몰_운전자보험_C09,태블릿,24,2,9132
검색,2026-08-06,굿리치몰_치매보험_C07,휴대전화,60,5,9026
검색,2026-08-06,굿리치몰_어린이보험_C06,휴대전화,55,2,7211
검색,2026-08-06,굿리치몰_치매보험_C07,컴퓨터,23,2,2889
검색,2026-08-06,굿리치몰_암보험_C03,태블릿,4,2,63
검색,2026-08-06,굿리치몰_치아보험_C04,태블릿,9,0,0
검색,2026-08-06,굿리치몰_보장분석_C16,휴대전화,26,0,0
검색,2026-08-06,굿리치몰_C01,태블릿,11,0,0
실적 최대화,2026-08-07,실비보험_260420,휴대전화,"10,543",938,1534166
실적 최대화,2026-08-08,실비보험_260420,휴대전화,"10,163",734,1203334
실적 최대화,2026-08-09,실비보험_260420,휴대전화,"10,448",637,1015089
검색,2026-08-07,굿리치몰_실비보험_C02,휴대전화,"1,077",155,380383
검색,2026-08-07,굿리치몰_실비보험_C02,컴퓨터,455,26,366724
검색,2026-08-07,굿리치몰_운전자보험_C09,휴대전화,"2,096",202,352514
검색,2026-08-08,굿리치몰_실비보험_C02,휴대전화,"1,702",401,324891
검색,2026-08-09,굿리치몰_운전자보험_C09,휴대전화,"1,366",63,317081
검색,2026-08-08,굿리치몰_운전자보험_C09,휴대전화,"1,551",115,315760
검색,2026-08-08,굿리치몰_C01,휴대전화,656,38,288318
검색,2026-08-07,굿리치몰_C01,컴퓨터,682,49,246757
검색,2026-08-09,굿리치몰_실비보험_C02,휴대전화,581,24,243248
검색,2026-08-07,굿리치몰_운전자보험_C09,컴퓨터,895,44,233711
검색,2026-08-09,굿리치몰_운전자보험_C09,컴퓨터,789,47,219522
검색,2026-08-07,굿리치몰_C01,휴대전화,804,40,198338
검색,2026-08-08,굿리치몰_운전자보험_C09,컴퓨터,646,37,178656
검색,2026-08-07,굿리치몰_암보험_C03,컴퓨터,120,9,177226
검색,2026-08-09,굿리치몰_C01,컴퓨터,368,23,156907
검색,2026-08-08,굿리치몰_C01,컴퓨터,374,21,125005
검색,2026-08-08,굿리치몰_실비보험_C02,컴퓨터,192,8,113252
검색,2026-08-09,굿리치몰_실비보험_C02,컴퓨터,209,8,103561
검색,2026-08-09,굿리치몰_암보험_C03,휴대전화,267,10,102603
검색,2026-08-09,굿리치몰_C01,휴대전화,368,14,101039
검색,2026-08-08,굿리치몰_암보험_C03,컴퓨터,54,5,87953
검색,2026-08-08,굿리치몰_암보험_C03,휴대전화,"1,409",52,78647
검색,2026-08-09,굿리치몰_암보험_C03,컴퓨터,44,4,49357
검색,2026-08-07,굿리치몰_보장분석_C16,휴대전화,21,3,41863
검색,2026-08-07,굿리치몰_보장분석_C16,컴퓨터,33,4,33302
검색,2026-08-07,굿리치몰_암보험_C03,휴대전화,260,29,28659
검색,2026-08-07,굿리치몰_치아보험_C04,컴퓨터,78,4,28624
검색,2026-08-08,굿리치몰_치아보험_C04,휴대전화,135,6,28478
검색,2026-08-07,굿리치몰_치아보험_C04,휴대전화,157,4,23849
검색,2026-08-09,굿리치몰_어린이보험_C06,휴대전화,57,2,23023
검색,2026-08-09,굿리치몰_치아보험_C04,컴퓨터,22,3,22899
검색,2026-08-09,굿리치몰_운전자보험_C09,태블릿,32,7,20154
검색,2026-08-07,굿리치몰_어린이보험_C06,컴퓨터,41,2,17902
검색,2026-08-07,굿리치몰_운전자보험_C09,태블릿,36,4,17031
검색,2026-08-08,굿리치몰_치매보험_C07,휴대전화,78,9,15412
검색,2026-08-08,굿리치몰_보장분석_C16,컴퓨터,18,2,12010
검색,2026-08-09,굿리치몰_치아보험_C04,휴대전화,79,2,11388
검색,2026-08-09,굿리치몰_치매보험_C07,컴퓨터,22,2,10647
실적 최대화,2026-08-09,실비보험_260420,태블릿,156,4,9432
검색,2026-08-09,굿리치몰_보장분석_C16,컴퓨터,8,1,8532
검색,2026-08-08,굿리치몰_보장분석_C16,휴대전화,14,2,8512
검색,2026-08-07,굿리치몰_치아보험_C04,태블릿,6,2,7988
검색,2026-08-09,굿리치몰_실비보험_C02,태블릿,9,1,7764
검색,2026-08-09,굿리치몰_어린이보험_C06,컴퓨터,29,1,6363
실적 최대화,2026-08-08,실비보험_260420,태블릿,107,3,5488
검색,2026-08-08,굿리치몰_운전자보험_C09,태블릿,46,5,4165
검색,2026-08-08,굿리치몰_치매보험_C07,컴퓨터,31,2,3974
검색,2026-08-09,굿리치몰_치매보험_C07,휴대전화,68,3,3614
검색,2026-08-08,굿리치몰_치아보험_C04,컴퓨터,28,1,3609
검색,2026-08-08,굿리치몰_어린이보험_C06,휴대전화,45,1,2772
검색,2026-08-07,굿리치몰_실비보험_C02,태블릿,22,1,1872
검색,2026-08-07,굿리치몰_치매보험_C07,휴대전화,66,1,1791
실적 최대화,2026-08-07,실비보험_260420,태블릿,153,1,1286
검색,2026-08-08,굿리치몰_암보험_C03,태블릿,2,1,1056
검색,2026-08-08,굿리치몰_C01,태블릿,16,1,395
검색,2026-08-08,굿리치몰_실비보험_C02,태블릿,29,1,32
검색,2026-08-07,굿리치몰_어린이보험_C06,휴대전화,44,0,0
검색,2026-08-08,굿리치몰_어린이보험_C06,컴퓨터,11,0,0
검색,2026-08-08,굿리치몰_치아보험_C04,태블릿,8,0,0
검색,2026-08-07,굿리치몰_암보험_C03,태블릿,3,0,0
검색,2026-08-09,굿리치몰_암보험_C03,태블릿,1,0,0
검색,2026-08-07,굿리치몰_치매보험_C07,컴퓨터,31,0,0
검색,2026-08-08,굿리치몰_보장분석_C16,태블릿,0,0,0
검색,2026-08-09,굿리치몰_보장분석_C16,휴대전화,11,0,0
검색,2026-08-09,굿리치몰_보장분석_C16,태블릿,2,0,0
검색,2026-08-07,굿리치몰_C01,태블릿,15,0,0
검색,2026-08-09,굿리치몰_C01,태블릿,6,0,0
실적 최대화,2026-08-10,실비보험_260420,휴대전화,"30,107",575,588062
검색,2026-08-10,굿리치몰_운전자보험_C09,휴대전화,"1,461",76,437648
검색,2026-08-10,굿리치몰_실비보험_C02,휴대전화,957,31,367937
검색,2026-08-10,굿리치몰_운전자보험_C09,컴퓨터,"1,034",65,324157
검색,2026-08-10,굿리치몰_실비보험_C02,컴퓨터,501,16,211672
검색,2026-08-10,굿리치몰_암보험_C03,컴퓨터,132,12,205069
검색,2026-08-10,굿리치몰_C01,컴퓨터,599,50,193784
검색,2026-08-10,굿리치몰_C01,휴대전화,724,26,173247
검색,2026-08-10,굿리치몰_암보험_C03,휴대전화,198,11,66580
검색,2026-08-10,굿리치몰_치아보험_C04,컴퓨터,60,8,61792
검색,2026-08-10,굿리치몰_치아보험_C04,휴대전화,132,6,60019
검색,2026-08-10,굿리치몰_어린이보험_C06,컴퓨터,60,2,23678
검색,2026-08-10,굿리치몰_치매보험_C07,휴대전화,74,5,18405
검색,2026-08-10,굿리치몰_어린이보험_C06,휴대전화,85,4,16075
검색,2026-08-10,굿리치몰_보장분석_C16,컴퓨터,47,3,13331
검색,2026-08-10,굿리치몰_C01,태블릿,21,2,12749
실적 최대화,2026-08-10,실비보험_260420,태블릿,586,8,7085
검색,2026-08-10,굿리치몰_운전자보험_C09,태블릿,43,2,5987
검색,2026-08-10,굿리치몰_실비보험_C02,태블릿,27,0,0
검색,2026-08-10,굿리치몰_치아보험_C04,태블릿,0,0,0
검색,2026-08-10,굿리치몰_치매보험_C07,컴퓨터,46,0,0
검색,2026-08-10,굿리치몰_보장분석_C16,휴대전화,26,0,0
검색,2026-08-10,굿리치몰_보장분석_C16,태블릿,2,0,0
실적 최대화,2026-08-11,실비보험_260420,휴대전화,"54,006",829,836164
검색,2026-08-11,굿리치몰_운전자보험_C09,휴대전화,"1,166",65,390868
검색,2026-08-11,굿리치몰_실비보험_C02,휴대전화,931,32,363673
검색,2026-08-11,굿리치몰_실비보험_C02,컴퓨터,586,17,269855
검색,2026-08-11,굿리치몰_암보험_C03,컴퓨터,118,14,253311
검색,2026-08-11,굿리치몰_운전자보험_C09,컴퓨터,989,54,229509
검색,2026-08-11,굿리치몰_C01,컴퓨터,605,52,206643
검색,2026-08-11,굿리치몰_C01,휴대전화,659,21,149327
검색,2026-08-11,굿리치몰_암보험_C03,휴대전화,201,21,127884
검색,2026-08-11,굿리치몰_치아보험_C04,휴대전화,194,9,52206
검색,2026-08-11,굿리치몰_어린이보험_C06,휴대전화,61,5,48744
검색,2026-08-11,굿리치몰_보장분석_C16,컴퓨터,44,6,40586
검색,2026-08-11,굿리치몰_어린이보험_C06,컴퓨터,39,3,24468
검색,2026-08-11,굿리치몰_치매보험_C07,휴대전화,58,2,15287
검색,2026-08-11,굿리치몰_치아보험_C04,컴퓨터,72,2,14011
실적 최대화,2026-08-11,실비보험_260420,태블릿,"1,447",19,11634
검색,2026-08-11,굿리치몰_치매보험_C07,컴퓨터,52,2,10173
검색,2026-08-11,굿리치몰_어린이보험_C06,태블릿,1,0,0
검색,2026-08-11,굿리치몰_실비보험_C02,태블릿,6,0,0
검색,2026-08-11,굿리치몰_치아보험_C04,태블릿,6,0,0
검색,2026-08-11,굿리치몰_암보험_C03,태블릿,2,0,0
검색,2026-08-11,굿리치몰_보장분석_C16,휴대전화,15,0,0
검색,2026-08-11,굿리치몰_보장분석_C16,태블릿,2,0,0
검색,2026-08-11,굿리치몰_C01,태블릿,21,0,0
검색,2026-08-11,굿리치몰_운전자보험_C09,태블릿,23,0,0
실적 최대화,2026-08-12,실비보험_260420,휴대전화,"56,395","1,072",1293335
검색,2026-08-12,굿리치몰_실비보험_C02,휴대전화,924,38,387750
검색,2026-08-12,굿리치몰_운전자보험_C09,휴대전화,"1,613",105,331366
검색,2026-08-12,굿리치몰_실비보험_C02,컴퓨터,391,23,320436
검색,2026-08-12,굿리치몰_암보험_C03,컴퓨터,124,16,298863
검색,2026-08-12,굿리치몰_운전자보험_C09,컴퓨터,883,59,267930
검색,2026-08-12,굿리치몰_C01,컴퓨터,484,41,205041
검색,2026-08-12,굿리치몰_C01,휴대전화,566,20,142610
검색,2026-08-12,굿리치몰_암보험_C03,휴대전화,173,16,133058
검색,2026-08-12,굿리치몰_치아보험_C04,휴대전화,168,5,29440
검색,2026-08-12,굿리치몰_암보험_C03,태블릿,9,2,19099
검색,2026-08-12,굿리치몰_치아보험_C04,컴퓨터,60,2,15848
검색,2026-08-12,굿리치몰_C01,태블릿,22,1,15275
검색,2026-08-12,굿리치몰_어린이보험_C06,컴퓨터,48,1,12753
실적 최대화,2026-08-12,실비보험_260420,태블릿,"1,597",12,11313
검색,2026-08-12,굿리치몰_보장분석_C16,컴퓨터,155,2,10904
검색,2026-08-12,굿리치몰_운전자보험_C09,태블릿,22,2,8414
검색,2026-08-12,굿리치몰_어린이보험_C06,휴대전화,69,1,6111
검색,2026-08-12,굿리치몰_치아보험_C04,태블릿,4,1,4620
검색,2026-08-12,굿리치몰_보장분석_C16,휴대전화,46,1,270
검색,2026-08-12,굿리치몰_실비보험_C02,태블릿,12,0,0
검색,2026-08-12,굿리치몰_치매보험_C07,컴퓨터,28,0,0
검색,2026-08-12,굿리치몰_치매보험_C07,휴대전화,47,0,0
검색,2026-08-12,굿리치몰_보장분석_C16,태블릿,6,0,0
실적 최대화,2026-08-13,실비보험_260420,휴대전화,"79,718","1,083",809354
검색,2026-08-13,굿리치몰_실비보험_C02,휴대전화,767,34,316657
검색,2026-08-13,굿리치몰_운전자보험_C09,휴대전화,"1,573",59,307407
검색,2026-08-13,굿리치몰_운전자보험_C09,컴퓨터,760,63,307041
검색,2026-08-13,굿리치몰_실비보험_C02,컴퓨터,483,24,300929
검색,2026-08-13,굿리치몰_C01,휴대전화,499,32,241006
검색,2026-08-13,굿리치몰_암보험_C03,컴퓨터,125,15,237450
검색,2026-08-13,굿리치몰_C01,컴퓨터,545,50,179490
검색,2026-08-13,굿리치몰_암보험_C03,휴대전화,193,17,156459
검색,2026-08-13,굿리치몰_치아보험_C04,컴퓨터,112,14,96040
검색,2026-08-13,굿리치몰_치아보험_C04,휴대전화,188,8,46131
검색,2026-08-13,굿리치몰_보장분석_C16,컴퓨터,318,4,25500
검색,2026-08-13,굿리치몰_어린이보험_C06,휴대전화,72,5,24841
검색,2026-08-13,굿리치몰_어린이보험_C06,컴퓨터,56,2,22415
검색,2026-08-13,굿리치몰_보장분석_C16,휴대전화,161,4,9162
실적 최대화,2026-08-13,실비보험_260420,태블릿,"3,028",22,8424
검색,2026-08-13,굿리치몰_치매보험_C07,컴퓨터,29,1,8379
검색,2026-08-13,굿리치몰_치매보험_C07,휴대전화,50,3,3714
검색,2026-08-13,굿리치몰_실비보험_C02,태블릿,8,0,0
검색,2026-08-13,굿리치몰_치아보험_C04,태블릿,4,0,0
검색,2026-08-13,굿리치몰_암보험_C03,태블릿,2,0,0
검색,2026-08-13,굿리치몰_C01,태블릿,7,0,0
검색,2026-08-13,굿리치몰_운전자보험_C09,태블릿,14,0,0
실적 최대화,2026-08-15,실비보험_260420,휴대전화,"116,308","1,483",1114390
실적 최대화,2026-08-17,실비보험_260420,휴대전화,"54,918","1,065",1055054
실적 최대화,2026-08-14,실비보험_260420,휴대전화,"129,652","1,476",945967
실적 최대화,2026-08-16,실비보험_260420,휴대전화,"67,749",872,790931
검색,2026-08-17,굿리치몰_운전자보험_C09,휴대전화,"1,703",76,397809
검색,2026-08-15,굿리치몰_실비보험_C02,휴대전화,582,46,354546
검색,2026-08-15,굿리치몰_운전자보험_C09,휴대전화,"2,082",69,321852
검색,2026-08-17,굿리치몰_실비보험_C02,휴대전화,647,33,315754
검색,2026-08-16,굿리치몰_운전자보험_C09,휴대전화,"1,433",46,286265
검색,2026-08-14,굿리치몰_실비보험_C02,컴퓨터,405,20,280875
검색,2026-08-14,굿리치몰_운전자보험_C09,휴대전화,"2,055",82,272107
검색,2026-08-17,굿리치몰_실비보험_C02,컴퓨터,253,19,261542
검색,2026-08-16,굿리치몰_운전자보험_C09,컴퓨터,"1,079",48,256194
검색,2026-08-14,굿리치몰_실비보험_C02,휴대전화,744,31,252297
검색,2026-08-14,굿리치몰_운전자보험_C09,컴퓨터,756,48,232562
검색,2026-08-14,굿리치몰_C01,컴퓨터,471,43,208698
검색,2026-08-17,굿리치몰_운전자보험_C09,컴퓨터,"1,083",44,195130
검색,2026-08-17,굿리치몰_암보험_C03,휴대전화,160,13,173929
검색,2026-08-15,굿리치몰_운전자보험_C09,컴퓨터,550,34,173177
검색,2026-08-16,굿리치몰_실비보험_C02,휴대전화,555,18,172446
검색,2026-08-14,굿리치몰_암보험_C03,컴퓨터,89,9,162946
검색,2026-08-17,굿리치몰_C01,휴대전화,455,21,158222
검색,2026-08-17,굿리치몰_C01,컴퓨터,409,32,145528
검색,2026-08-14,굿리치몰_C01,휴대전화,471,21,144658
검색,2026-08-15,굿리치몰_실비보험_C02,컴퓨터,174,11,138785
검색,2026-08-15,굿리치몰_C01,휴대전화,462,20,136360
검색,2026-08-16,굿리치몰_C01,컴퓨터,286,16,129460
검색,2026-08-14,굿리치몰_암보험_C03,휴대전화,167,15,114371
검색,2026-08-16,굿리치몰_실비보험_C02,컴퓨터,198,8,101552
검색,2026-08-15,굿리치몰_암보험_C03,컴퓨터,66,6,97279
검색,2026-08-16,굿리치몰_C01,휴대전화,436,16,93248
검색,2026-08-15,굿리치몰_C01,컴퓨터,328,14,89759
검색,2026-08-15,굿리치몰_암보험_C03,휴대전화,339,22,62952
검색,2026-08-15,굿리치몰_치아보험_C04,휴대전화,86,8,58480
검색,2026-08-17,굿리치몰_치아보험_C04,휴대전화,128,6,56054
검색,2026-08-14,굿리치몰_치아보험_C04,휴대전화,141,7,54856
검색,2026-08-16,굿리치몰_치아보험_C04,휴대전화,89,8,51221
검색,2026-08-14,굿리치몰_치아보험_C04,컴퓨터,66,5,43311
검색,2026-08-17,굿리치몰_치아보험_C04,컴퓨터,48,5,40528
검색,2026-08-16,굿리치몰_암보험_C03,컴퓨터,68,3,39982
검색,2026-08-16,굿리치몰_암보험_C03,휴대전화,234,7,35799
검색,2026-08-17,굿리치몰_어린이보험_C06,휴대전화,72,3,34121
검색,2026-08-14,굿리치몰_어린이보험_C06,컴퓨터,50,2,27974
검색,2026-08-17,굿리치몰_보장분석_C16,휴대전화,35,3,23909
검색,2026-08-15,굿리치몰_치아보험_C04,컴퓨터,23,3,22126
검색,2026-08-17,굿리치몰_암보험_C03,컴퓨터,66,1,21468
검색,2026-08-14,굿리치몰_실비보험_C02,태블릿,12,2,21422
실적 최대화,2026-08-15,실비보험_260420,태블릿,"3,481",21,21145
실적 최대화,2026-08-14,실비보험_260420,태블릿,"3,622",26,19449
검색,2026-08-16,굿리치몰_운전자보험_C09,태블릿,25,3,18501
검색,2026-08-15,굿리치몰_치매보험_C07,컴퓨터,41,1,12385
검색,2026-08-17,굿리치몰_어린이보험_C06,컴퓨터,27,1,10523
검색,2026-08-15,굿리치몰_치매보험_C07,휴대전화,99,4,10222
검색,2026-08-16,굿리치몰_어린이보험_C06,태블릿,3,1,9489
실적 최대화,2026-08-16,실비보험_260420,태블릿,"2,777",20,9459
검색,2026-08-14,굿리치몰_어린이보험_C06,휴대전화,62,1,9280
실적 최대화,2026-08-17,실비보험_260420,태블릿,"2,138",25,8139
검색,2026-08-14,굿리치몰_운전자보험_C09,태블릿,36,2,7963
검색,2026-08-14,굿리치몰_보장분석_C16,컴퓨터,176,3,7863
검색,2026-08-17,굿리치몰_치매보험_C07,휴대전화,51,2,7124
검색,2026-08-17,굿리치몰_운전자보험_C09,태블릿,38,2,6722
검색,2026-08-16,굿리치몰_어린이보험_C06,컴퓨터,21,1,6714
검색,2026-08-15,굿리치몰_어린이보험_C06,휴대전화,54,1,5649
검색,2026-08-14,굿리치몰_치아보험_C04,태블릿,5,1,4997
검색,2026-08-16,굿리치몰_치매보험_C07,휴대전화,82,5,4955
검색,2026-08-16,굿리치몰_보장분석_C16,컴퓨터,10,1,4774
검색,2026-08-14,굿리치몰_치매보험_C07,휴대전화,81,1,4538
검색,2026-08-14,굿리치몰_치매보험_C07,컴퓨터,47,1,4304
검색,2026-08-16,굿리치몰_어린이보험_C06,휴대전화,60,1,4211
검색,2026-08-14,굿리치몰_보장분석_C16,휴대전화,46,2,3951
검색,2026-08-15,굿리치몰_운전자보험_C09,태블릿,44,1,3721
검색,2026-08-14,굿리치몰_C01,태블릿,13,1,622
검색,2026-08-15,굿리치몰_어린이보험_C06,컴퓨터,7,0,0
검색,2026-08-15,굿리치몰_어린이보험_C06,태블릿,0,0,0
검색,2026-08-17,굿리치몰_어린이보험_C06,태블릿,4,0,0
검색,2026-08-15,굿리치몰_실비보험_C02,태블릿,19,0,0
검색,2026-08-16,굿리치몰_실비보험_C02,태블릿,11,0,0
검색,2026-08-17,굿리치몰_실비보험_C02,태블릿,9,0,0
검색,2026-08-15,굿리치몰_치아보험_C04,태블릿,3,0,0
검색,2026-08-16,굿리치몰_치아보험_C04,컴퓨터,18,0,0
검색,2026-08-16,굿리치몰_치아보험_C04,태블릿,1,0,0
검색,2026-08-14,굿리치몰_암보험_C03,태블릿,0,0,0
검색,2026-08-15,굿리치몰_암보험_C03,태블릿,0,0,0
검색,2026-08-16,굿리치몰_암보험_C03,태블릿,0,0,0
검색,2026-08-17,굿리치몰_암보험_C03,태블릿,1,0,0
검색,2026-08-15,굿리치몰_치매보험_C07,태블릿,1,0,0
검색,2026-08-16,굿리치몰_치매보험_C07,컴퓨터,22,0,0
검색,2026-08-17,굿리치몰_치매보험_C07,컴퓨터,45,0,0
검색,2026-08-15,굿리치몰_보장분석_C16,컴퓨터,9,0,0
검색,2026-08-15,굿리치몰_보장분석_C16,휴대전화,35,0,0
검색,2026-08-15,굿리치몰_보장분석_C16,태블릿,0,0,0
검색,2026-08-16,굿리치몰_보장분석_C16,휴대전화,40,0,0
검색,2026-08-16,굿리치몰_보장분석_C16,태블릿,2,0,0
검색,2026-08-17,굿리치몰_보장분석_C16,컴퓨터,27,0,0
검색,2026-08-17,굿리치몰_보장분석_C16,태블릿,1,0,0
검색,2026-08-15,굿리치몰_C01,태블릿,7,0,0
검색,2026-08-16,굿리치몰_C01,태블릿,13,0,0
검색,2026-08-17,굿리치몰_C01,태블릿,17,0,0
실적 최대화,2026-08-18,실비보험_260420,휴대전화,"55,726",804,918860
검색,2026-08-18,굿리치몰_운전자보험_C09,컴퓨터,"1,206",89,413389
검색,2026-08-18,굿리치몰_운전자보험_C09,휴대전화,"1,929",67,400331
검색,2026-08-18,굿리치몰_실비보험_C02,휴대전화,974,34,399597
검색,2026-08-18,굿리치몰_실비보험_C02,컴퓨터,570,27,390139
검색,2026-08-18,굿리치몰_C01,컴퓨터,759,56,294845
검색,2026-08-18,굿리치몰_암보험_C03,컴퓨터,170,18,283452
검색,2026-08-18,굿리치몰_C01,휴대전화,780,36,281061
검색,2026-08-18,굿리치몰_암보험_C03,휴대전화,240,33,194307
검색,2026-08-18,굿리치몰_치아보험_C04,휴대전화,155,16,107673
검색,2026-08-18,굿리치몰_치아보험_C04,컴퓨터,88,7,83174
검색,2026-08-18,굿리치몰_보장분석_C16,컴퓨터,68,4,40655
검색,2026-08-18,굿리치몰_어린이보험_C06,휴대전화,98,4,18480
검색,2026-08-18,굿리치몰_보장분석_C16,휴대전화,40,3,13005
실적 최대화,2026-08-18,실비보험_260420,태블릿,"1,836",14,12321
검색,2026-08-18,굿리치몰_치매보험_C07,휴대전화,66,4,10032
검색,2026-08-18,굿리치몰_치매보험_C07,컴퓨터,61,1,3908
검색,2026-08-18,굿리치몰_운전자보험_C09,태블릿,31,1,2919
검색,2026-08-18,굿리치몰_어린이보험_C06,컴퓨터,58,0,0
검색,2026-08-18,굿리치몰_어린이보험_C06,태블릿,2,0,0
검색,2026-08-18,굿리치몰_실비보험_C02,태블릿,12,0,0
검색,2026-08-18,굿리치몰_치아보험_C04,태블릿,4,0,0
검색,2026-08-18,굿리치몰_암보험_C03,태블릿,5,0,0
검색,2026-08-18,굿리치몰_C01,태블릿,24,0,0
검색,2026-08-23,굿리치몰_어린이보험_C06,컴퓨터,28,1,4621.461591
검색,2026-08-23,굿리치몰_어린이보험_C06,휴대전화,46,0,0.0
검색,2026-08-23,굿리치몰_어린이보험_C06,태블릿,2,0,0.0
검색,2026-08-23,굿리치몰_실비보험_C02,컴퓨터,270,15,175053.0
검색,2026-08-23,굿리치몰_실비보험_C02,휴대전화,713,39,256643.149692
검색,2026-08-23,굿리치몰_실비보험_C02,태블릿,28,1,4555.0
검색,2026-08-23,굿리치몰_치아보험_C04,컴퓨터,30,1,4707.0
검색,2026-08-23,굿리치몰_치아보험_C04,휴대전화,136,8,35243.961792
검색,2026-08-23,굿리치몰_치아보험_C04,태블릿,4,0,0.0
검색,2026-08-23,굿리치몰_암보험_C03,컴퓨터,63,1,1184.0
검색,2026-08-23,굿리치몰_암보험_C03,휴대전화,639,47,72257.763886
검색,2026-08-23,굿리치몰_암보험_C03,태블릿,5,0,0.0
검색,2026-08-23,굿리치몰_치매보험_C07,컴퓨터,34,2,9677.0
검색,2026-08-23,굿리치몰_치매보험_C07,휴대전화,88,4,5397.0
검색,2026-08-23,굿리치몰_치매보험_C07,태블릿,1,0,0.0
검색,2026-08-23,굿리치몰_보장분석_C16,컴퓨터,13,0,0.0
검색,2026-08-23,굿리치몰_보장분석_C16,휴대전화,18,0,0.0
검색,2026-08-23,굿리치몰_보장분석_C16,태블릿,1,0,0.0
검색,2026-08-23,굿리치몰_C01,컴퓨터,391,21,127287.086188
검색,2026-08-23,굿리치몰_C01,휴대전화,810,29,166195.943912
검색,2026-08-23,굿리치몰_C01,태블릿,21,3,12008.0
검색,2026-08-23,굿리치몰_운전자보험_C09,컴퓨터,872,69,295061.203262
검색,2026-08-23,굿리치몰_운전자보험_C09,휴대전화,1733,91,249396.916414
검색,2026-08-23,굿리치몰_운전자보험_C09,태블릿,20,2,6679.0
실적 최대화,2026-08-23,실비보험_260420,전체,188236,1920,1195060.788968
검색,2026-08-19,굿리치몰_어린이보험_C06,컴퓨터,71,7,46954.0
검색,2026-08-19,굿리치몰_실비보험_C02,컴퓨터,502,22,338718.6128
검색,2026-08-19,굿리치몰_치아보험_C04,컴퓨터,84,6,46892.0
검색,2026-08-19,굿리치몰_암보험_C03,컴퓨터,133,7,167321.0
검색,2026-08-19,굿리치몰_치매보험_C07,컴퓨터,39,2,7150.0
검색,2026-08-19,굿리치몰_보장분석_C16,컴퓨터,55,3,44784.0
검색,2026-08-19,굿리치몰_C01,컴퓨터,570,64,279301.177909
검색,2026-08-19,굿리치몰_운전자보험_C09,컴퓨터,993,83,362449.95552
검색,2026-08-20,굿리치몰_어린이보험_C06,컴퓨터,61,5,31160.0
검색,2026-08-20,굿리치몰_실비보험_C02,컴퓨터,466,16,235450.0
검색,2026-08-20,굿리치몰_치아보험_C04,컴퓨터,119,7,64179.918296
검색,2026-08-20,굿리치몰_암보험_C03,컴퓨터,131,13,263530.0
검색,2026-08-20,굿리치몰_치매보험_C07,컴퓨터,24,0,0.0
검색,2026-08-20,굿리치몰_보장분석_C16,컴퓨터,47,1,6381.0
검색,2026-08-20,굿리치몰_C01,컴퓨터,618,48,265619.0
검색,2026-08-20,굿리치몰_운전자보험_C09,컴퓨터,1037,85,375594.293568
검색,2026-08-21,굿리치몰_어린이보험_C06,컴퓨터,32,0,0.0
검색,2026-08-21,굿리치몰_실비보험_C02,컴퓨터,416,11,180970.0
검색,2026-08-21,굿리치몰_치아보험_C04,컴퓨터,83,5,52614.0
검색,2026-08-21,굿리치몰_암보험_C03,컴퓨터,129,9,179644.0
검색,2026-08-21,굿리치몰_치매보험_C07,컴퓨터,26,0,0.0
검색,2026-08-21,굿리치몰_보장분석_C16,컴퓨터,42,0,0.0
검색,2026-08-21,굿리치몰_C01,컴퓨터,546,50,195313.435966
검색,2026-08-21,굿리치몰_운전자보험_C09,컴퓨터,779,60,299309.0
검색,2026-08-22,굿리치몰_어린이보험_C06,컴퓨터,24,2,15290.0
검색,2026-08-22,굿리치몰_실비보험_C02,컴퓨터,223,11,151330.0
검색,2026-08-22,굿리치몰_치아보험_C04,컴퓨터,32,0,0.0
검색,2026-08-22,굿리치몰_암보험_C03,컴퓨터,51,3,54832.0
검색,2026-08-22,굿리치몰_치매보험_C07,컴퓨터,50,2,10549.0
검색,2026-08-22,굿리치몰_보장분석_C16,컴퓨터,23,2,21444.0
검색,2026-08-22,굿리치몰_C01,컴퓨터,358,15,76369.0
검색,2026-08-22,굿리치몰_운전자보험_C09,컴퓨터,670,45,194366.431404
검색,2026-08-19,굿리치몰_어린이보험_C06,휴대전화,42,1,3291.0
검색,2026-08-19,굿리치몰_실비보험_C02,휴대전화,919,40,370416.354964
검색,2026-08-19,굿리치몰_치아보험_C04,휴대전화,174,5,43686.0
검색,2026-08-19,굿리치몰_암보험_C03,휴대전화,182,22,221912.93718
검색,2026-08-19,굿리치몰_치매보험_C07,휴대전화,47,0,0.0
검색,2026-08-19,굿리치몰_보장분석_C16,휴대전화,44,6,25579.228624
검색,2026-08-19,굿리치몰_C01,휴대전화,627,30,242887.05216
검색,2026-08-19,굿리치몰_운전자보험_C09,휴대전화,1143,62,264409.614492
검색,2026-08-20,굿리치몰_어린이보험_C06,휴대전화,86,4,18598.875904
검색,2026-08-20,굿리치몰_실비보험_C02,휴대전화,971,38,498134.96768
검색,2026-08-20,굿리치몰_치아보험_C04,휴대전화,172,6,57737.0
검색,2026-08-20,굿리치몰_암보험_C03,휴대전화,231,15,159594.038528
검색,2026-08-20,굿리치몰_치매보험_C07,휴대전화,59,2,3221.0
검색,2026-08-20,굿리치몰_보장분석_C16,휴대전화,39,1,8135.0
검색,2026-08-20,굿리치몰_C01,휴대전화,681,38,336280.999936
검색,2026-08-20,굿리치몰_운전자보험_C09,휴대전화,963,47,221673.228928
검색,2026-08-21,굿리치몰_어린이보험_C06,휴대전화,46,1,14296.0
검색,2026-08-21,굿리치몰_실비보험_C02,휴대전화,881,33,526330.61216
검색,2026-08-21,굿리치몰_치아보험_C04,휴대전화,178,8,59712.716779
검색,2026-08-21,굿리치몰_암보험_C03,휴대전화,471,22,247646.006719
검색,2026-08-21,굿리치몰_치매보험_C07,휴대전화,59,1,1733.0
검색,2026-08-21,굿리치몰_보장분석_C16,휴대전화,46,3,17649.0
검색,2026-08-21,굿리치몰_C01,휴대전화,710,30,203402.153664
검색,2026-08-21,굿리치몰_운전자보험_C09,휴대전화,1214,47,276192.933684
검색,2026-08-22,굿리치몰_어린이보험_C06,휴대전화,56,2,13869.0
검색,2026-08-22,굿리치몰_실비보험_C02,휴대전화,721,46,521876.626496
검색,2026-08-22,굿리치몰_치아보험_C04,휴대전화,182,7,64633.0
검색,2026-08-22,굿리치몰_암보험_C03,휴대전화,543,10,60751.382528
검색,2026-08-22,굿리치몰_치매보험_C07,휴대전화,72,5,11486.649792
검색,2026-08-22,굿리치몰_보장분석_C16,휴대전화,41,0,0.0
검색,2026-08-22,굿리치몰_C01,휴대전화,819,21,154564.0
검색,2026-08-22,굿리치몰_운전자보험_C09,휴대전화,1612,69,372850.603328
검색,2026-08-19,굿리치몰_실비보험_C02,태블릿,30,3,24344.0
검색,2026-08-19,굿리치몰_치아보험_C04,태블릿,3,1,4788.0
검색,2026-08-19,굿리치몰_암보험_C03,태블릿,3,0,0.0
검색,2026-08-19,굿리치몰_치매보험_C07,태블릿,2,0,0.0
검색,2026-08-19,굿리치몰_보장분석_C16,태블릿,1,1,1892.6304
검색,2026-08-19,굿리치몰_C01,태블릿,17,0,0.0
검색,2026-08-19,굿리치몰_운전자보험_C09,태블릿,31,1,5878.0
검색,2026-08-20,굿리치몰_실비보험_C02,태블릿,20,0,0.0
검색,2026-08-20,굿리치몰_암보험_C03,태블릿,10,1,32.0
검색,2026-08-20,굿리치몰_치매보험_C07,태블릿,2,0,0.0
검색,2026-08-20,굿리치몰_보장분석_C16,태블릿,2,0,0.0
검색,2026-08-20,굿리치몰_C01,태블릿,20,0,0.0
검색,2026-08-20,굿리치몰_운전자보험_C09,태블릿,61,2,6492.0
검색,2026-08-21,굿리치몰_어린이보험_C06,태블릿,3,0,0.0
검색,2026-08-21,굿리치몰_실비보험_C02,태블릿,15,0,0.0
검색,2026-08-21,굿리치몰_치아보험_C04,태블릿,1,0,0.0
검색,2026-08-21,굿리치몰_암보험_C03,태블릿,5,0,0.0
검색,2026-08-21,굿리치몰_치매보험_C07,태블릿,1,0,0.0
검색,2026-08-21,굿리치몰_보장분석_C16,태블릿,1,0,0.0
검색,2026-08-21,굿리치몰_C01,태블릿,14,0,0.0
검색,2026-08-21,굿리치몰_운전자보험_C09,태블릿,30,2,6559.0
검색,2026-08-22,굿리치몰_어린이보험_C06,태블릿,1,0,0.0
검색,2026-08-22,굿리치몰_실비보험_C02,태블릿,10,1,11005.0
검색,2026-08-22,굿리치몰_치아보험_C04,태블릿,4,0,0.0
검색,2026-08-22,굿리치몰_암보험_C03,태블릿,11,0,0.0
검색,2026-08-22,굿리치몰_치매보험_C07,태블릿,2,0,0.0
검색,2026-08-22,굿리치몰_보장분석_C16,태블릿,3,0,0.0
검색,2026-08-22,굿리치몰_C01,태블릿,15,1,4297.0
검색,2026-08-22,굿리치몰_운전자보험_C09,태블릿,60,2,7663.0
실적 최대화,2026-08-19,실비보험_260420,전체,82484,820,746404.141664
실적 최대화,2026-08-20,실비보험_260420,전체,64062,851,779085.081467
실적 최대화,2026-08-21,실비보험_260420,전체,122707,1227,924779.606137
실적 최대화,2026-08-22,실비보험_260420,전체,154947,1460,1182441.952083
검색,2026-08-24,굿리치몰_어린이보험_C06,컴퓨터,68,3,30332.0
검색,2026-08-24,굿리치몰_어린이보험_C06,휴대전화,93,6,25977.925696
검색,2026-08-24,굿리치몰_어린이보험_C06,태블릿,3,0,0.0
검색,2026-08-24,굿리치몰_실비보험_C02,컴퓨터,613,32,507128.0
검색,2026-08-24,굿리치몰_실비보험_C02,휴대전화,1137,46,599914.422384
검색,2026-08-24,굿리치몰_실비보험_C02,태블릿,13,2,21594.0
검색,2026-08-24,굿리치몰_치아보험_C04,컴퓨터,76,2,19327.0
검색,2026-08-24,굿리치몰_치아보험_C04,휴대전화,244,15,92502.50048
검색,2026-08-24,굿리치몰_치아보험_C04,태블릿,9,3,21467.0
검색,2026-08-24,굿리치몰_암보험_C03,컴퓨터,107,6,121167.0
검색,2026-08-24,굿리치몰_암보험_C03,휴대전화,358,14,189464.498688
검색,2026-08-24,굿리치몰_치매보험_C07,컴퓨터,46,1,3885.0
검색,2026-08-24,굿리치몰_치매보험_C07,휴대전화,66,6,9376.465408
검색,2026-08-24,굿리치몰_치매보험_C07,태블릿,3,2,1867.0
검색,2026-08-24,굿리치몰_보장분석_C16,컴퓨터,92,5,18233.856128
검색,2026-08-24,굿리치몰_보장분석_C16,휴대전화,49,1,7822.0
검색,2026-08-24,굿리치몰_C01,컴퓨터,655,83,421934.788307
검색,2026-08-24,굿리치몰_C01,휴대전화,862,40,312113.945152
검색,2026-08-24,굿리치몰_C01,태블릿,14,2,17539.0
검색,2026-08-24,굿리치몰_운전자보험_C09,컴퓨터,732,70,320613.928926
검색,2026-08-24,굿리치몰_운전자보험_C09,휴대전화,1222,52,283316.245816
검색,2026-08-24,굿리치몰_운전자보험_C09,태블릿,24,1,4512.0
실적 최대화,2026-08-24,실비보험_260420,전체,146767,2244,2063639.096976
검색,2026-08-25,굿리치몰_어린이보험_C06,컴퓨터,63,3,31462.0
검색,2026-08-25,굿리치몰_실비보험_C02,컴퓨터,614,31,445194.8224
검색,2026-08-25,굿리치몰_치아보험_C04,컴퓨터,71,4,28249.0
검색,2026-08-25,굿리치몰_암보험_C03,컴퓨터,138,11,229169.834432
검색,2026-08-25,굿리치몰_치매보험_C07,컴퓨터,38,3,5838.0
검색,2026-08-25,굿리치몰_보장분석_C16,컴퓨터,94,3,11829.384384
검색,2026-08-25,굿리치몰_C01,컴퓨터,662,56,242467.037177
검색,2026-08-25,굿리치몰_운전자보험_C09,컴퓨터,829,60,273897.320096
검색,2026-08-25,굿리치몰_어린이보험_C06,휴대전화,102,3,19776.0
검색,2026-08-25,굿리치몰_실비보험_C02,휴대전화,849,33,359921.7376
검색,2026-08-25,굿리치몰_치아보험_C04,휴대전화,177,8,48777.865744
검색,2026-08-25,굿리치몰_암보험_C03,휴대전화,2289,54,122805.234796
검색,2026-08-25,굿리치몰_치매보험_C07,휴대전화,61,4,8003.0
검색,2026-08-25,굿리치몰_보장분석_C16,휴대전화,36,1,32.36237
검색,2026-08-25,굿리치몰_C01,휴대전화,865,40,266499.223386
검색,2026-08-25,굿리치몰_운전자보험_C09,휴대전화,917,54,283156.442313
검색,2026-08-25,굿리치몰_어린이보험_C06,태블릿,5,0,0.0
검색,2026-08-25,굿리치몰_실비보험_C02,태블릿,20,1,16564.0
검색,2026-08-25,굿리치몰_치아보험_C04,태블릿,2,0,0.0
검색,2026-08-25,굿리치몰_암보험_C03,태블릿,2,1,609.0
검색,2026-08-25,굿리치몰_C01,태블릿,19,2,27075.0
검색,2026-08-25,굿리치몰_운전자보험_C09,태블릿,21,0,0.0
실적 최대화,2026-08-25,실비보험_260420,전체,141180,1723,966666.318408
검색,2026-08-26,굿리치몰_어린이보험_C06,컴퓨터,54,2,12685.0
검색,2026-08-26,굿리치몰_실비보험_C02,컴퓨터,579,27,393346.266309
검색,2026-08-26,굿리치몰_치아보험_C04,컴퓨터,92,3,31883.0
검색,2026-08-26,굿리치몰_암보험_C03,컴퓨터,164,14,251240.472573
검색,2026-08-26,굿리치몰_치매보험_C07,컴퓨터,42,1,10042.0
검색,2026-08-26,굿리치몰_보장분석_C16,컴퓨터,50,3,28196.0
검색,2026-08-26,굿리치몰_C01,컴퓨터,655,50,257109.431413
검색,2026-08-26,굿리치몰_운전자보험_C09,컴퓨터,985,60,274698.56412
검색,2026-08-26,굿리치몰_어린이보험_C06,휴대전화,102,1,10567.0
검색,2026-08-26,굿리치몰_실비보험_C02,휴대전화,976,50,484321.493636
검색,2026-08-26,굿리치몰_치아보험_C04,휴대전화,153,7,51837.0
검색,2026-08-26,굿리치몰_암보험_C03,휴대전화,1194,34,238417.759694
검색,2026-08-26,굿리치몰_치매보험_C07,휴대전화,92,4,4496.097024
검색,2026-08-26,굿리치몰_보장분석_C16,휴대전화,30,0,0.0
검색,2026-08-26,굿리치몰_C01,휴대전화,846,47,205094.357672
검색,2026-08-26,굿리치몰_운전자보험_C09,휴대전화,1026,62,224602.287738
검색,2026-08-26,굿리치몰_실비보험_C02,태블릿,13,0,0.0
검색,2026-08-26,굿리치몰_치아보험_C04,태블릿,4,0,0.0
검색,2026-08-26,굿리치몰_보장분석_C16,태블릿,6,0,0.0
검색,2026-08-26,굿리치몰_C01,태블릿,18,0,0.0
검색,2026-08-26,굿리치몰_운전자보험_C09,태블릿,28,1,3568.0
실적 최대화,2026-08-26,실비보험_260420,전체,90232,1582,1590504.766252
검색,2026-08-27,굿리치몰_어린이보험_C06,컴퓨터,82,6,49114.0
검색,2026-08-27,굿리치몰_실비보험_C02,컴퓨터,518,25,363432.537728
검색,2026-08-27,굿리치몰_치아보험_C04,컴퓨터,73,8,68072.0
검색,2026-08-27,굿리치몰_암보험_C03,컴퓨터,207,6,102969.0
검색,2026-08-27,굿리치몰_치매보험_C07,컴퓨터,45,0,0.0
검색,2026-08-27,굿리치몰_보장분석_C16,컴퓨터,43,1,9052.0
검색,2026-08-27,굿리치몰_C01,컴퓨터,596,56,290114.0
검색,2026-08-27,굿리치몰_운전자보험_C09,컴퓨터,1000,66,321669.736896
검색,2026-08-27,굿리치몰_어린이보험_C06,휴대전화,79,1,7857.0
검색,2026-08-27,굿리치몰_실비보험_C02,휴대전화,1004,56,513543.536632
검색,2026-08-27,굿리치몰_치아보험_C04,휴대전화,284,19,124821.500672
검색,2026-08-27,굿리치몰_암보험_C03,휴대전화,4731,60,194751.463532
검색,2026-08-27,굿리치몰_치매보험_C07,휴대전화,65,2,4424.0
검색,2026-08-27,굿리치몰_보장분석_C16,휴대전화,34,2,4085.0
검색,2026-08-27,굿리치몰_C01,휴대전화,759,41,220924.79214
검색,2026-08-27,굿리치몰_운전자보험_C09,휴대전화,1169,89,165290.893938
검색,2026-08-27,굿리치몰_실비보험_C02,태블릿,8,0,0.0
검색,2026-08-27,굿리치몰_치아보험_C04,태블릿,6,0,0.0
검색,2026-08-27,굿리치몰_암보험_C03,태블릿,5,1,26.536188
검색,2026-08-27,굿리치몰_치매보험_C07,태블릿,2,0,0.0
검색,2026-08-27,굿리치몰_보장분석_C16,태블릿,2,0,0.0
검색,2026-08-27,굿리치몰_C01,태블릿,23,3,30829.0
검색,2026-08-27,굿리치몰_운전자보험_C09,태블릿,26,0,0.0
실적 최대화,2026-08-27,실비보험_260420,전체,157984,1885,1292945.778822
검색,2026-08-28,굿리치몰_어린이보험_C06,컴퓨터,43,1,8549.0
검색,2026-08-28,굿리치몰_어린이보험_C06,휴대전화,120,1,8597.0
검색,2026-08-29,굿리치몰_어린이보험_C06,컴퓨터,19,0,0.0
검색,2026-08-29,굿리치몰_어린이보험_C06,휴대전화,65,2,9674.0
검색,2026-08-29,굿리치몰_어린이보험_C06,태블릿,4,0,0.0
검색,2026-08-30,굿리치몰_어린이보험_C06,컴퓨터,52,5,41871.271872
검색,2026-08-30,굿리치몰_어린이보험_C06,휴대전화,88,3,10405.673344
검색,2026-08-28,굿리치몰_실비보험_C02,컴퓨터,439,24,341099.0
검색,2026-08-28,굿리치몰_실비보험_C02,휴대전화,1018,75,378531.46722
검색,2026-08-28,굿리치몰_실비보험_C02,태블릿,8,1,7579.0
검색,2026-08-29,굿리치몰_실비보험_C02,컴퓨터,238,12,174811.0
검색,2026-08-29,굿리치몰_실비보험_C02,휴대전화,1098,223,348827.12721
검색,2026-08-29,굿리치몰_실비보험_C02,태블릿,16,0,0.0
검색,2026-08-30,굿리치몰_실비보험_C02,컴퓨터,244,13,199582.822852
검색,2026-08-30,굿리치몰_실비보험_C02,휴대전화,716,38,232295.0179
검색,2026-08-30,굿리치몰_실비보험_C02,태블릿,25,2,28910.0
검색,2026-08-28,굿리치몰_치아보험_C04,컴퓨터,56,2,11827.0
검색,2026-08-28,굿리치몰_치아보험_C04,휴대전화,192,9,69065.183808
검색,2026-08-28,굿리치몰_치아보험_C04,태블릿,1,0,0.0
검색,2026-08-29,굿리치몰_치아보험_C04,컴퓨터,43,1,6397.0
검색,2026-08-29,굿리치몰_치아보험_C04,휴대전화,138,6,34983.0
검색,2026-08-29,굿리치몰_치아보험_C04,태블릿,8,0,0.0
검색,2026-08-30,굿리치몰_치아보험_C04,컴퓨터,26,2,17780.0
검색,2026-08-30,굿리치몰_치아보험_C04,휴대전화,111,7,47784.0
검색,2026-08-30,굿리치몰_치아보험_C04,태블릿,2,0,0.0
검색,2026-08-28,굿리치몰_암보험_C03,컴퓨터,243,11,168938.0
검색,2026-08-28,굿리치몰_암보험_C03,휴대전화,10373,65,190031.843352
검색,2026-08-28,굿리치몰_암보험_C03,태블릿,6,0,0.0
검색,2026-08-29,굿리치몰_암보험_C03,컴퓨터,75,8,123882.0
검색,2026-08-29,굿리치몰_암보험_C03,휴대전화,4249,91,99376.046736
검색,2026-08-29,굿리치몰_암보험_C03,태블릿,7,2,269.0
검색,2026-08-30,굿리치몰_암보험_C03,컴퓨터,73,8,138680.0
검색,2026-08-30,굿리치몰_암보험_C03,휴대전화,564,121,125271.644334
검색,2026-08-30,굿리치몰_암보험_C03,태블릿,17,2,8516.0
검색,2026-08-28,굿리치몰_치매보험_C07,컴퓨터,80,5,11050.257984
검색,2026-08-28,굿리치몰_치매보험_C07,휴대전화,256,3,4999.322688
검색,2026-08-28,굿리치몰_치매보험_C07,태블릿,4,1,4478.0
검색,2026-08-29,굿리치몰_치매보험_C07,컴퓨터,106,4,11778.0
검색,2026-08-29,굿리치몰_치매보험_C07,휴대전화,201,3,4144.001664
검색,2026-08-29,굿리치몰_치매보험_C07,태블릿,2,0,0.0
검색,2026-08-30,굿리치몰_치매보험_C07,컴퓨터,122,5,14190.90528
검색,2026-08-30,굿리치몰_치매보험_C07,휴대전화,147,5,19084.768576
검색,2026-08-30,굿리치몰_치매보험_C07,태블릿,1,0,0.0
검색,2026-08-28,굿리치몰_보장분석_C16,컴퓨터,38,3,29190.0
검색,2026-08-28,굿리치몰_보장분석_C16,휴대전화,40,5,5633.169412
검색,2026-08-28,굿리치몰_보장분석_C16,태블릿,2,0,0.0
검색,2026-08-29,굿리치몰_보장분석_C16,컴퓨터,17,0,0.0
검색,2026-08-29,굿리치몰_보장분석_C16,휴대전화,36,0,0.0
검색,2026-08-30,굿리치몰_보장분석_C16,컴퓨터,17,0,0.0
검색,2026-08-30,굿리치몰_보장분석_C16,휴대전화,47,1,3257.0
검색,2026-08-28,굿리치몰_C01,컴퓨터,579,61,330894.443072
검색,2026-08-28,굿리치몰_C01,휴대전화,780,26,172686.754796
검색,2026-08-28,굿리치몰_C01,태블릿,24,0,0.0
검색,2026-08-29,굿리치몰_C01,컴퓨터,507,16,82590.0
검색,2026-08-29,굿리치몰_C01,휴대전화,956,67,363163.649009
검색,2026-08-29,굿리치몰_C01,태블릿,41,1,5914.0
검색,2026-08-30,굿리치몰_C01,컴퓨터,502,31,158932.0
검색,2026-08-30,굿리치몰_C01,휴대전화,899,31,179870.0
검색,2026-08-30,굿리치몰_C01,태블릿,32,0,0.0
검색,2026-08-28,굿리치몰_운전자보험_C09,컴퓨터,575,54,257273.658176
검색,2026-08-28,굿리치몰_운전자보험_C09,휴대전화,847,68,166121.850792
검색,2026-08-28,굿리치몰_운전자보험_C09,태블릿,18,0,0.0
검색,2026-08-29,굿리치몰_운전자보험_C09,컴퓨터,553,44,213621.230592
검색,2026-08-29,굿리치몰_운전자보험_C09,휴대전화,993,113,167531.750354
검색,2026-08-29,굿리치몰_운전자보험_C09,태블릿,15,1,469.0
검색,2026-08-30,굿리치몰_운전자보험_C09,컴퓨터,360,27,157919.80256
검색,2026-08-30,굿리치몰_운전자보험_C09,휴대전화,745,55,209132.156876
검색,2026-08-30,굿리치몰_운전자보험_C09,태블릿,23,3,18301.0
실적 최대화,2026-08-28,실비보험_260420,전체,350760,3018,1264355.63643
실적 최대화,2026-08-29,실비보험_260420,전체,286365,2400,758753.796986
실적 최대화,2026-08-30,실비보험_260420,전체,235708,2055,775431.439133
검색,2026-08-31,굿리치몰_어린이보험_C06,컴퓨터,56,3,29639.0
검색,2026-08-31,굿리치몰_어린이보험_C06,휴대전화,92,4,11550.0
검색,2026-08-31,굿리치몰_어린이보험_C06,태블릿,3,0,0.0
검색,2026-08-31,굿리치몰_실비보험_C02,컴퓨터,585,21,270365.776384
검색,2026-08-31,굿리치몰_실비보험_C02,휴대전화,1062,51,471122.116868
검색,2026-08-31,굿리치몰_실비보험_C02,태블릿,18,1,12178.0
검색,2026-08-31,굿리치몰_치아보험_C04,컴퓨터,109,6,36672.0
검색,2026-08-31,굿리치몰_치아보험_C04,휴대전화,281,26,196754.234176
검색,2026-08-31,굿리치몰_치아보험_C04,태블릿,2,0,0.0
검색,2026-08-31,굿리치몰_암보험_C03,컴퓨터,182,18,277299.073664
검색,2026-08-31,굿리치몰_암보험_C03,휴대전화,2153,38,288649.151216
검색,2026-08-31,굿리치몰_암보험_C03,태블릿,4,1,13823.0
검색,2026-08-31,굿리치몰_치매보험_C07,컴퓨터,55,3,13481.0
검색,2026-08-31,굿리치몰_치매보험_C07,휴대전화,107,10,25602.4768
검색,2026-08-31,굿리치몰_보장분석_C16,컴퓨터,59,0,0.0
검색,2026-08-31,굿리치몰_보장분석_C16,휴대전화,39,0,0.0
검색,2026-08-31,굿리치몰_보장분석_C16,태블릿,15,1,4573.0
검색,2026-08-31,굿리치몰_C01,컴퓨터,713,57,227072.817152
검색,2026-08-31,굿리치몰_C01,휴대전화,1085,34,294890.704576
검색,2026-08-31,굿리치몰_C01,태블릿,34,0,0.0
검색,2026-08-31,굿리치몰_운전자보험_C09,컴퓨터,709,48,253096.918016
검색,2026-08-31,굿리치몰_운전자보험_C09,휴대전화,1014,71,176174.86749
검색,2026-08-31,굿리치몰_운전자보험_C09,태블릿,19,0,0.0
실적 최대화,2026-08-31,실비보험_260420,전체,170167,1545,924844.777677
검색,2026-09-01,굿리치몰_어린이보험_C06,컴퓨터,48,2,13955.0
검색,2026-09-01,굿리치몰_어린이보험_C06,휴대전화,87,1,21.0
검색,2026-09-01,굿리치몰_어린이보험_C06,태블릿,1,0,0.0
검색,2026-09-01,굿리치몰_실비보험_C02,컴퓨터,491,20,252570.0
검색,2026-09-01,굿리치몰_실비보험_C02,휴대전화,1085,80,686431.216864
검색,2026-09-01,굿리치몰_실비보험_C02,태블릿,28,3,15272.56012
검색,2026-09-01,굿리치몰_치아보험_C04,컴퓨터,72,4,25692.0
검색,2026-09-01,굿리치몰_치아보험_C04,휴대전화,253,19,136416.155456
검색,2026-09-01,굿리치몰_치아보험_C04,태블릿,4,0,0.0
검색,2026-09-01,굿리치몰_암보험_C03,컴퓨터,135,12,208863.030912
검색,2026-09-01,굿리치몰_암보험_C03,휴대전화,956,35,133646.560412
검색,2026-09-01,굿리치몰_암보험_C03,태블릿,18,2,2297.040268
검색,2026-09-01,굿리치몰_치매보험_C07,컴퓨터,35,0,0.0
검색,2026-09-01,굿리치몰_치매보험_C07,휴대전화,96,4,15049.32032
검색,2026-09-01,굿리치몰_보장분석_C16,컴퓨터,30,0,0.0
검색,2026-09-01,굿리치몰_보장분석_C16,휴대전화,33,1,9867.200512
검색,2026-09-01,굿리치몰_보장분석_C16,태블릿,2,0,0.0
검색,2026-09-01,굿리치몰_C01,컴퓨터,632,51,263699.0
검색,2026-09-01,굿리치몰_C01,휴대전화,860,37,262106.656256
검색,2026-09-01,굿리치몰_C01,태블릿,24,0,0.0
검색,2026-09-01,굿리치몰_운전자보험_C09,컴퓨터,1281,81,399936.432158
검색,2026-09-01,굿리치몰_운전자보험_C09,휴대전화,1487,81,278025.049048
검색,2026-09-01,굿리치몰_운전자보험_C09,태블릿,53,5,7588.891136
실적 최대화,2026-09-01,실비보험_260420,전체,105334,1153,741269.720512
검색,2026-09-02,굿리치몰_어린이보험_C06,컴퓨터,50,1,8252.0
검색,2026-09-02,굿리치몰_어린이보험_C06,휴대전화,99,2,6531.064704
검색,2026-09-02,굿리치몰_어린이보험_C06,태블릿,6,0,0.0
검색,2026-09-02,굿리치몰_실비보험_C02,컴퓨터,449,17,267737.0
검색,2026-09-02,굿리치몰_실비보험_C02,휴대전화,976,43,423827.366768
검색,2026-09-02,굿리치몰_실비보험_C02,태블릿,18,1,9392.0
검색,2026-09-02,굿리치몰_치아보험_C04,컴퓨터,81,5,43747.72768
검색,2026-09-02,굿리치몰_치아보험_C04,휴대전화,339,28,198895.48768
검색,2026-09-02,굿리치몰_치아보험_C04,태블릿,5,1,3858.0
검색,2026-09-02,굿리치몰_암보험_C03,컴퓨터,162,6,74068.0
검색,2026-09-02,굿리치몰_암보험_C03,휴대전화,1525,38,220504.629833
검색,2026-09-02,굿리치몰_암보험_C03,태블릿,10,1,10965.0
검색,2026-09-02,굿리치몰_치매보험_C07,컴퓨터,41,0,0.0
검색,2026-09-02,굿리치몰_치매보험_C07,휴대전화,92,3,5180.042688
검색,2026-09-02,굿리치몰_치매보험_C07,태블릿,2,0,0.0
검색,2026-09-02,굿리치몰_보장분석_C16,컴퓨터,49,1,10938.0
검색,2026-09-02,굿리치몰_보장분석_C16,휴대전화,32,3,31703.0
검색,2026-09-02,굿리치몰_보장분석_C16,태블릿,1,0,0.0
검색,2026-09-02,굿리치몰_C01,컴퓨터,634,52,225768.842368
검색,2026-09-02,굿리치몰_C01,휴대전화,842,37,289755.982208
검색,2026-09-02,굿리치몰_C01,태블릿,21,1,4768.0
검색,2026-09-02,굿리치몰_운전자보험_C09,컴퓨터,830,53,244067.453952
검색,2026-09-02,굿리치몰_운전자보험_C09,휴대전화,1305,79,392490.588672
검색,2026-09-02,굿리치몰_운전자보험_C09,태블릿,47,6,30471.0
실적 최대화,2026-09-02,실비보험_260420,전체,249114,2787,2116862.247288
